{
"type": "FeatureCollection",
"name": "demo_mas_cercanos",
"crs": { "type": "name", "properties": { "name": "urn:ogc:def:crs:OGC:1.3:CRS84" } },
"features": [
{ "type": "Feature", "properties": { "ent": "04", "entidad": "Campeche", "mun": "04001", "municipio": "Calkiní", "loc": "040010001", "localidad": "Calkiní", "pob": 15949.0 }, "geometry": { "type": "Point", "coordinates": [ -90.050739000190049, 20.371226000357431 ] } },
{ "type": "Feature", "properties": { "ent": "04", "entidad": "Campeche", "mun": "04001", "municipio": "Calkiní", "loc": "040010002", "localidad": "Isla Arena", "pob": 968.0 }, "geometry": { "type": "Point", "coordinates": [ -90.452458999991919, 20.69049900028806 ] } },
{ "type": "Feature", "properties": { "ent": "04", "entidad": "Campeche", "mun": "04001", "municipio": "Calkiní", "loc": "040010003", "localidad": "Bacabchén", "pob": 3128.0 }, "geometry": { "type": "Point", "coordinates": [ -90.055998000057727, 20.288867000133084 ] } },
{ "type": "Feature", "properties": { "ent": "04", "entidad": "Campeche", "mun": "04001", "municipio": "Calkiní", "loc": "040010004", "localidad": "Bécal", "pob": 6801.0 }, "geometry": { "type": "Point", "coordinates": [ -90.028232000213066, 20.442611999899587 ] } },
{ "type": "Feature", "properties": { "ent": "04", "entidad": "Campeche", "mun": "04001", "municipio": "Calkiní", "loc": "040010005", "localidad": "Concepción", "pob": 398.0 }, "geometry": { "type": "Point", "coordinates": [ -90.180664999673994, 20.316657999893351 ] } },
{ "type": "Feature", "properties": { "ent": "04", "entidad": "Campeche", "mun": "04001", "municipio": "Calkiní", "loc": "040010006", "localidad": "San Agustín Chunhuás", "pob": 559.0 }, "geometry": { "type": "Point", "coordinates": [ -90.178441000189522, 20.266481999593427 ] } },
{ "type": "Feature", "properties": { "ent": "04", "entidad": "Campeche", "mun": "04001", "municipio": "Calkiní", "loc": "040010007", "localidad": "Dzitbalché", "pob": 13208.0 }, "geometry": { "type": "Point", "coordinates": [ -90.056827999809528, 20.320740999837938 ] } },
{ "type": "Feature", "properties": { "ent": "04", "entidad": "Campeche", "mun": "04001", "municipio": "Calkiní", "loc": "040010008", "localidad": "Nunkiní", "pob": 6485.0 }, "geometry": { "type": "Point", "coordinates": [ -90.149450999839686, 20.401632999683549 ] } },
{ "type": "Feature", "properties": { "ent": "04", "entidad": "Campeche", "mun": "04001", "municipio": "Calkiní", "loc": "040010009", "localidad": "Pucnachén", "pob": 1031.0 }, "geometry": { "type": "Point", "coordinates": [ -90.219307999741957, 20.365076999833878 ] } },
{ "type": "Feature", "properties": { "ent": "04", "entidad": "Campeche", "mun": "04001", "municipio": "Calkiní", "loc": "040010010", "localidad": "San Antonio Sahcabchén", "pob": 2280.0 }, "geometry": { "type": "Point", "coordinates": [ -90.137537000162027, 20.306576999935206 ] } },
{ "type": "Feature", "properties": { "ent": "04", "entidad": "Campeche", "mun": "04001", "municipio": "Calkiní", "loc": "040010011", "localidad": "San Nicolás", "pob": 403.0 }, "geometry": { "type": "Point", "coordinates": [ -90.235696999558868, 20.437918999525191 ] } },
{ "type": "Feature", "properties": { "ent": "04", "entidad": "Campeche", "mun": "04001", "municipio": "Calkiní", "loc": "040010012", "localidad": "Santa Cruz Ex-Hacienda", "pob": 1421.0 }, "geometry": { "type": "Point", "coordinates": [ -90.240519000091851, 20.397870999638382 ] } },
{ "type": "Feature", "properties": { "ent": "04", "entidad": "Campeche", "mun": "04001", "municipio": "Calkiní", "loc": "040010013", "localidad": "Santa Cruz Pueblo", "pob": 2286.0 }, "geometry": { "type": "Point", "coordinates": [ -90.104048999942222, 20.334408000423625 ] } },
{ "type": "Feature", "properties": { "ent": "04", "entidad": "Campeche", "mun": "04001", "municipio": "Calkiní", "loc": "040010014", "localidad": "Tankuché", "pob": 1228.0 }, "geometry": { "type": "Point", "coordinates": [ -90.242785999948836, 20.507891999921199 ] } },
{ "type": "Feature", "properties": { "ent": "04", "entidad": "Campeche", "mun": "04001", "municipio": "Calkiní", "loc": "040010015", "localidad": "Tepakán", "pob": 2193.0 }, "geometry": { "type": "Point", "coordinates": [ -90.04083599958561, 20.397476000156114 ] } },
{ "type": "Feature", "properties": { "ent": "04", "entidad": "Campeche", "mun": "04001", "municipio": "Calkiní", "loc": "040010016", "localidad": "Santa María", "pob": 261.0 }, "geometry": { "type": "Point", "coordinates": [ -90.245369000401993, 20.372651999834964 ] } },
{ "type": "Feature", "properties": { "ent": "04", "entidad": "Campeche", "mun": "04001", "municipio": "Calkiní", "loc": "040010026", "localidad": "Frente Chuc Say", "pob": 11.0 }, "geometry": { "type": "Point", "coordinates": [ -90.055260999718314, 20.337601000239793 ] } },
{ "type": "Feature", "properties": { "ent": "04", "entidad": "Campeche", "mun": "04001", "municipio": "Calkiní", "loc": "040010073", "localidad": "San Mateo", "pob": 10.0 }, "geometry": { "type": "Point", "coordinates": [ -90.045537999757869, 20.317827999667969 ] } },
{ "type": "Feature", "properties": { "ent": "04", "entidad": "Campeche", "mun": "04001", "municipio": "Calkiní", "loc": "040010134", "localidad": "San Juan", "pob": 17.0 }, "geometry": { "type": "Point", "coordinates": [ -90.044154000077114, 20.324549999749529 ] } },
{ "type": "Feature", "properties": { "ent": "04", "entidad": "Campeche", "mun": "04001", "municipio": "Calkiní", "loc": "040010150", "localidad": "Anexo San Mateo", "pob": 63.0 }, "geometry": { "type": "Point", "coordinates": [ -90.041776000491126, 20.317355999723123 ] } },
{ "type": "Feature", "properties": { "ent": "04", "entidad": "Campeche", "mun": "04001", "municipio": "Calkiní", "loc": "040010155", "localidad": "Colonia Coca-Cola", "pob": 22.0 }, "geometry": { "type": "Point", "coordinates": [ -90.057302999810531, 20.30636399994069 ] } },
{ "type": "Feature", "properties": { "ent": "04", "entidad": "Campeche", "mun": "04001", "municipio": "Calkiní", "loc": "040010201", "localidad": "La Fátima (Cocbilín)", "pob": 25.0 }, "geometry": { "type": "Point", "coordinates": [ -89.859454000141398, 20.127843999607542 ] } },
{ "type": "Feature", "properties": { "ent": "04", "entidad": "Campeche", "mun": "04001", "municipio": "Calkiní", "loc": "040010232", "localidad": "Xkakoch", "pob": 302.0 }, "geometry": { "type": "Point", "coordinates": [ -90.168867999763009, 20.235613000123774 ] } },
{ "type": "Feature", "properties": { "ent": "04", "entidad": "Campeche", "mun": "04001", "municipio": "Calkiní", "loc": "040010233", "localidad": "Yaxhaltún", "pob": 25.0 }, "geometry": { "type": "Point", "coordinates": [ -89.883972000334026, 20.126332000246109 ] } },
{ "type": "Feature", "properties": { "ent": "04", "entidad": "Campeche", "mun": "04001", "municipio": "Calkiní", "loc": "040010310", "localidad": "Colonia Si-Ho", "pob": 16.0 }, "geometry": { "type": "Point", "coordinates": [ -90.066465000143737, 20.370801999895242 ] } },
{ "type": "Feature", "properties": { "ent": "04", "entidad": "Campeche", "mun": "04002", "municipio": "Campeche", "loc": "040020001", "localidad": "San Francisco de Campeche", "pob": 249623.0 }, "geometry": { "type": "Point", "coordinates": [ -90.539649000040413, 19.844814000074987 ] } },
{ "type": "Feature", "properties": { "ent": "04", "entidad": "Campeche", "mun": "04002", "municipio": "Campeche", "loc": "040020068", "localidad": "Uayamón", "pob": 309.0 }, "geometry": { "type": "Point", "coordinates": [ -90.420547000233938, 19.658934999730267 ] } },
{ "type": "Feature", "properties": { "ent": "04", "entidad": "Campeche", "mun": "04002", "municipio": "Campeche", "loc": "040020070", "localidad": "Bethania", "pob": 1280.0 }, "geometry": { "type": "Point", "coordinates": [ -90.365659000373071, 19.908938999863118 ] } },
{ "type": "Feature", "properties": { "ent": "04", "entidad": "Campeche", "mun": "04002", "municipio": "Campeche", "loc": "040020071", "localidad": "San Antonio Bobolá", "pob": 212.0 }, "geometry": { "type": "Point", "coordinates": [ -90.420530999773291, 19.770520999659642 ] } },
{ "type": "Feature", "properties": { "ent": "04", "entidad": "Campeche", "mun": "04002", "municipio": "Campeche", "loc": "040020072", "localidad": "Bolonchén Cahuich", "pob": 326.0 }, "geometry": { "type": "Point", "coordinates": [ -90.205502999771468, 19.442370999782032 ] } },
{ "type": "Feature", "properties": { "ent": "04", "entidad": "Campeche", "mun": "04002", "municipio": "Campeche", "loc": "040020073", "localidad": "Castamay", "pob": 1266.0 }, "geometry": { "type": "Point", "coordinates": [ -90.430432000373813, 19.837023999881467 ] } },
{ "type": "Feature", "properties": { "ent": "04", "entidad": "Campeche", "mun": "04002", "municipio": "Campeche", "loc": "040020075", "localidad": "Chemblás", "pob": 588.0 }, "geometry": { "type": "Point", "coordinates": [ -90.356208000154567, 19.920161999670231 ] } },
{ "type": "Feature", "properties": { "ent": "04", "entidad": "Campeche", "mun": "04002", "municipio": "Campeche", "loc": "040020077", "localidad": "Chiná", "pob": 6295.0 }, "geometry": { "type": "Point", "coordinates": [ -90.495280999771964, 19.769319999539064 ] } },
{ "type": "Feature", "properties": { "ent": "04", "entidad": "Campeche", "mun": "04002", "municipio": "Campeche", "loc": "040020081", "localidad": "Hampolol", "pob": 1221.0 }, "geometry": { "type": "Point", "coordinates": [ -90.387860999991844, 19.926274000162138 ] } },
{ "type": "Feature", "properties": { "ent": "04", "entidad": "Campeche", "mun": "04002", "municipio": "Campeche", "loc": "040020082", "localidad": "Hobomó", "pob": 344.0 }, "geometry": { "type": "Point", "coordinates": [ -90.490470999805382, 19.609005999887415 ] } },
{ "type": "Feature", "properties": { "ent": "04", "entidad": "Campeche", "mun": "04002", "municipio": "Campeche", "loc": "040020086", "localidad": "Imí", "pob": 1651.0 }, "geometry": { "type": "Point", "coordinates": [ -90.473626999869325, 19.875686000248084 ] } },
{ "type": "Feature", "properties": { "ent": "04", "entidad": "Campeche", "mun": "04002", "municipio": "Campeche", "loc": "040020087", "localidad": "Lerma", "pob": 8971.0 }, "geometry": { "type": "Point", "coordinates": [ -90.600702000332419, 19.806181999850278 ] } },
{ "type": "Feature", "properties": { "ent": "04", "entidad": "Campeche", "mun": "04002", "municipio": "Campeche", "loc": "040020089", "localidad": "Mucuychakán", "pob": 197.0 }, "geometry": { "type": "Point", "coordinates": [ -90.462171999741855, 19.687851000366191 ] } },
{ "type": "Feature", "properties": { "ent": "04", "entidad": "Campeche", "mun": "04002", "municipio": "Campeche", "loc": "040020090", "localidad": "Nilchí", "pob": 1076.0 }, "geometry": { "type": "Point", "coordinates": [ -90.270657000364508, 19.845528999597256 ] } },
{ "type": "Feature", "properties": { "ent": "04", "entidad": "Campeche", "mun": "04002", "municipio": "Campeche", "loc": "040020091", "localidad": "Nohakal", "pob": 990.0 }, "geometry": { "type": "Point", "coordinates": [ -90.336410999888116, 19.654931000337893 ] } },
{ "type": "Feature", "properties": { "ent": "04", "entidad": "Campeche", "mun": "04002", "municipio": "Campeche", "loc": "040020092", "localidad": "Uzahzil-Edzná (Nohyaxché)", "pob": 281.0 }, "geometry": { "type": "Point", "coordinates": [ -90.219474999785064, 19.615401000260889 ] } },
{ "type": "Feature", "properties": { "ent": "04", "entidad": "Campeche", "mun": "04002", "municipio": "Campeche", "loc": "040020093", "localidad": "San Agustín Olá", "pob": 197.0 }, "geometry": { "type": "Point", "coordinates": [ -90.522950999697258, 19.712464999778827 ] } },
{ "type": "Feature", "properties": { "ent": "04", "entidad": "Campeche", "mun": "04002", "municipio": "Campeche", "loc": "040020094", "localidad": "Crucero Oxá", "pob": 304.0 }, "geometry": { "type": "Point", "coordinates": [ -90.0773469997212, 19.727863999974186 ] } },
{ "type": "Feature", "properties": { "ent": "04", "entidad": "Campeche", "mun": "04002", "municipio": "Campeche", "loc": "040020096", "localidad": "Pich", "pob": 2055.0 }, "geometry": { "type": "Point", "coordinates": [ -90.118302000012591, 19.486136000045214 ] } },
{ "type": "Feature", "properties": { "ent": "04", "entidad": "Campeche", "mun": "04002", "municipio": "Campeche", "loc": "040020097", "localidad": "Pocyaxum", "pob": 542.0 }, "geometry": { "type": "Point", "coordinates": [ -90.350669999608215, 19.729957000418011 ] } },
{ "type": "Feature", "properties": { "ent": "04", "entidad": "Campeche", "mun": "04002", "municipio": "Campeche", "loc": "040020098", "localidad": "Cayal", "pob": 502.0 }, "geometry": { "type": "Point", "coordinates": [ -90.175024000245614, 19.743239999859792 ] } },
{ "type": "Feature", "properties": { "ent": "04", "entidad": "Campeche", "mun": "04002", "municipio": "Campeche", "loc": "040020100", "localidad": "San Camilo (Chencollí)", "pob": 241.0 }, "geometry": { "type": "Point", "coordinates": [ -90.240628000002474, 19.796900999652205 ] } },
{ "type": "Feature", "properties": { "ent": "04", "entidad": "Campeche", "mun": "04002", "municipio": "Campeche", "loc": "040020101", "localidad": "San Francisco Kobén", "pob": 1292.0 }, "geometry": { "type": "Point", "coordinates": [ -90.417110000146423, 19.91621900011971 ] } },
{ "type": "Feature", "properties": { "ent": "04", "entidad": "Campeche", "mun": "04002", "municipio": "Campeche", "loc": "040020104", "localidad": "Tikinmul", "pob": 2029.0 }, "geometry": { "type": "Point", "coordinates": [ -90.223564999551542, 19.768445000364316 ] } },
{ "type": "Feature", "properties": { "ent": "04", "entidad": "Campeche", "mun": "04002", "municipio": "Campeche", "loc": "040020105", "localidad": "Tixmucuy", "pob": 613.0 }, "geometry": { "type": "Point", "coordinates": [ -90.317132999757007, 19.582342000410474 ] } },
{ "type": "Feature", "properties": { "ent": "04", "entidad": "Campeche", "mun": "04002", "municipio": "Campeche", "loc": "040020110", "localidad": "Alfredo V. Bonfil", "pob": 2416.0 }, "geometry": { "type": "Point", "coordinates": [ -90.180686000389741, 19.528179000194076 ] } },
{ "type": "Feature", "properties": { "ent": "04", "entidad": "Campeche", "mun": "04002", "municipio": "Campeche", "loc": "040020118", "localidad": "Pueblo Nuevo", "pob": 382.0 }, "geometry": { "type": "Point", "coordinates": [ -90.12274299975887, 19.747313999861081 ] } },
{ "type": "Feature", "properties": { "ent": "04", "entidad": "Campeche", "mun": "04002", "municipio": "Campeche", "loc": "040020172", "localidad": "Melchor Ocampo", "pob": 1137.0 }, "geometry": { "type": "Point", "coordinates": [ -90.226348999847545, 19.373268000205037 ] } },
{ "type": "Feature", "properties": { "ent": "04", "entidad": "Campeche", "mun": "04002", "municipio": "Campeche", "loc": "040020178", "localidad": "Ensenada", "pob": 13.0 }, "geometry": { "type": "Point", "coordinates": [ -90.667274000339262, 19.724172000388808 ] } },
{ "type": "Feature", "properties": { "ent": "04", "entidad": "Campeche", "mun": "04002", "municipio": "Campeche", "loc": "040020200", "localidad": "Horticultores de Kobén", "pob": 47.0 }, "geometry": { "type": "Point", "coordinates": [ -90.43078000042037, 19.896699999718997 ] } },
{ "type": "Feature", "properties": { "ent": "04", "entidad": "Campeche", "mun": "04002", "municipio": "Campeche", "loc": "040020249", "localidad": "Miguel Alemán (X-Campéu)", "pob": 73.0 }, "geometry": { "type": "Point", "coordinates": [ -90.39793600033903, 19.796705000231643 ] } },
{ "type": "Feature", "properties": { "ent": "04", "entidad": "Campeche", "mun": "04002", "municipio": "Campeche", "loc": "040020256", "localidad": "La Paz", "pob": 20.0 }, "geometry": { "type": "Point", "coordinates": [ -90.184986000213144, 19.579981999729331 ] } },
{ "type": "Feature", "properties": { "ent": "04", "entidad": "Campeche", "mun": "04002", "municipio": "Campeche", "loc": "040020263", "localidad": "Quetzal Edzná", "pob": 1032.0 }, "geometry": { "type": "Point", "coordinates": [ -90.105476999802164, 19.459093999972964 ] } },
{ "type": "Feature", "properties": { "ent": "04", "entidad": "Campeche", "mun": "04002", "municipio": "Campeche", "loc": "040020264", "localidad": "La Libertad", "pob": 509.0 }, "geometry": { "type": "Point", "coordinates": [ -90.10409800042018, 19.46608100021119 ] } },
{ "type": "Feature", "properties": { "ent": "04", "entidad": "Campeche", "mun": "04002", "municipio": "Campeche", "loc": "040020281", "localidad": "San Luciano", "pob": 395.0 }, "geometry": { "type": "Point", "coordinates": [ -90.013800999842715, 19.498503999996043 ] } },
{ "type": "Feature", "properties": { "ent": "04", "entidad": "Campeche", "mun": "04002", "municipio": "Campeche", "loc": "040020312", "localidad": "Kikab", "pob": 588.0 }, "geometry": { "type": "Point", "coordinates": [ -90.208898000149503, 19.289000000344707 ] } },
{ "type": "Feature", "properties": { "ent": "04", "entidad": "Campeche", "mun": "04002", "municipio": "Campeche", "loc": "040020313", "localidad": "Nuevo Pénjamo", "pob": 143.0 }, "geometry": { "type": "Point", "coordinates": [ -90.210469999590373, 19.309096999826114 ] } },
{ "type": "Feature", "properties": { "ent": "04", "entidad": "Campeche", "mun": "04002", "municipio": "Campeche", "loc": "040020316", "localidad": "Adolfo Ruiz Cortínez", "pob": 427.0 }, "geometry": { "type": "Point", "coordinates": [ -90.359818999691072, 19.476341999711014 ] } },
{ "type": "Feature", "properties": { "ent": "04", "entidad": "Campeche", "mun": "04002", "municipio": "Campeche", "loc": "040020318", "localidad": "San Miguel Allende", "pob": 262.0 }, "geometry": { "type": "Point", "coordinates": [ -89.995649000149882, 19.462405999582543 ] } },
{ "type": "Feature", "properties": { "ent": "04", "entidad": "Campeche", "mun": "04002", "municipio": "Campeche", "loc": "040020326", "localidad": "Mar Azul", "pob": 12.0 }, "geometry": { "type": "Point", "coordinates": [ -90.642778000214093, 19.773333000326655 ] } },
{ "type": "Feature", "properties": { "ent": "04", "entidad": "Campeche", "mun": "04002", "municipio": "Campeche", "loc": "040020329", "localidad": "Club Náutico y Deportivo de Campeche", "pob": 12.0 }, "geometry": { "type": "Point", "coordinates": [ -90.636169999801382, 19.77809599993363 ] } },
{ "type": "Feature", "properties": { "ent": "04", "entidad": "Campeche", "mun": "04002", "municipio": "Campeche", "loc": "040020338", "localidad": "San Francisco Kobén [Centro de Rehabilitación Social]", "pob": 300.0 }, "geometry": { "type": "Point", "coordinates": [ -90.420851999654332, 19.91125199982439 ] } },
{ "type": "Feature", "properties": { "ent": "04", "entidad": "Campeche", "mun": "04002", "municipio": "Campeche", "loc": "040020365", "localidad": "Los Mangos", "pob": 24.0 }, "geometry": { "type": "Point", "coordinates": [ -90.175321999968659, 19.523135999584177 ] } },
{ "type": "Feature", "properties": { "ent": "04", "entidad": "Campeche", "mun": "04002", "municipio": "Campeche", "loc": "040020402", "localidad": "San Francisco Uxmal", "pob": 11.0 }, "geometry": { "type": "Point", "coordinates": [ -90.501691999733708, 19.746755000082704 ] } },
{ "type": "Feature", "properties": { "ent": "04", "entidad": "Campeche", "mun": "04002", "municipio": "Campeche", "loc": "040020411", "localidad": "Grúas Campeche [Depósito de Vehículos]", "pob": 10.0 }, "geometry": { "type": "Point", "coordinates": [ -90.478556000200101, 19.797728999661658 ] } },
{ "type": "Feature", "properties": { "ent": "04", "entidad": "Campeche", "mun": "04002", "municipio": "Campeche", "loc": "040020465", "localidad": "Los Laureles", "pob": 2669.0 }, "geometry": { "type": "Point", "coordinates": [ -89.994701999942791, 19.487717000201428 ] } },
{ "type": "Feature", "properties": { "ent": "04", "entidad": "Campeche", "mun": "04002", "municipio": "Campeche", "loc": "040020466", "localidad": "Guanaceví", "pob": 71.0 }, "geometry": { "type": "Point", "coordinates": [ -90.085501999669617, 19.457610999731482 ] } },
{ "type": "Feature", "properties": { "ent": "04", "entidad": "Campeche", "mun": "04002", "municipio": "Campeche", "loc": "040020501", "localidad": "Nuevo San Antonio Ebulá", "pob": 94.0 }, "geometry": { "type": "Point", "coordinates": [ -90.465847999856919, 19.820310000128366 ] } },
{ "type": "Feature", "properties": { "ent": "04", "entidad": "Campeche", "mun": "04002", "municipio": "Campeche", "loc": "040020520", "localidad": "La Palma", "pob": 11.0 }, "geometry": { "type": "Point", "coordinates": [ -90.510506000079019, 19.736110999906831 ] } },
{ "type": "Feature", "properties": { "ent": "04", "entidad": "Campeche", "mun": "04002", "municipio": "Campeche", "loc": "040020585", "localidad": "Nueva Esperanza", "pob": 14.0 }, "geometry": { "type": "Point", "coordinates": [ -90.269488999851916, 19.794850000422116 ] } },
{ "type": "Feature", "properties": { "ent": "04", "entidad": "Campeche", "mun": "04002", "municipio": "Campeche", "loc": "040020711", "localidad": "Carlos Cano Cruz (Los Tlaxcaltecas)", "pob": 226.0 }, "geometry": { "type": "Point", "coordinates": [ -89.886793999570642, 19.369013999860435 ] } },
{ "type": "Feature", "properties": { "ent": "04", "entidad": "Campeche", "mun": "04002", "municipio": "Campeche", "loc": "040020840", "localidad": "Sierra Verde de Cayal", "pob": 169.0 }, "geometry": { "type": "Point", "coordinates": [ -90.159989000211027, 19.653709000410821 ] } },
{ "type": "Feature", "properties": { "ent": "04", "entidad": "Campeche", "mun": "04002", "municipio": "Campeche", "loc": "040020844", "localidad": "Nueva Esperanza", "pob": 118.0 }, "geometry": { "type": "Point", "coordinates": [ -89.996868999626926, 19.583252000119604 ] } },
{ "type": "Feature", "properties": { "ent": "04", "entidad": "Campeche", "mun": "04002", "municipio": "Campeche", "loc": "040020875", "localidad": "San Francisco", "pob": 23.0 }, "geometry": { "type": "Point", "coordinates": [ -90.500343999771871, 19.745899000042879 ] } },
{ "type": "Feature", "properties": { "ent": "04", "entidad": "Campeche", "mun": "04002", "municipio": "Campeche", "loc": "040020933", "localidad": "El Monasterio", "pob": 29.0 }, "geometry": { "type": "Point", "coordinates": [ -90.421596999817126, 19.693055999585347 ] } },
{ "type": "Feature", "properties": { "ent": "04", "entidad": "Campeche", "mun": "04002", "municipio": "Campeche", "loc": "040020952", "localidad": "Piedras Verdes", "pob": 12.0 }, "geometry": { "type": "Point", "coordinates": [ -90.520195000421992, 19.749251999723665 ] } },
{ "type": "Feature", "properties": { "ent": "04", "entidad": "Campeche", "mun": "04002", "municipio": "Campeche", "loc": "040020954", "localidad": "San Judas Tadeo", "pob": 11.0 }, "geometry": { "type": "Point", "coordinates": [ -90.375947999853864, 19.741437999763455 ] } },
{ "type": "Feature", "properties": { "ent": "04", "entidad": "Campeche", "mun": "04002", "municipio": "Campeche", "loc": "040020960", "localidad": "Seet Ka'an (Rincón del Cielo)", "pob": 12.0 }, "geometry": { "type": "Point", "coordinates": [ -90.466153999945732, 19.831717999751966 ] } },
{ "type": "Feature", "properties": { "ent": "04", "entidad": "Campeche", "mun": "04004", "municipio": "Champotón", "loc": "040040003", "localidad": "López Mateos (La Desconfianza)", "pob": 467.0 }, "geometry": { "type": "Point", "coordinates": [ -90.564729000359577, 19.193471999954411 ] } },
{ "type": "Feature", "properties": { "ent": "04", "entidad": "Campeche", "mun": "04004", "municipio": "Champotón", "loc": "040040004", "localidad": "Arellano", "pob": 598.0 }, "geometry": { "type": "Point", "coordinates": [ -90.463482999587455, 19.377470999577756 ] } },
{ "type": "Feature", "properties": { "ent": "04", "entidad": "Campeche", "mun": "04004", "municipio": "Champotón", "loc": "040040005", "localidad": "Canasayab", "pob": 234.0 }, "geometry": { "type": "Point", "coordinates": [ -90.568640999911821, 19.296993000442459 ] } },
{ "type": "Feature", "properties": { "ent": "04", "entidad": "Campeche", "mun": "04004", "municipio": "Champotón", "loc": "040040014", "localidad": "Hool", "pob": 1221.0 }, "geometry": { "type": "Point", "coordinates": [ -90.445088000406486, 19.513710999808868 ] } },
{ "type": "Feature", "properties": { "ent": "04", "entidad": "Campeche", "mun": "04004", "municipio": "Champotón", "loc": "040040016", "localidad": "La Joya", "pob": 1192.0 }, "geometry": { "type": "Point", "coordinates": [ -90.675242999850923, 19.482975999880715 ] } },
{ "type": "Feature", "properties": { "ent": "04", "entidad": "Campeche", "mun": "04004", "municipio": "Champotón", "loc": "040040017", "localidad": "Ciudad del Sol", "pob": 696.0 }, "geometry": { "type": "Point", "coordinates": [ -90.702708999895435, 19.478347000040745 ] } },
{ "type": "Feature", "properties": { "ent": "04", "entidad": "Campeche", "mun": "04004", "municipio": "Champotón", "loc": "040040019", "localidad": "Moquel", "pob": 705.0 }, "geometry": { "type": "Point", "coordinates": [ -90.673686000094492, 19.35289799991882 ] } },
{ "type": "Feature", "properties": { "ent": "04", "entidad": "Campeche", "mun": "04004", "municipio": "Champotón", "loc": "040040021", "localidad": "La Noria", "pob": 167.0 }, "geometry": { "type": "Point", "coordinates": [ -90.663384000270781, 19.481874000183172 ] } },
{ "type": "Feature", "properties": { "ent": "04", "entidad": "Campeche", "mun": "04004", "municipio": "Champotón", "loc": "040040027", "localidad": "Pustunich", "pob": 725.0 }, "geometry": { "type": "Point", "coordinates": [ -90.479426000065189, 19.145315999795162 ] } },
{ "type": "Feature", "properties": { "ent": "04", "entidad": "Campeche", "mun": "04004", "municipio": "Champotón", "loc": "040040033", "localidad": "San Juan Carpizo", "pob": 385.0 }, "geometry": { "type": "Point", "coordinates": [ -90.469249999833366, 19.300732999889199 ] } },
{ "type": "Feature", "properties": { "ent": "04", "entidad": "Campeche", "mun": "04004", "municipio": "Champotón", "loc": "040040036", "localidad": "Sihochac", "pob": 2756.0 }, "geometry": { "type": "Point", "coordinates": [ -90.584350000174325, 19.500454000358463 ] } },
{ "type": "Feature", "properties": { "ent": "04", "entidad": "Campeche", "mun": "04004", "municipio": "Champotón", "loc": "040040038", "localidad": "Santa Cruz de Rovira", "pob": 131.0 }, "geometry": { "type": "Point", "coordinates": [ -90.406610999852617, 19.408406999843262 ] } },
{ "type": "Feature", "properties": { "ent": "04", "entidad": "Campeche", "mun": "04004", "municipio": "Champotón", "loc": "040040044", "localidad": "Villa de Guadalupe", "pob": 427.0 }, "geometry": { "type": "Point", "coordinates": [ -90.46101399987775, 19.269519999563261 ] } },
{ "type": "Feature", "properties": { "ent": "04", "entidad": "Campeche", "mun": "04004", "municipio": "Champotón", "loc": "040040050", "localidad": "San Antonio Yacasay", "pob": 502.0 }, "geometry": { "type": "Point", "coordinates": [ -90.395295999667383, 19.145834999668825 ] } },
{ "type": "Feature", "properties": { "ent": "04", "entidad": "Campeche", "mun": "04004", "municipio": "Champotón", "loc": "040040051", "localidad": "Yohaltún", "pob": 666.0 }, "geometry": { "type": "Point", "coordinates": [ -90.313718999533222, 19.011091999875291 ] } },
{ "type": "Feature", "properties": { "ent": "04", "entidad": "Campeche", "mun": "04004", "municipio": "Champotón", "loc": "040040052", "localidad": "El Zapote", "pob": 225.0 }, "geometry": { "type": "Point", "coordinates": [ -90.612979000009105, 19.286589000375038 ] } },
{ "type": "Feature", "properties": { "ent": "04", "entidad": "Campeche", "mun": "04004", "municipio": "Champotón", "loc": "040040062", "localidad": "San José Carpizo Uno (San Fernando)", "pob": 355.0 }, "geometry": { "type": "Point", "coordinates": [ -90.511998000372202, 19.40660000041823 ] } },
{ "type": "Feature", "properties": { "ent": "04", "entidad": "Campeche", "mun": "04004", "municipio": "Champotón", "loc": "040040063", "localidad": "San José Carpizo Dos", "pob": 297.0 }, "geometry": { "type": "Point", "coordinates": [ -90.577440999676199, 19.395281999614873 ] } },
{ "type": "Feature", "properties": { "ent": "04", "entidad": "Campeche", "mun": "04004", "municipio": "Champotón", "loc": "040040082", "localidad": "Ulumal", "pob": 783.0 }, "geometry": { "type": "Point", "coordinates": [ -90.623000999846468, 19.272996000271142 ] } },
{ "type": "Feature", "properties": { "ent": "04", "entidad": "Campeche", "mun": "04004", "municipio": "Champotón", "loc": "040040089", "localidad": "Chac Chaito", "pob": 345.0 }, "geometry": { "type": "Point", "coordinates": [ -90.40779999962939, 19.051540999703981 ] } },
{ "type": "Feature", "properties": { "ent": "04", "entidad": "Campeche", "mun": "04004", "municipio": "Champotón", "loc": "040040115", "localidad": "Ah-Kim-Pech", "pob": 197.0 }, "geometry": { "type": "Point", "coordinates": [ -90.24354299976784, 18.999016000423406 ] } },
{ "type": "Feature", "properties": { "ent": "04", "entidad": "Campeche", "mun": "04004", "municipio": "Champotón", "loc": "040040125", "localidad": "Buenaventura", "pob": 174.0 }, "geometry": { "type": "Point", "coordinates": [ -90.270667999888573, 19.155990999782727 ] } },
{ "type": "Feature", "properties": { "ent": "04", "entidad": "Campeche", "mun": "04004", "municipio": "Champotón", "loc": "040040130", "localidad": "Cañaveral", "pob": 333.0 }, "geometry": { "type": "Point", "coordinates": [ -90.46686900030501, 19.216697999643486 ] } },
{ "type": "Feature", "properties": { "ent": "04", "entidad": "Campeche", "mun": "04004", "municipio": "Champotón", "loc": "040040140", "localidad": "Chilam Balam", "pob": 196.0 }, "geometry": { "type": "Point", "coordinates": [ -90.248474999887122, 19.001722000264134 ] } },
{ "type": "Feature", "properties": { "ent": "04", "entidad": "Campeche", "mun": "04004", "municipio": "Champotón", "loc": "040040191", "localidad": "Maya Tecún I", "pob": 1344.0 }, "geometry": { "type": "Point", "coordinates": [ -90.506112999596908, 19.153145000233355 ] } },
{ "type": "Feature", "properties": { "ent": "04", "entidad": "Campeche", "mun": "04004", "municipio": "Champotón", "loc": "040040192", "localidad": "Maya Tecún II", "pob": 1022.0 }, "geometry": { "type": "Point", "coordinates": [ -90.506599000045171, 19.16488200017498 ] } },
{ "type": "Feature", "properties": { "ent": "04", "entidad": "Campeche", "mun": "04004", "municipio": "Champotón", "loc": "040040195", "localidad": "Kukulkán", "pob": 153.0 }, "geometry": { "type": "Point", "coordinates": [ -90.247266000472408, 19.000300999834764 ] } },
{ "type": "Feature", "properties": { "ent": "04", "entidad": "Campeche", "mun": "04004", "municipio": "Champotón", "loc": "040040218", "localidad": "Nayarit Castellot", "pob": 373.0 }, "geometry": { "type": "Point", "coordinates": [ -90.250332000507953, 19.224455999614815 ] } },
{ "type": "Feature", "properties": { "ent": "04", "entidad": "Campeche", "mun": "04004", "municipio": "Champotón", "loc": "040040220", "localidad": "López Portillo Número 2", "pob": 125.0 }, "geometry": { "type": "Point", "coordinates": [ -90.254317999639184, 19.236171000415766 ] } },
{ "type": "Feature", "properties": { "ent": "04", "entidad": "Campeche", "mun": "04004", "municipio": "Champotón", "loc": "040040233", "localidad": "El Porvenir", "pob": 410.0 }, "geometry": { "type": "Point", "coordinates": [ -90.666620999881061, 19.464062999955491 ] } },
{ "type": "Feature", "properties": { "ent": "04", "entidad": "Campeche", "mun": "04004", "municipio": "Champotón", "loc": "040040243", "localidad": "San Antonio del Río", "pob": 197.0 }, "geometry": { "type": "Point", "coordinates": [ -90.554166999695056, 19.321943999811491 ] } },
{ "type": "Feature", "properties": { "ent": "04", "entidad": "Campeche", "mun": "04004", "municipio": "Champotón", "loc": "040040256", "localidad": "San Miguel", "pob": 139.0 }, "geometry": { "type": "Point", "coordinates": [ -90.466025000188736, 19.30275600037761 ] } },
{ "type": "Feature", "properties": { "ent": "04", "entidad": "Campeche", "mun": "04004", "municipio": "Champotón", "loc": "040040432", "localidad": "Carrillo Puerto", "pob": 2934.0 }, "geometry": { "type": "Point", "coordinates": [ -90.523611000062388, 19.093056000034192 ] } },
{ "type": "Feature", "properties": { "ent": "04", "entidad": "Campeche", "mun": "04004", "municipio": "Champotón", "loc": "040040564", "localidad": "Santo Domingo Kesté", "pob": 4461.0 }, "geometry": { "type": "Point", "coordinates": [ -90.512188000006361, 19.499773000274008 ] } },
{ "type": "Feature", "properties": { "ent": "04", "entidad": "Campeche", "mun": "04004", "municipio": "Champotón", "loc": "040040637", "localidad": "Coronel Ortiz Ávila", "pob": 98.0 }, "geometry": { "type": "Point", "coordinates": [ -90.36490500015357, 19.218656999602199 ] } },
{ "type": "Feature", "properties": { "ent": "04", "entidad": "Campeche", "mun": "04004", "municipio": "Champotón", "loc": "040040642", "localidad": "Valle de Quetzalcóatl", "pob": 201.0 }, "geometry": { "type": "Point", "coordinates": [ -90.24214100023201, 19.224096999576663 ] } },
{ "type": "Feature", "properties": { "ent": "04", "entidad": "Campeche", "mun": "04004", "municipio": "Champotón", "loc": "040041614", "localidad": "Carlos Salinas de Gortari", "pob": 316.0 }, "geometry": { "type": "Point", "coordinates": [ -90.266170999853415, 19.15092500005164 ] } },
{ "type": "Feature", "properties": { "ent": "04", "entidad": "Campeche", "mun": "04004", "municipio": "Champotón", "loc": "040041618", "localidad": "Moch Cohuó", "pob": 114.0 }, "geometry": { "type": "Point", "coordinates": [ -90.249677999742048, 19.000497999721809 ] } },
{ "type": "Feature", "properties": { "ent": "04", "entidad": "Campeche", "mun": "04004", "municipio": "Champotón", "loc": "040041701", "localidad": "Dzitbalché Castellot", "pob": 216.0 }, "geometry": { "type": "Point", "coordinates": [ -90.262286999699299, 19.152095999907775 ] } },
{ "type": "Feature", "properties": { "ent": "04", "entidad": "Campeche", "mun": "04004", "municipio": "Champotón", "loc": "040041763", "localidad": "Ignacio López Rayón", "pob": 233.0 }, "geometry": { "type": "Point", "coordinates": [ -90.244430999808344, 19.003056000149172 ] } },
{ "type": "Feature", "properties": { "ent": "04", "entidad": "Campeche", "mun": "04004", "municipio": "Champotón", "loc": "040041764", "localidad": "La Providencia", "pob": 84.0 }, "geometry": { "type": "Point", "coordinates": [ -90.243056000034656, 18.995556000198206 ] } },
{ "type": "Feature", "properties": { "ent": "04", "entidad": "Campeche", "mun": "04004", "municipio": "Champotón", "loc": "040041765", "localidad": "Miguel Allende", "pob": 166.0 }, "geometry": { "type": "Point", "coordinates": [ -90.309958999990101, 19.010959999738876 ] } },
{ "type": "Feature", "properties": { "ent": "04", "entidad": "Campeche", "mun": "04004", "municipio": "Champotón", "loc": "040041766", "localidad": "Nuevo Paraíso [Módulo]", "pob": 211.0 }, "geometry": { "type": "Point", "coordinates": [ -90.318327999960857, 19.016238999925221 ] } },
{ "type": "Feature", "properties": { "ent": "04", "entidad": "Campeche", "mun": "04004", "municipio": "Champotón", "loc": "040042157", "localidad": "Nuevo Michoacán", "pob": 61.0 }, "geometry": { "type": "Point", "coordinates": [ -90.311445999859387, 19.429208000037409 ] } },
{ "type": "Feature", "properties": { "ent": "04", "entidad": "Campeche", "mun": "04004", "municipio": "Champotón", "loc": "040042508", "localidad": "Ninguno [Rancho]", "pob": 12.0 }, "geometry": { "type": "Point", "coordinates": [ -90.371559000481781, 19.223741999785712 ] } },
{ "type": "Feature", "properties": { "ent": "04", "entidad": "Campeche", "mun": "04005", "municipio": "Hecelchakán", "loc": "040050001", "localidad": "Hecelchakán", "pob": 11419.0 }, "geometry": { "type": "Point", "coordinates": [ -90.134517000001239, 20.1769659998313 ] } },
{ "type": "Feature", "properties": { "ent": "04", "entidad": "Campeche", "mun": "04005", "municipio": "Hecelchakán", "loc": "040050002", "localidad": "Cumpich", "pob": 1814.0 }, "geometry": { "type": "Point", "coordinates": [ -89.96995899967213, 20.187050000331269 ] } },
{ "type": "Feature", "properties": { "ent": "04", "entidad": "Campeche", "mun": "04005", "municipio": "Hecelchakán", "loc": "040050003", "localidad": "Chunkanán", "pob": 1100.0 }, "geometry": { "type": "Point", "coordinates": [ -90.242382000490778, 20.246073999785569 ] } },
{ "type": "Feature", "properties": { "ent": "04", "entidad": "Campeche", "mun": "04005", "municipio": "Hecelchakán", "loc": "040050004", "localidad": "Dzitnup", "pob": 1050.0 }, "geometry": { "type": "Point", "coordinates": [ -90.107408000040536, 20.186019000281878 ] } },
{ "type": "Feature", "properties": { "ent": "04", "entidad": "Campeche", "mun": "04005", "municipio": "Hecelchakán", "loc": "040050005", "localidad": "Nohalal", "pob": 600.0 }, "geometry": { "type": "Point", "coordinates": [ -89.909113000026395, 20.105650000039613 ] } },
{ "type": "Feature", "properties": { "ent": "04", "entidad": "Campeche", "mun": "04005", "municipio": "Hecelchakán", "loc": "040050006", "localidad": "Pocboc", "pob": 1825.0 }, "geometry": { "type": "Point", "coordinates": [ -90.102766999545238, 20.237848000265046 ] } },
{ "type": "Feature", "properties": { "ent": "04", "entidad": "Campeche", "mun": "04005", "municipio": "Hecelchakán", "loc": "040050007", "localidad": "Pomuch", "pob": 9607.0 }, "geometry": { "type": "Point", "coordinates": [ -90.175205999846952, 20.137711000418207 ] } },
{ "type": "Feature", "properties": { "ent": "04", "entidad": "Campeche", "mun": "04005", "municipio": "Hecelchakán", "loc": "040050008", "localidad": "Santa Cruz", "pob": 1297.0 }, "geometry": { "type": "Point", "coordinates": [ -90.11707300039869, 20.203672000132048 ] } },
{ "type": "Feature", "properties": { "ent": "04", "entidad": "Campeche", "mun": "04005", "municipio": "Hecelchakán", "loc": "040050009", "localidad": "Zodzil", "pob": 499.0 }, "geometry": { "type": "Point", "coordinates": [ -90.228781000169249, 20.167551000032688 ] } },
{ "type": "Feature", "properties": { "ent": "04", "entidad": "Campeche", "mun": "04005", "municipio": "Hecelchakán", "loc": "040050011", "localidad": "Dzotchén", "pob": 280.0 }, "geometry": { "type": "Point", "coordinates": [ -89.973495000429011, 20.205930999767876 ] } },
{ "type": "Feature", "properties": { "ent": "04", "entidad": "Campeche", "mun": "04005", "municipio": "Hecelchakán", "loc": "040050028", "localidad": "Montebello", "pob": 305.0 }, "geometry": { "type": "Point", "coordinates": [ -89.960952999601673, 19.951792000167835 ] } },
{ "type": "Feature", "properties": { "ent": "04", "entidad": "Campeche", "mun": "04005", "municipio": "Hecelchakán", "loc": "040050045", "localidad": "Yalnón [Campo Menonita]", "pob": 1359.0 }, "geometry": { "type": "Point", "coordinates": [ -89.923774000284041, 20.037500999717363 ] } },
{ "type": "Feature", "properties": { "ent": "04", "entidad": "Campeche", "mun": "04005", "municipio": "Hecelchakán", "loc": "040050046", "localidad": "Chaví Número Uno [Campo Menonita]", "pob": 93.0 }, "geometry": { "type": "Point", "coordinates": [ -89.984664999809681, 19.976802000194617 ] } },
{ "type": "Feature", "properties": { "ent": "04", "entidad": "Campeche", "mun": "04005", "municipio": "Hecelchakán", "loc": "040050065", "localidad": "Blanca Flor", "pob": 398.0 }, "geometry": { "type": "Point", "coordinates": [ -90.03761099991786, 20.194926000046824 ] } },
{ "type": "Feature", "properties": { "ent": "04", "entidad": "Campeche", "mun": "04005", "municipio": "Hecelchakán", "loc": "040050092", "localidad": "Chaví Número Dos [Campo Menonita]", "pob": 128.0 }, "geometry": { "type": "Point", "coordinates": [ -89.998098999884547, 19.964876999879568 ] } },
{ "type": "Feature", "properties": { "ent": "04", "entidad": "Campeche", "mun": "04005", "municipio": "Hecelchakán", "loc": "040050103", "localidad": "San Juan de la Gorra", "pob": 14.0 }, "geometry": { "type": "Point", "coordinates": [ -90.05347499987829, 20.008007999587058 ] } },
{ "type": "Feature", "properties": { "ent": "04", "entidad": "Campeche", "mun": "04005", "municipio": "Hecelchakán", "loc": "040050124", "localidad": "Campo Menonita Yalnón Número Nueve", "pob": 80.0 }, "geometry": { "type": "Point", "coordinates": [ -89.970626999770985, 19.919158999748788 ] } },
{ "type": "Feature", "properties": { "ent": "04", "entidad": "Campeche", "mun": "04005", "municipio": "Hecelchakán", "loc": "040050125", "localidad": "Crucero de los Cedros", "pob": 19.0 }, "geometry": { "type": "Point", "coordinates": [ -89.981982999948144, 19.983303999592184 ] } },
{ "type": "Feature", "properties": { "ent": "04", "entidad": "Campeche", "mun": "04006", "municipio": "Hopelchén", "loc": "040060001", "localidad": "Hopelchén", "pob": 8048.0 }, "geometry": { "type": "Point", "coordinates": [ -89.84504399987992, 19.745547999706421 ] } },
{ "type": "Feature", "properties": { "ent": "04", "entidad": "Campeche", "mun": "04006", "municipio": "Hopelchén", "loc": "040060002", "localidad": "Becanchén", "pob": 1113.0 }, "geometry": { "type": "Point", "coordinates": [ -89.871368000278665, 19.651310000290955 ] } },
{ "type": "Feature", "properties": { "ent": "04", "entidad": "Campeche", "mun": "04006", "municipio": "Hopelchén", "loc": "040060003", "localidad": "Bolonchén de Rejón", "pob": 4234.0 }, "geometry": { "type": "Point", "coordinates": [ -89.748053000062967, 20.004344000181284 ] } },
{ "type": "Feature", "properties": { "ent": "04", "entidad": "Campeche", "mun": "04006", "municipio": "Hopelchén", "loc": "040060006", "localidad": "Crucero San Luis", "pob": 671.0 }, "geometry": { "type": "Point", "coordinates": [ -89.990220999841114, 19.699362000301051 ] } },
{ "type": "Feature", "properties": { "ent": "04", "entidad": "Campeche", "mun": "04006", "municipio": "Hopelchén", "loc": "040060007", "localidad": "Chan-Chen", "pob": 323.0 }, "geometry": { "type": "Point", "coordinates": [ -89.262976999611524, 19.20856299953147 ] } },
{ "type": "Feature", "properties": { "ent": "04", "entidad": "Campeche", "mun": "04006", "municipio": "Hopelchén", "loc": "040060008", "localidad": "Chencoh", "pob": 509.0 }, "geometry": { "type": "Point", "coordinates": [ -89.806848000084145, 19.422877000055884 ] } },
{ "type": "Feature", "properties": { "ent": "04", "entidad": "Campeche", "mun": "04006", "municipio": "Hopelchén", "loc": "040060014", "localidad": "Chun-Ek", "pob": 203.0 }, "geometry": { "type": "Point", "coordinates": [ -89.191516999622451, 19.185098000156152 ] } },
{ "type": "Feature", "properties": { "ent": "04", "entidad": "Campeche", "mun": "04006", "municipio": "Hopelchén", "loc": "040060015", "localidad": "Chunchintok", "pob": 1076.0 }, "geometry": { "type": "Point", "coordinates": [ -89.581640000284835, 19.361146000097683 ] } },
{ "type": "Feature", "properties": { "ent": "04", "entidad": "Campeche", "mun": "04006", "municipio": "Hopelchén", "loc": "040060017", "localidad": "Chunyaxnic", "pob": 357.0 }, "geometry": { "type": "Point", "coordinates": [ -89.810141000218977, 20.07769400005462 ] } },
{ "type": "Feature", "properties": { "ent": "04", "entidad": "Campeche", "mun": "04006", "municipio": "Hopelchén", "loc": "040060019", "localidad": "Dzibalchén", "pob": 2387.0 }, "geometry": { "type": "Point", "coordinates": [ -89.731593999620912, 19.459234999840888 ] } },
{ "type": "Feature", "properties": { "ent": "04", "entidad": "Campeche", "mun": "04006", "municipio": "Hopelchén", "loc": "040060020", "localidad": "Francisco J. Mújica (Los Ucán)", "pob": 32.0 }, "geometry": { "type": "Point", "coordinates": [ -89.740392000370747, 19.3118020003913 ] } },
{ "type": "Feature", "properties": { "ent": "04", "entidad": "Campeche", "mun": "04006", "municipio": "Hopelchén", "loc": "040060023", "localidad": "Vicente Guerrero", "pob": 3570.0 }, "geometry": { "type": "Point", "coordinates": [ -89.601485000370829, 19.580159000086574 ] } },
{ "type": "Feature", "properties": { "ent": "04", "entidad": "Campeche", "mun": "04006", "municipio": "Hopelchén", "loc": "040060024", "localidad": "Ich-Ek", "pob": 1008.0 }, "geometry": { "type": "Point", "coordinates": [ -89.966717000230346, 19.732386999887531 ] } },
{ "type": "Feature", "properties": { "ent": "04", "entidad": "Campeche", "mun": "04006", "municipio": "Hopelchén", "loc": "040060026", "localidad": "Cancabchén", "pob": 647.0 }, "geometry": { "type": "Point", "coordinates": [ -89.634400999927948, 19.305589000060081 ] } },
{ "type": "Feature", "properties": { "ent": "04", "entidad": "Campeche", "mun": "04006", "municipio": "Hopelchén", "loc": "040060027", "localidad": "Katab", "pob": 455.0 }, "geometry": { "type": "Point", "coordinates": [ -89.843150999857258, 19.909476999892298 ] } },
{ "type": "Feature", "properties": { "ent": "04", "entidad": "Campeche", "mun": "04006", "municipio": "Hopelchén", "loc": "040060029", "localidad": "Komchén", "pob": 645.0 }, "geometry": { "type": "Point", "coordinates": [ -89.851900999764865, 19.594147000339309 ] } },
{ "type": "Feature", "properties": { "ent": "04", "entidad": "Campeche", "mun": "04006", "municipio": "Hopelchén", "loc": "040060032", "localidad": "Pachuitz", "pob": 275.0 }, "geometry": { "type": "Point", "coordinates": [ -89.248617999654044, 19.147494000185699 ] } },
{ "type": "Feature", "properties": { "ent": "04", "entidad": "Campeche", "mun": "04006", "municipio": "Hopelchén", "loc": "040060033", "localidad": "Pakchén", "pob": 277.0 }, "geometry": { "type": "Point", "coordinates": [ -89.792433999980602, 19.528560999834305 ] } },
{ "type": "Feature", "properties": { "ent": "04", "entidad": "Campeche", "mun": "04006", "municipio": "Hopelchén", "loc": "040060037", "localidad": "Ramón Corona", "pob": 182.0 }, "geometry": { "type": "Point", "coordinates": [ -89.461147000341754, 19.449956000053785 ] } },
{ "type": "Feature", "properties": { "ent": "04", "entidad": "Campeche", "mun": "04006", "municipio": "Hopelchén", "loc": "040060041", "localidad": "San Antonio Yaxché", "pob": 583.0 }, "geometry": { "type": "Point", "coordinates": [ -89.732515000121708, 20.113308000139451 ] } },
{ "type": "Feature", "properties": { "ent": "04", "entidad": "Campeche", "mun": "04006", "municipio": "Hopelchén", "loc": "040060043", "localidad": "San Juan Bautista Sahcabchén", "pob": 416.0 }, "geometry": { "type": "Point", "coordinates": [ -89.926668000264755, 19.874180999956966 ] } },
{ "type": "Feature", "properties": { "ent": "04", "entidad": "Campeche", "mun": "04006", "municipio": "Hopelchén", "loc": "040060046", "localidad": "Suc-Tuc", "pob": 1432.0 }, "geometry": { "type": "Point", "coordinates": [ -90.036512000005956, 19.712402000365476 ] } },
{ "type": "Feature", "properties": { "ent": "04", "entidad": "Campeche", "mun": "04006", "municipio": "Hopelchén", "loc": "040060047", "localidad": "Xcanahaltún Huechil Unidos", "pob": 139.0 }, "geometry": { "type": "Point", "coordinates": [ -89.818864000058284, 19.995355999576716 ] } },
{ "type": "Feature", "properties": { "ent": "04", "entidad": "Campeche", "mun": "04006", "municipio": "Hopelchén", "loc": "040060048", "localidad": "Ukum", "pob": 2244.0 }, "geometry": { "type": "Point", "coordinates": [ -89.335257999724945, 19.242132000364172 ] } },
{ "type": "Feature", "properties": { "ent": "04", "entidad": "Campeche", "mun": "04006", "municipio": "Hopelchén", "loc": "040060049", "localidad": "Xcalot Akal", "pob": 182.0 }, "geometry": { "type": "Point", "coordinates": [ -89.816819000263791, 19.938165999953384 ] } },
{ "type": "Feature", "properties": { "ent": "04", "entidad": "Campeche", "mun": "04006", "municipio": "Hopelchén", "loc": "040060050", "localidad": "El Poste", "pob": 278.0 }, "geometry": { "type": "Point", "coordinates": [ -89.82815199978171, 19.860172999853418 ] } },
{ "type": "Feature", "properties": { "ent": "04", "entidad": "Campeche", "mun": "04006", "municipio": "Hopelchén", "loc": "040060053", "localidad": "Xculoc", "pob": 472.0 }, "geometry": { "type": "Point", "coordinates": [ -89.8283790002465, 20.187479000181025 ] } },
{ "type": "Feature", "properties": { "ent": "04", "entidad": "Campeche", "mun": "04006", "municipio": "Hopelchén", "loc": "040060054", "localidad": "Xcupil", "pob": 802.0 }, "geometry": { "type": "Point", "coordinates": [ -89.859878000140583, 19.666496999657852 ] } },
{ "type": "Feature", "properties": { "ent": "04", "entidad": "Campeche", "mun": "04006", "municipio": "Hopelchén", "loc": "040060056", "localidad": "X-Canhá", "pob": 476.0 }, "geometry": { "type": "Point", "coordinates": [ -89.333928000393058, 19.100577999830346 ] } },
{ "type": "Feature", "properties": { "ent": "04", "entidad": "Campeche", "mun": "04006", "municipio": "Hopelchén", "loc": "040060057", "localidad": "Xmabén", "pob": 1366.0 }, "geometry": { "type": "Point", "coordinates": [ -89.31464200017686, 19.235035999852521 ] } },
{ "type": "Feature", "properties": { "ent": "04", "entidad": "Campeche", "mun": "04006", "municipio": "Hopelchén", "loc": "040060058", "localidad": "Xmejía", "pob": 511.0 }, "geometry": { "type": "Point", "coordinates": [ -89.376143999665089, 19.229650999969504 ] } },
{ "type": "Feature", "properties": { "ent": "04", "entidad": "Campeche", "mun": "04006", "municipio": "Hopelchén", "loc": "040060062", "localidad": "Yaxché Akal", "pob": 147.0 }, "geometry": { "type": "Point", "coordinates": [ -89.70422999974187, 19.818084000196794 ] } },
{ "type": "Feature", "properties": { "ent": "04", "entidad": "Campeche", "mun": "04006", "municipio": "Hopelchén", "loc": "040060300", "localidad": "El Pedregal", "pob": 66.0 }, "geometry": { "type": "Point", "coordinates": [ -89.518753999692137, 19.482708999719449 ] } },
{ "type": "Feature", "properties": { "ent": "04", "entidad": "Campeche", "mun": "04006", "municipio": "Hopelchén", "loc": "040060330", "localidad": "Nuevo Progreso Campo Uno", "pob": 167.0 }, "geometry": { "type": "Point", "coordinates": [ -89.695623999536735, 19.692845000134973 ] } },
{ "type": "Feature", "properties": { "ent": "04", "entidad": "Campeche", "mun": "04006", "municipio": "Hopelchén", "loc": "040060331", "localidad": "Nuevo Progreso Campo Dos", "pob": 153.0 }, "geometry": { "type": "Point", "coordinates": [ -89.696034000005, 19.682773000171764 ] } },
{ "type": "Feature", "properties": { "ent": "04", "entidad": "Campeche", "mun": "04006", "municipio": "Hopelchén", "loc": "040060332", "localidad": "Nuevo Progreso Campo Tres", "pob": 121.0 }, "geometry": { "type": "Point", "coordinates": [ -89.695577999539907, 19.656398000292214 ] } },
{ "type": "Feature", "properties": { "ent": "04", "entidad": "Campeche", "mun": "04006", "municipio": "Hopelchén", "loc": "040060333", "localidad": "Nuevo Progreso Campo Seis", "pob": 167.0 }, "geometry": { "type": "Point", "coordinates": [ -89.669951000442381, 19.648587999789566 ] } },
{ "type": "Feature", "properties": { "ent": "04", "entidad": "Campeche", "mun": "04006", "municipio": "Hopelchén", "loc": "040060568", "localidad": "Nuevo Progreso Campo Cinco", "pob": 143.0 }, "geometry": { "type": "Point", "coordinates": [ -89.676525999687257, 19.662070000231495 ] } },
{ "type": "Feature", "properties": { "ent": "04", "entidad": "Campeche", "mun": "04006", "municipio": "Hopelchén", "loc": "040060569", "localidad": "Nuevo Progreso Campo Siete", "pob": 262.0 }, "geometry": { "type": "Point", "coordinates": [ -89.662571999888328, 19.683342000189715 ] } },
{ "type": "Feature", "properties": { "ent": "04", "entidad": "Campeche", "mun": "04006", "municipio": "Hopelchén", "loc": "040060570", "localidad": "Nuevo Progreso Campo Cuatro", "pob": 228.0 }, "geometry": { "type": "Point", "coordinates": [ -89.676441999494628, 19.683149000299462 ] } },
{ "type": "Feature", "properties": { "ent": "04", "entidad": "Campeche", "mun": "04006", "municipio": "Hopelchén", "loc": "040060672", "localidad": "Nuevo Progreso Campo Ocho", "pob": 153.0 }, "geometry": { "type": "Point", "coordinates": [ -89.639174999970024, 19.651455999988443 ] } },
{ "type": "Feature", "properties": { "ent": "04", "entidad": "Campeche", "mun": "04006", "municipio": "Hopelchén", "loc": "040060673", "localidad": "Nuevo Progreso Campo Nueve", "pob": 166.0 }, "geometry": { "type": "Point", "coordinates": [ -89.631343999733502, 19.640603000025617 ] } },
{ "type": "Feature", "properties": { "ent": "04", "entidad": "Campeche", "mun": "04006", "municipio": "Hopelchén", "loc": "040060674", "localidad": "Nuevo Progreso Campo Díez", "pob": 121.0 }, "geometry": { "type": "Point", "coordinates": [ -89.645142999767472, 19.638258000265655 ] } },
{ "type": "Feature", "properties": { "ent": "04", "entidad": "Campeche", "mun": "04006", "municipio": "Hopelchén", "loc": "040060675", "localidad": "Nuevo Progreso Campo Doce", "pob": 128.0 }, "geometry": { "type": "Point", "coordinates": [ -89.720314999612739, 19.705706000303845 ] } },
{ "type": "Feature", "properties": { "ent": "04", "entidad": "Campeche", "mun": "04006", "municipio": "Hopelchén", "loc": "040060737", "localidad": "San Bernardo Huechil", "pob": 12.0 }, "geometry": { "type": "Point", "coordinates": [ -89.820139000406897, 19.995043000459134 ] } },
{ "type": "Feature", "properties": { "ent": "04", "entidad": "Campeche", "mun": "04006", "municipio": "Hopelchén", "loc": "040060761", "localidad": "Nuevo Progreso Campo Once", "pob": 132.0 }, "geometry": { "type": "Point", "coordinates": [ -89.621268000227801, 19.656565999926677 ] } },
{ "type": "Feature", "properties": { "ent": "04", "entidad": "Campeche", "mun": "04006", "municipio": "Hopelchén", "loc": "040060763", "localidad": "Xbilincoc", "pob": 52.0 }, "geometry": { "type": "Point", "coordinates": [ -89.854751000048992, 20.111649000055422 ] } },
{ "type": "Feature", "properties": { "ent": "04", "entidad": "Campeche", "mun": "04006", "municipio": "Hopelchén", "loc": "040060769", "localidad": "Las Flores Cinco", "pob": 78.0 }, "geometry": { "type": "Point", "coordinates": [ -89.838467000483092, 19.240154999608972 ] } },
{ "type": "Feature", "properties": { "ent": "04", "entidad": "Campeche", "mun": "04006", "municipio": "Hopelchén", "loc": "040060770", "localidad": "Las Flores Cuatro", "pob": 57.0 }, "geometry": { "type": "Point", "coordinates": [ -89.855066999881046, 19.22662799996786 ] } },
{ "type": "Feature", "properties": { "ent": "04", "entidad": "Campeche", "mun": "04006", "municipio": "Hopelchén", "loc": "040060771", "localidad": "Las Flores Dos", "pob": 55.0 }, "geometry": { "type": "Point", "coordinates": [ -89.858524000034322, 19.239489000237125 ] } },
{ "type": "Feature", "properties": { "ent": "04", "entidad": "Campeche", "mun": "04006", "municipio": "Hopelchén", "loc": "040060772", "localidad": "Las Flores Tres", "pob": 32.0 }, "geometry": { "type": "Point", "coordinates": [ -89.854840999631804, 19.233020999941658 ] } },
{ "type": "Feature", "properties": { "ent": "04", "entidad": "Campeche", "mun": "04006", "municipio": "Hopelchén", "loc": "040060773", "localidad": "Las Flores Uno", "pob": 90.0 }, "geometry": { "type": "Point", "coordinates": [ -89.854856999940282, 19.245380999641441 ] } },
{ "type": "Feature", "properties": { "ent": "04", "entidad": "Campeche", "mun": "04006", "municipio": "Hopelchén", "loc": "040060780", "localidad": "La Nueva Trinidad Campo 2", "pob": 123.0 }, "geometry": { "type": "Point", "coordinates": [ -89.722969999787622, 19.395749999999239 ] } },
{ "type": "Feature", "properties": { "ent": "04", "entidad": "Campeche", "mun": "04006", "municipio": "Hopelchén", "loc": "040060781", "localidad": "La Nueva Trinidad Campo 3", "pob": 162.0 }, "geometry": { "type": "Point", "coordinates": [ -89.70550699963816, 19.394966999752164 ] } },
{ "type": "Feature", "properties": { "ent": "04", "entidad": "Campeche", "mun": "04006", "municipio": "Hopelchén", "loc": "040060782", "localidad": "La Nueva Trinidad Campo 1", "pob": 124.0 }, "geometry": { "type": "Point", "coordinates": [ -89.695388999796506, 19.416212999928078 ] } },
{ "type": "Feature", "properties": { "ent": "04", "entidad": "Campeche", "mun": "04006", "municipio": "Hopelchén", "loc": "040060783", "localidad": "Nuevo Durango Campo 2", "pob": 145.0 }, "geometry": { "type": "Point", "coordinates": [ -89.40520599983688, 19.412727000067196 ] } },
{ "type": "Feature", "properties": { "ent": "04", "entidad": "Campeche", "mun": "04006", "municipio": "Hopelchén", "loc": "040060784", "localidad": "Nuevo Durango Campo 1", "pob": 162.0 }, "geometry": { "type": "Point", "coordinates": [ -89.416078999684956, 19.418292000415086 ] } },
{ "type": "Feature", "properties": { "ent": "04", "entidad": "Campeche", "mun": "04006", "municipio": "Hopelchén", "loc": "040060785", "localidad": "Las Palmas Dos", "pob": 25.0 }, "geometry": { "type": "Point", "coordinates": [ -89.809293000157368, 19.480555000325413 ] } },
{ "type": "Feature", "properties": { "ent": "04", "entidad": "Campeche", "mun": "04006", "municipio": "Hopelchén", "loc": "040060786", "localidad": "Las Palmas Uno", "pob": 58.0 }, "geometry": { "type": "Point", "coordinates": [ -89.797788999762673, 19.490964000238066 ] } },
{ "type": "Feature", "properties": { "ent": "04", "entidad": "Campeche", "mun": "04006", "municipio": "Hopelchén", "loc": "040060794", "localidad": "El Temporal Campo 5", "pob": 227.0 }, "geometry": { "type": "Point", "coordinates": [ -89.744691000031906, 19.531728999882059 ] } },
{ "type": "Feature", "properties": { "ent": "04", "entidad": "Campeche", "mun": "04006", "municipio": "Hopelchén", "loc": "040060795", "localidad": "El Temporal Cuatro", "pob": 124.0 }, "geometry": { "type": "Point", "coordinates": [ -89.704076999620753, 19.554269000327565 ] } },
{ "type": "Feature", "properties": { "ent": "04", "entidad": "Campeche", "mun": "04006", "municipio": "Hopelchén", "loc": "040060796", "localidad": "El Temporal Campo 2", "pob": 138.0 }, "geometry": { "type": "Point", "coordinates": [ -89.744694000337361, 19.576825999837276 ] } },
{ "type": "Feature", "properties": { "ent": "04", "entidad": "Campeche", "mun": "04006", "municipio": "Hopelchén", "loc": "040060797", "localidad": "El Temporal Campo 3", "pob": 176.0 }, "geometry": { "type": "Point", "coordinates": [ -89.766074999845785, 19.575207000389597 ] } },
{ "type": "Feature", "properties": { "ent": "04", "entidad": "Campeche", "mun": "04006", "municipio": "Hopelchén", "loc": "040060798", "localidad": "El Temporal Campo 1", "pob": 148.0 }, "geometry": { "type": "Point", "coordinates": [ -89.707918999612275, 19.587439000060957 ] } },
{ "type": "Feature", "properties": { "ent": "04", "entidad": "Campeche", "mun": "04006", "municipio": "Hopelchén", "loc": "040060800", "localidad": "Santa Rosa [Campo Menonita]", "pob": 229.0 }, "geometry": { "type": "Point", "coordinates": [ -89.771130999808676, 19.936038000387256 ] } },
{ "type": "Feature", "properties": { "ent": "04", "entidad": "Campeche", "mun": "04006", "municipio": "Hopelchén", "loc": "040060815", "localidad": "Las Flores Seis", "pob": 26.0 }, "geometry": { "type": "Point", "coordinates": [ -89.858915000453635, 19.374302000256023 ] } },
{ "type": "Feature", "properties": { "ent": "04", "entidad": "Campeche", "mun": "04006", "municipio": "Hopelchén", "loc": "040060819", "localidad": "Nuevo Durango Campo 3", "pob": 243.0 }, "geometry": { "type": "Point", "coordinates": [ -89.382133000116255, 19.410818999867686 ] } },
{ "type": "Feature", "properties": { "ent": "04", "entidad": "Campeche", "mun": "04006", "municipio": "Hopelchén", "loc": "040060820", "localidad": "Nuevo Durango Campo 4", "pob": 230.0 }, "geometry": { "type": "Point", "coordinates": [ -89.348440000269377, 19.39951300017449 ] } },
{ "type": "Feature", "properties": { "ent": "04", "entidad": "Campeche", "mun": "04006", "municipio": "Hopelchén", "loc": "040060835", "localidad": "Santa Fe Dos", "pob": 117.0 }, "geometry": { "type": "Point", "coordinates": [ -89.898804000359362, 19.762200999778056 ] } },
{ "type": "Feature", "properties": { "ent": "04", "entidad": "Campeche", "mun": "04006", "municipio": "Hopelchén", "loc": "040060836", "localidad": "Campo Menonita Número Catorce", "pob": 76.0 }, "geometry": { "type": "Point", "coordinates": [ -89.708832999780086, 19.708916999837886 ] } },
{ "type": "Feature", "properties": { "ent": "04", "entidad": "Campeche", "mun": "04006", "municipio": "Hopelchén", "loc": "040060837", "localidad": "Campo Menonita Número Dieciséis", "pob": 42.0 }, "geometry": { "type": "Point", "coordinates": [ -89.612329000458089, 19.654913999766624 ] } },
{ "type": "Feature", "properties": { "ent": "04", "entidad": "Campeche", "mun": "04006", "municipio": "Hopelchén", "loc": "040060838", "localidad": "Campo Menonita Número Quince", "pob": 188.0 }, "geometry": { "type": "Point", "coordinates": [ -89.661284000122578, 19.643394000363035 ] } },
{ "type": "Feature", "properties": { "ent": "04", "entidad": "Campeche", "mun": "04006", "municipio": "Hopelchén", "loc": "040060844", "localidad": "Nueva Trinidad Cuatro", "pob": 72.0 }, "geometry": { "type": "Point", "coordinates": [ -89.722805000459545, 19.378436999983951 ] } },
{ "type": "Feature", "properties": { "ent": "04", "entidad": "Campeche", "mun": "04006", "municipio": "Hopelchén", "loc": "040060845", "localidad": "Nuevo Durango Campo 5", "pob": 183.0 }, "geometry": { "type": "Point", "coordinates": [ -89.389775999789123, 19.371184999743356 ] } },
{ "type": "Feature", "properties": { "ent": "04", "entidad": "Campeche", "mun": "04006", "municipio": "Hopelchén", "loc": "040060846", "localidad": "Nuevo Durango Campo 6", "pob": 182.0 }, "geometry": { "type": "Point", "coordinates": [ -89.351310999704737, 19.377268000359706 ] } },
{ "type": "Feature", "properties": { "ent": "04", "entidad": "Campeche", "mun": "04006", "municipio": "Hopelchén", "loc": "040060847", "localidad": "Nuevo Durango Siete", "pob": 107.0 }, "geometry": { "type": "Point", "coordinates": [ -89.326305999995355, 19.369905000135592 ] } },
{ "type": "Feature", "properties": { "ent": "04", "entidad": "Campeche", "mun": "04006", "municipio": "Hopelchén", "loc": "040060848", "localidad": "Palmas Cuatro", "pob": 115.0 }, "geometry": { "type": "Point", "coordinates": [ -89.807234999893254, 19.459082000267571 ] } },
{ "type": "Feature", "properties": { "ent": "04", "entidad": "Campeche", "mun": "04006", "municipio": "Hopelchén", "loc": "040060849", "localidad": "Temporal Seis", "pob": 123.0 }, "geometry": { "type": "Point", "coordinates": [ -89.684562000487745, 19.588540999641346 ] } },
{ "type": "Feature", "properties": { "ent": "04", "entidad": "Campeche", "mun": "04006", "municipio": "Hopelchén", "loc": "040060854", "localidad": "Nueva Trinidad Cinco", "pob": 95.0 }, "geometry": { "type": "Point", "coordinates": [ -89.71169200001637, 19.421507999997687 ] } },
{ "type": "Feature", "properties": { "ent": "04", "entidad": "Campeche", "mun": "04006", "municipio": "Hopelchén", "loc": "040060859", "localidad": "Las Palmas 8", "pob": 34.0 }, "geometry": { "type": "Point", "coordinates": [ -89.844256000234239, 19.438679000344184 ] } },
{ "type": "Feature", "properties": { "ent": "04", "entidad": "Campeche", "mun": "04006", "municipio": "Hopelchén", "loc": "040060862", "localidad": "El Temporal Siete", "pob": 130.0 }, "geometry": { "type": "Point", "coordinates": [ -89.665382000074445, 19.584295999714911 ] } },
{ "type": "Feature", "properties": { "ent": "04", "entidad": "Campeche", "mun": "04006", "municipio": "Hopelchén", "loc": "040060865", "localidad": "La Estrella", "pob": 25.0 }, "geometry": { "type": "Point", "coordinates": [ -89.81860800040657, 19.798885999983593 ] } },
{ "type": "Feature", "properties": { "ent": "04", "entidad": "Campeche", "mun": "04006", "municipio": "Hopelchén", "loc": "040060868", "localidad": "La Selva", "pob": 15.0 }, "geometry": { "type": "Point", "coordinates": [ -89.800202999798458, 19.899159000271517 ] } },
{ "type": "Feature", "properties": { "ent": "04", "entidad": "Campeche", "mun": "04006", "municipio": "Hopelchén", "loc": "040060871", "localidad": "Las Palmas Tres", "pob": 46.0 }, "geometry": { "type": "Point", "coordinates": [ -89.804410999730635, 19.467007999760995 ] } },
{ "type": "Feature", "properties": { "ent": "04", "entidad": "Campeche", "mun": "04006", "municipio": "Hopelchén", "loc": "040060882", "localidad": "Santa Fe Uno", "pob": 162.0 }, "geometry": { "type": "Point", "coordinates": [ -89.8877339999068, 19.766313000397208 ] } },
{ "type": "Feature", "properties": { "ent": "04", "entidad": "Campeche", "mun": "04006", "municipio": "Hopelchén", "loc": "040060891", "localidad": "Campo Menonita Número Diecisiete", "pob": 72.0 }, "geometry": { "type": "Point", "coordinates": [ -89.674076000168142, 19.631660999628462 ] } },
{ "type": "Feature", "properties": { "ent": "04", "entidad": "Campeche", "mun": "04006", "municipio": "Hopelchén", "loc": "040060894", "localidad": "El Temporal Ocho", "pob": 62.0 }, "geometry": { "type": "Point", "coordinates": [ -89.753690999623771, 19.607946000338 ] } },
{ "type": "Feature", "properties": { "ent": "04", "entidad": "Campeche", "mun": "04006", "municipio": "Hopelchén", "loc": "040060898", "localidad": "Las Palmas Cinco", "pob": 18.0 }, "geometry": { "type": "Point", "coordinates": [ -89.817136000375768, 19.447126999703691 ] } },
{ "type": "Feature", "properties": { "ent": "04", "entidad": "Campeche", "mun": "04006", "municipio": "Hopelchén", "loc": "040060900", "localidad": "Las Palmas Siete", "pob": 32.0 }, "geometry": { "type": "Point", "coordinates": [ -89.834004000414112, 19.457387000302351 ] } },
{ "type": "Feature", "properties": { "ent": "04", "entidad": "Campeche", "mun": "04006", "municipio": "Hopelchén", "loc": "040060911", "localidad": "Nuevo Durango Nueve", "pob": 63.0 }, "geometry": { "type": "Point", "coordinates": [ -89.433382000281384, 19.414176000037035 ] } },
{ "type": "Feature", "properties": { "ent": "04", "entidad": "Campeche", "mun": "04006", "municipio": "Hopelchén", "loc": "040060912", "localidad": "Nuevo Durango Ocho", "pob": 71.0 }, "geometry": { "type": "Point", "coordinates": [ -89.406057000017313, 19.39701700036759 ] } },
{ "type": "Feature", "properties": { "ent": "04", "entidad": "Campeche", "mun": "04006", "municipio": "Hopelchén", "loc": "040060913", "localidad": "El Paraíso", "pob": 140.0 }, "geometry": { "type": "Point", "coordinates": [ -89.982378000257569, 19.490150999739576 ] } },
{ "type": "Feature", "properties": { "ent": "04", "entidad": "Campeche", "mun": "04006", "municipio": "Hopelchén", "loc": "040060925", "localidad": "Las Flores Siete", "pob": 48.0 }, "geometry": { "type": "Point", "coordinates": [ -89.854198000356092, 19.257159000368546 ] } },
{ "type": "Feature", "properties": { "ent": "04", "entidad": "Campeche", "mun": "04008", "municipio": "Tenabo", "loc": "040080001", "localidad": "Tenabo", "pob": 8748.0 }, "geometry": { "type": "Point", "coordinates": [ -90.22576300017127, 20.039676999749851 ] } },
{ "type": "Feature", "properties": { "ent": "04", "entidad": "Campeche", "mun": "04008", "municipio": "Tenabo", "loc": "040080002", "localidad": "Emiliano Zapata", "pob": 469.0 }, "geometry": { "type": "Point", "coordinates": [ -90.154151000124799, 19.824409000377258 ] } },
{ "type": "Feature", "properties": { "ent": "04", "entidad": "Campeche", "mun": "04008", "municipio": "Tenabo", "loc": "040080003", "localidad": "Kankí", "pob": 268.0 }, "geometry": { "type": "Point", "coordinates": [ -90.118087000027103, 19.988873999701326 ] } },
{ "type": "Feature", "properties": { "ent": "04", "entidad": "Campeche", "mun": "04008", "municipio": "Tenabo", "loc": "040080005", "localidad": "Tinún", "pob": 1084.0 }, "geometry": { "type": "Point", "coordinates": [ -90.226056999776461, 19.965353000254034 ] } },
{ "type": "Feature", "properties": { "ent": "04", "entidad": "Campeche", "mun": "04008", "municipio": "Tenabo", "loc": "040080016", "localidad": "Xkuncheil", "pob": 105.0 }, "geometry": { "type": "Point", "coordinates": [ -90.345832999898093, 19.955243999923614 ] } },
{ "type": "Feature", "properties": { "ent": "04", "entidad": "Campeche", "mun": "04008", "municipio": "Tenabo", "loc": "040080098", "localidad": "Santa Rosa", "pob": 289.0 }, "geometry": { "type": "Point", "coordinates": [ -90.243813999544926, 20.031247000012844 ] } },
{ "type": "Feature", "properties": { "ent": "04", "entidad": "Campeche", "mun": "04008", "municipio": "Tenabo", "loc": "040080112", "localidad": "Chaví Número Cuatro [Campo Menonita]", "pob": 89.0 }, "geometry": { "type": "Point", "coordinates": [ -90.042068999561081, 19.971850000393584 ] } },
{ "type": "Feature", "properties": { "ent": "04", "entidad": "Campeche", "mun": "04008", "municipio": "Tenabo", "loc": "040080113", "localidad": "Chaví Número Tres [Campo Menonita]", "pob": 152.0 }, "geometry": { "type": "Point", "coordinates": [ -90.022406000058623, 19.975406999811518 ] } },
{ "type": "Feature", "properties": { "ent": "04", "entidad": "Campeche", "mun": "04008", "municipio": "Tenabo", "loc": "040080138", "localidad": "Chaví Número Cinco [Campo Menonita]", "pob": 110.0 }, "geometry": { "type": "Point", "coordinates": [ -90.045497000383207, 19.964787999751135 ] } },
{ "type": "Feature", "properties": { "ent": "04", "entidad": "Campeche", "mun": "04008", "municipio": "Tenabo", "loc": "040080139", "localidad": "Chaví Número Seis [Campo Menonita]", "pob": 65.0 }, "geometry": { "type": "Point", "coordinates": [ -90.079305999775002, 19.973940999570221 ] } },
{ "type": "Feature", "properties": { "ent": "04", "entidad": "Campeche", "mun": "04008", "municipio": "Tenabo", "loc": "040080149", "localidad": "Los Cocales", "pob": 13.0 }, "geometry": { "type": "Point", "coordinates": [ -90.250365000275877, 20.057646000444024 ] } },
{ "type": "Feature", "properties": { "ent": "04", "entidad": "Campeche", "mun": "04009", "municipio": "Escárcega", "loc": "040090984", "localidad": "Las Ruinas", "pob": 10.0 }, "geometry": { "type": "Point", "coordinates": [ -90.282369000081516, 18.82683899999477 ] } },
{ "type": "Feature", "properties": { "ent": "04", "entidad": "Campeche", "mun": "04009", "municipio": "Escárcega", "loc": "040091862", "localidad": "Emiliano Zapata", "pob": 41.0 }, "geometry": { "type": "Point", "coordinates": [ -90.238767999948422, 18.891399000283624 ] } },
{ "type": "Feature", "properties": { "ent": "04", "entidad": "Campeche", "mun": "04010", "municipio": "Calakmul", "loc": "040100001", "localidad": "Xpujil", "pob": 5729.0 }, "geometry": { "type": "Point", "coordinates": [ -89.397275999835173, 18.505370999572502 ] } },
{ "type": "Feature", "properties": { "ent": "04", "entidad": "Campeche", "mun": "04010", "municipio": "Calakmul", "loc": "040100021", "localidad": "Becán", "pob": 315.0 }, "geometry": { "type": "Point", "coordinates": [ -89.462504000432034, 18.512936999834476 ] } },
{ "type": "Feature", "properties": { "ent": "04", "entidad": "Campeche", "mun": "04010", "municipio": "Calakmul", "loc": "040100023", "localidad": "Bel-Há", "pob": 183.0 }, "geometry": { "type": "Point", "coordinates": [ -89.323602000320605, 18.930356000475381 ] } },
{ "type": "Feature", "properties": { "ent": "04", "entidad": "Campeche", "mun": "04010", "municipio": "Calakmul", "loc": "040100049", "localidad": "Centauros del Norte", "pob": 301.0 }, "geometry": { "type": "Point", "coordinates": [ -89.538306000153639, 18.354419999953631 ] } },
{ "type": "Feature", "properties": { "ent": "04", "entidad": "Campeche", "mun": "04010", "municipio": "Calakmul", "loc": "040100060", "localidad": "El Chichonal", "pob": 174.0 }, "geometry": { "type": "Point", "coordinates": [ -89.553775999862623, 18.526058999977131 ] } },
{ "type": "Feature", "properties": { "ent": "04", "entidad": "Campeche", "mun": "04010", "municipio": "Calakmul", "loc": "040100075", "localidad": "Dos Lagunas", "pob": 232.0 }, "geometry": { "type": "Point", "coordinates": [ -89.350916999997082, 18.893654000122368 ] } },
{ "type": "Feature", "properties": { "ent": "04", "entidad": "Campeche", "mun": "04010", "municipio": "Calakmul", "loc": "040100079", "localidad": "Emiliano Zapata", "pob": 105.0 }, "geometry": { "type": "Point", "coordinates": [ -89.673882999554479, 18.520678000370964 ] } },
{ "type": "Feature", "properties": { "ent": "04", "entidad": "Campeche", "mun": "04010", "municipio": "Calakmul", "loc": "040100083", "localidad": "Felipe Ángeles II", "pob": 40.0 }, "geometry": { "type": "Point", "coordinates": [ -89.620872999768281, 18.530102999842825 ] } },
{ "type": "Feature", "properties": { "ent": "04", "entidad": "Campeche", "mun": "04010", "municipio": "Calakmul", "loc": "040100091", "localidad": "La Guadalupe", "pob": 335.0 }, "geometry": { "type": "Point", "coordinates": [ -89.479875999857825, 18.330044000016866 ] } },
{ "type": "Feature", "properties": { "ent": "04", "entidad": "Campeche", "mun": "04010", "municipio": "Calakmul", "loc": "040100095", "localidad": "Gustavo Díaz Ordaz (San Antonio Soda)", "pob": 555.0 }, "geometry": { "type": "Point", "coordinates": [ -89.137372000305433, 18.418468000022354 ] } },
{ "type": "Feature", "properties": { "ent": "04", "entidad": "Campeche", "mun": "04010", "municipio": "Calakmul", "loc": "040100096", "localidad": "Heriberto Jara Corona", "pob": 356.0 }, "geometry": { "type": "Point", "coordinates": [ -89.442124999596913, 18.510821999573057 ] } },
{ "type": "Feature", "properties": { "ent": "04", "entidad": "Campeche", "mun": "04010", "municipio": "Calakmul", "loc": "040100099", "localidad": "Ingeniero Eugenio Echeverría Castellot", "pob": 211.0 }, "geometry": { "type": "Point", "coordinates": [ -89.598714999753909, 18.532641000365278 ] } },
{ "type": "Feature", "properties": { "ent": "04", "entidad": "Campeche", "mun": "04010", "municipio": "Calakmul", "loc": "040100100", "localidad": "Eugenio Echeverría Castellot (El Carrizal)", "pob": 226.0 }, "geometry": { "type": "Point", "coordinates": [ -89.441018999703573, 18.399321999855061 ] } },
{ "type": "Feature", "properties": { "ent": "04", "entidad": "Campeche", "mun": "04010", "municipio": "Calakmul", "loc": "040100101", "localidad": "Ingeniero Ricardo Payro Jene (Polo Norte)", "pob": 695.0 }, "geometry": { "type": "Point", "coordinates": [ -89.446600999801348, 18.317884000202771 ] } },
{ "type": "Feature", "properties": { "ent": "04", "entidad": "Campeche", "mun": "04010", "municipio": "Calakmul", "loc": "040100136", "localidad": "La Huasteca", "pob": 14.0 }, "geometry": { "type": "Point", "coordinates": [ -89.362486999689054, 18.862940999836734 ] } },
{ "type": "Feature", "properties": { "ent": "04", "entidad": "Campeche", "mun": "04010", "municipio": "Calakmul", "loc": "040100139", "localidad": "La Lucha", "pob": 315.0 }, "geometry": { "type": "Point", "coordinates": [ -89.436759999749327, 18.423089000379278 ] } },
{ "type": "Feature", "properties": { "ent": "04", "entidad": "Campeche", "mun": "04010", "municipio": "Calakmul", "loc": "040100140", "localidad": "La Lucha", "pob": 133.0 }, "geometry": { "type": "Point", "coordinates": [ -89.187371000247325, 18.306925000203464 ] } },
{ "type": "Feature", "properties": { "ent": "04", "entidad": "Campeche", "mun": "04010", "municipio": "Calakmul", "loc": "040100142", "localidad": "Manuel Castilla Brito", "pob": 523.0 }, "geometry": { "type": "Point", "coordinates": [ -89.44033599978107, 18.359370999982016 ] } },
{ "type": "Feature", "properties": { "ent": "04", "entidad": "Campeche", "mun": "04010", "municipio": "Calakmul", "loc": "040100158", "localidad": "Nueva Vida", "pob": 332.0 }, "geometry": { "type": "Point", "coordinates": [ -89.369609999532585, 18.803879000040435 ] } },
{ "type": "Feature", "properties": { "ent": "04", "entidad": "Campeche", "mun": "04010", "municipio": "Calakmul", "loc": "040100159", "localidad": "Nuevo Bécal (El 19)", "pob": 450.0 }, "geometry": { "type": "Point", "coordinates": [ -89.30318500004941, 18.611020000330363 ] } },
{ "type": "Feature", "properties": { "ent": "04", "entidad": "Campeche", "mun": "04010", "municipio": "Calakmul", "loc": "040100160", "localidad": "Nuevo Campanario", "pob": 389.0 }, "geometry": { "type": "Point", "coordinates": [ -89.432244000045287, 18.450760000047236 ] } },
{ "type": "Feature", "properties": { "ent": "04", "entidad": "Campeche", "mun": "04010", "municipio": "Calakmul", "loc": "040100161", "localidad": "Nuevo Conhuás", "pob": 757.0 }, "geometry": { "type": "Point", "coordinates": [ -89.921247999577787, 18.539793000258399 ] } },
{ "type": "Feature", "properties": { "ent": "04", "entidad": "Campeche", "mun": "04010", "municipio": "Calakmul", "loc": "040100165", "localidad": "Nuevo Progreso", "pob": 67.0 }, "geometry": { "type": "Point", "coordinates": [ -89.230082999847042, 18.270306999931496 ] } },
{ "type": "Feature", "properties": { "ent": "04", "entidad": "Campeche", "mun": "04010", "municipio": "Calakmul", "loc": "040100186", "localidad": "El Porvenir", "pob": 10.0 }, "geometry": { "type": "Point", "coordinates": [ -89.27448300005905, 18.489843000235194 ] } },
{ "type": "Feature", "properties": { "ent": "04", "entidad": "Campeche", "mun": "04010", "municipio": "Calakmul", "loc": "040100191", "localidad": "Puebla de Morelia", "pob": 125.0 }, "geometry": { "type": "Point", "coordinates": [ -89.678571999774675, 18.522594000141826 ] } },
{ "type": "Feature", "properties": { "ent": "04", "entidad": "Campeche", "mun": "04010", "municipio": "Calakmul", "loc": "040100194", "localidad": "El Refugio", "pob": 140.0 }, "geometry": { "type": "Point", "coordinates": [ -89.372275000080407, 18.803424000112077 ] } },
{ "type": "Feature", "properties": { "ent": "04", "entidad": "Campeche", "mun": "04010", "municipio": "Calakmul", "loc": "040100195", "localidad": "Ricardo Flores Magón (Laguna Cooxlí)", "pob": 302.0 }, "geometry": { "type": "Point", "coordinates": [ -89.164195999569046, 18.82205399953893 ] } },
{ "type": "Feature", "properties": { "ent": "04", "entidad": "Campeche", "mun": "04010", "municipio": "Calakmul", "loc": "040100196", "localidad": "El Rosario", "pob": 10.0 }, "geometry": { "type": "Point", "coordinates": [ -89.555181999890706, 18.527865000123708 ] } },
{ "type": "Feature", "properties": { "ent": "04", "entidad": "Campeche", "mun": "04010", "municipio": "Calakmul", "loc": "040100206", "localidad": "San Francisco", "pob": 10.0 }, "geometry": { "type": "Point", "coordinates": [ -89.245216000379628, 18.487899000064083 ] } },
{ "type": "Feature", "properties": { "ent": "04", "entidad": "Campeche", "mun": "04010", "municipio": "Calakmul", "loc": "040100209", "localidad": "Kilómetro Ciento Veinte", "pob": 183.0 }, "geometry": { "type": "Point", "coordinates": [ -89.697464999662074, 18.518727999803382 ] } },
{ "type": "Feature", "properties": { "ent": "04", "entidad": "Campeche", "mun": "04010", "municipio": "Calakmul", "loc": "040100218", "localidad": "San Nicolás", "pob": 12.0 }, "geometry": { "type": "Point", "coordinates": [ -89.326874000366431, 18.49717900035543 ] } },
{ "type": "Feature", "properties": { "ent": "04", "entidad": "Campeche", "mun": "04010", "municipio": "Calakmul", "loc": "040100237", "localidad": "Tepeyac", "pob": 40.0 }, "geometry": { "type": "Point", "coordinates": [ -89.329011999888166, 18.929022000007024 ] } },
{ "type": "Feature", "properties": { "ent": "04", "entidad": "Campeche", "mun": "04010", "municipio": "Calakmul", "loc": "040100241", "localidad": "Tomás Aznar Barbachano (La Moza)", "pob": 194.0 }, "geometry": { "type": "Point", "coordinates": [ -89.195922999884345, 18.481355999941016 ] } },
{ "type": "Feature", "properties": { "ent": "04", "entidad": "Campeche", "mun": "04010", "municipio": "Calakmul", "loc": "040100255", "localidad": "Ninguno [Unidad Habitacional]", "pob": 47.0 }, "geometry": { "type": "Point", "coordinates": [ -89.401819999770041, 18.494398000059245 ] } },
{ "type": "Feature", "properties": { "ent": "04", "entidad": "Campeche", "mun": "04010", "municipio": "Calakmul", "loc": "040100257", "localidad": "Unión 20 de Junio (Mancolona)", "pob": 535.0 }, "geometry": { "type": "Point", "coordinates": [ -89.291651000413054, 18.8107140004233 ] } },
{ "type": "Feature", "properties": { "ent": "04", "entidad": "Campeche", "mun": "04010", "municipio": "Calakmul", "loc": "040100261", "localidad": "Valentín Gómez Farías", "pob": 386.0 }, "geometry": { "type": "Point", "coordinates": [ -89.44343400032011, 18.512966000330039 ] } },
{ "type": "Feature", "properties": { "ent": "04", "entidad": "Campeche", "mun": "04010", "municipio": "Calakmul", "loc": "040100262", "localidad": "Veinte de Noviembre", "pob": 419.0 }, "geometry": { "type": "Point", "coordinates": [ -89.306918999614211, 18.451990000232982 ] } },
{ "type": "Feature", "properties": { "ent": "04", "entidad": "Campeche", "mun": "04010", "municipio": "Calakmul", "loc": "040100272", "localidad": "Zoh-Laguna (Álvaro Obregón)", "pob": 1144.0 }, "geometry": { "type": "Point", "coordinates": [ -89.419115999942974, 18.593856000195213 ] } },
{ "type": "Feature", "properties": { "ent": "04", "entidad": "Campeche", "mun": "04010", "municipio": "Calakmul", "loc": "040100337", "localidad": "Cinco de Mayo", "pob": 18.0 }, "geometry": { "type": "Point", "coordinates": [ -89.165403999718407, 18.818932999957106 ] } },
{ "type": "Feature", "properties": { "ent": "04", "entidad": "Campeche", "mun": "04012", "municipio": "Seybaplaya", "loc": "040120001", "localidad": "Seybaplaya", "pob": 9515.0 }, "geometry": { "type": "Point", "coordinates": [ -90.688301000312748, 19.639197000039736 ] } },
{ "type": "Feature", "properties": { "ent": "04", "entidad": "Campeche", "mun": "04012", "municipio": "Seybaplaya", "loc": "040120016", "localidad": "Haltunchén", "pob": 60.0 }, "geometry": { "type": "Point", "coordinates": [ -90.701188000174014, 19.502635999826868 ] } },
{ "type": "Feature", "properties": { "ent": "04", "entidad": "Campeche", "mun": "04012", "municipio": "Seybaplaya", "loc": "040120055", "localidad": "Villa Madero", "pob": 4612.0 }, "geometry": { "type": "Point", "coordinates": [ -90.698501000034042, 19.528409000082991 ] } },
{ "type": "Feature", "properties": { "ent": "04", "entidad": "Campeche", "mun": "04012", "municipio": "Seybaplaya", "loc": "040120056", "localidad": "Xkeulil", "pob": 1063.0 }, "geometry": { "type": "Point", "coordinates": [ -90.628004999764627, 19.628823000357869 ] } },
{ "type": "Feature", "properties": { "ent": "23", "entidad": "Quintana Roo", "mun": "23001", "municipio": "Cozumel", "loc": "230010001", "localidad": "Cozumel", "pob": 84519.0 }, "geometry": { "type": "Point", "coordinates": [ -86.957587999848926, 20.503783999771535 ] } },
{ "type": "Feature", "properties": { "ent": "23", "entidad": "Quintana Roo", "mun": "23001", "municipio": "Cozumel", "loc": "230010067", "localidad": "El Cedral", "pob": 55.0 }, "geometry": { "type": "Point", "coordinates": [ -86.992537000224289, 20.367562999996466 ] } },
{ "type": "Feature", "properties": { "ent": "23", "entidad": "Quintana Roo", "mun": "23001", "municipio": "Cozumel", "loc": "230010232", "localidad": "Santa Rita", "pob": 10.0 }, "geometry": { "type": "Point", "coordinates": [ -86.904721999949814, 20.473888999742783 ] } },
{ "type": "Feature", "properties": { "ent": "23", "entidad": "Quintana Roo", "mun": "23001", "municipio": "Cozumel", "loc": "230010426", "localidad": "La Estrella", "pob": 181.0 }, "geometry": { "type": "Point", "coordinates": [ -86.909491999563926, 20.477952000361483 ] } },
{ "type": "Feature", "properties": { "ent": "23", "entidad": "Quintana Roo", "mun": "23001", "municipio": "Cozumel", "loc": "230010498", "localidad": "Palmar Primero", "pob": 18.0 }, "geometry": { "type": "Point", "coordinates": [ -86.98315600000474, 20.454760000435943 ] } },
{ "type": "Feature", "properties": { "ent": "23", "entidad": "Quintana Roo", "mun": "23001", "municipio": "Cozumel", "loc": "230010745", "localidad": "Chichihualco", "pob": 12.0 }, "geometry": { "type": "Point", "coordinates": [ -86.93182099984611, 20.540159999850697 ] } },
{ "type": "Feature", "properties": { "ent": "23", "entidad": "Quintana Roo", "mun": "23001", "municipio": "Cozumel", "loc": "230010754", "localidad": "Huerto Familiar", "pob": 152.0 }, "geometry": { "type": "Point", "coordinates": [ -86.969488999606369, 20.473206000313908 ] } },
{ "type": "Feature", "properties": { "ent": "23", "entidad": "Quintana Roo", "mun": "23001", "municipio": "Cozumel", "loc": "230010800", "localidad": "Pueblo Nuevo", "pob": 11.0 }, "geometry": { "type": "Point", "coordinates": [ -86.9596630001287, 20.458551999988074 ] } },
{ "type": "Feature", "properties": { "ent": "23", "entidad": "Quintana Roo", "mun": "23001", "municipio": "Cozumel", "loc": "230010845", "localidad": "Nueva Esperanza", "pob": 15.0 }, "geometry": { "type": "Point", "coordinates": [ -86.909222000154671, 20.475160999774687 ] } },
{ "type": "Feature", "properties": { "ent": "23", "entidad": "Quintana Roo", "mun": "23001", "municipio": "Cozumel", "loc": "230010854", "localidad": "La Esperanza", "pob": 13.0 }, "geometry": { "type": "Point", "coordinates": [ -86.908669000188212, 20.477399999805282 ] } },
{ "type": "Feature", "properties": { "ent": "23", "entidad": "Quintana Roo", "mun": "23001", "municipio": "Cozumel", "loc": "230010858", "localidad": "San Fernando", "pob": 505.0 }, "geometry": { "type": "Point", "coordinates": [ -86.920832999902416, 20.481944000282098 ] } },
{ "type": "Feature", "properties": { "ent": "23", "entidad": "Quintana Roo", "mun": "23001", "municipio": "Cozumel", "loc": "230010877", "localidad": "La Selva", "pob": 10.0 }, "geometry": { "type": "Point", "coordinates": [ -86.913049999985688, 20.47206299969281 ] } },
{ "type": "Feature", "properties": { "ent": "23", "entidad": "Quintana Roo", "mun": "23001", "municipio": "Cozumel", "loc": "230010891", "localidad": "Ranchitos", "pob": 761.0 }, "geometry": { "type": "Point", "coordinates": [ -86.912972000003464, 20.482771000230027 ] } },
{ "type": "Feature", "properties": { "ent": "23", "entidad": "Quintana Roo", "mun": "23001", "municipio": "Cozumel", "loc": "230010893", "localidad": "Quinta la Bonita", "pob": 22.0 }, "geometry": { "type": "Point", "coordinates": [ -86.904360000057153, 20.495333000212486 ] } },
{ "type": "Feature", "properties": { "ent": "23", "entidad": "Quintana Roo", "mun": "23001", "municipio": "Cozumel", "loc": "230010899", "localidad": "Varadero", "pob": 12.0 }, "geometry": { "type": "Point", "coordinates": [ -86.989376999630451, 20.449740000202237 ] } },
{ "type": "Feature", "properties": { "ent": "23", "entidad": "Quintana Roo", "mun": "23001", "municipio": "Cozumel", "loc": "230010917", "localidad": "Juan Leyenda Trigo", "pob": 10.0 }, "geometry": { "type": "Point", "coordinates": [ -86.907885999987784, 20.48689199998724 ] } },
{ "type": "Feature", "properties": { "ent": "23", "entidad": "Quintana Roo", "mun": "23001", "municipio": "Cozumel", "loc": "230010932", "localidad": "Las Fincas", "pob": 1403.0 }, "geometry": { "type": "Point", "coordinates": [ -86.916111000088833, 20.498056000013754 ] } },
{ "type": "Feature", "properties": { "ent": "23", "entidad": "Quintana Roo", "mun": "23001", "municipio": "Cozumel", "loc": "230010947", "localidad": "La Esperanza AC", "pob": 16.0 }, "geometry": { "type": "Point", "coordinates": [ -86.865183000400748, 20.441576000487704 ] } },
{ "type": "Feature", "properties": { "ent": "23", "entidad": "Quintana Roo", "mun": "23001", "municipio": "Cozumel", "loc": "230010957", "localidad": "El Refugio", "pob": 13.0 }, "geometry": { "type": "Point", "coordinates": [ -86.886388999575217, 20.458888999791249 ] } },
{ "type": "Feature", "properties": { "ent": "23", "entidad": "Quintana Roo", "mun": "23001", "municipio": "Cozumel", "loc": "230010999", "localidad": "La Esperanza", "pob": 434.0 }, "geometry": { "type": "Point", "coordinates": [ -86.909210000444446, 20.471396000101574 ] } },
{ "type": "Feature", "properties": { "ent": "23", "entidad": "Quintana Roo", "mun": "23001", "municipio": "Cozumel", "loc": "230011014", "localidad": "Cozumel", "pob": 19.0 }, "geometry": { "type": "Point", "coordinates": [ -86.984472000099657, 20.453388999819019 ] } },
{ "type": "Feature", "properties": { "ent": "23", "entidad": "Quintana Roo", "mun": "23001", "municipio": "Cozumel", "loc": "230011032", "localidad": "San Isidro", "pob": 13.0 }, "geometry": { "type": "Point", "coordinates": [ -86.901121999859555, 20.493623000250164 ] } },
{ "type": "Feature", "properties": { "ent": "23", "entidad": "Quintana Roo", "mun": "23001", "municipio": "Cozumel", "loc": "230011037", "localidad": "Las Glorias", "pob": 16.0 }, "geometry": { "type": "Point", "coordinates": [ -87.015949999644718, 20.402893999744123 ] } },
{ "type": "Feature", "properties": { "ent": "23", "entidad": "Quintana Roo", "mun": "23001", "municipio": "Cozumel", "loc": "230011047", "localidad": "Santa Teresa", "pob": 29.0 }, "geometry": { "type": "Point", "coordinates": [ -86.903932000126332, 20.496531000029762 ] } },
{ "type": "Feature", "properties": { "ent": "23", "entidad": "Quintana Roo", "mun": "23001", "municipio": "Cozumel", "loc": "230011049", "localidad": "Carlos Eduardo Gómez", "pob": 13.0 }, "geometry": { "type": "Point", "coordinates": [ -86.902389000027526, 20.494365999613539 ] } },
{ "type": "Feature", "properties": { "ent": "23", "entidad": "Quintana Roo", "mun": "23001", "municipio": "Cozumel", "loc": "230011056", "localidad": "San Benito", "pob": 10.0 }, "geometry": { "type": "Point", "coordinates": [ -86.859924000065547, 20.438281000179582 ] } },
{ "type": "Feature", "properties": { "ent": "23", "entidad": "Quintana Roo", "mun": "23002", "municipio": "Felipe Carrillo Puerto", "loc": "230020001", "localidad": "Felipe Carrillo Puerto", "pob": 30754.0 }, "geometry": { "type": "Point", "coordinates": [ -88.046586999756983, 19.578509999584043 ] } },
{ "type": "Feature", "properties": { "ent": "23", "entidad": "Quintana Roo", "mun": "23002", "municipio": "Felipe Carrillo Puerto", "loc": "230020006", "localidad": "Ignacio Manuel Altamirano", "pob": 520.0 }, "geometry": { "type": "Point", "coordinates": [ -88.57549499965036, 19.287256999955002 ] } },
{ "type": "Feature", "properties": { "ent": "23", "entidad": "Quintana Roo", "mun": "23002", "municipio": "Felipe Carrillo Puerto", "loc": "230020011", "localidad": "Betania", "pob": 672.0 }, "geometry": { "type": "Point", "coordinates": [ -88.287095000114419, 19.638368999772695 ] } },
{ "type": "Feature", "properties": { "ent": "23", "entidad": "Quintana Roo", "mun": "23002", "municipio": "Felipe Carrillo Puerto", "loc": "230020033", "localidad": "Chancah Derrepente", "pob": 485.0 }, "geometry": { "type": "Point", "coordinates": [ -88.229414000072097, 19.400566999834911 ] } },
{ "type": "Feature", "properties": { "ent": "23", "entidad": "Quintana Roo", "mun": "23002", "municipio": "Felipe Carrillo Puerto", "loc": "230020034", "localidad": "Chancah Veracruz", "pob": 485.0 }, "geometry": { "type": "Point", "coordinates": [ -87.994321000027895, 19.494894000086216 ] } },
{ "type": "Feature", "properties": { "ent": "23", "entidad": "Quintana Roo", "mun": "23002", "municipio": "Felipe Carrillo Puerto", "loc": "230020036", "localidad": "Chanchén Comandante", "pob": 86.0 }, "geometry": { "type": "Point", "coordinates": [ -88.107079000155963, 19.838976999600913 ] } },
{ "type": "Feature", "properties": { "ent": "23", "entidad": "Quintana Roo", "mun": "23002", "municipio": "Felipe Carrillo Puerto", "loc": "230020041", "localidad": "Chun On", "pob": 382.0 }, "geometry": { "type": "Point", "coordinates": [ -87.870572000140356, 20.031236999879074 ] } },
{ "type": "Feature", "properties": { "ent": "23", "entidad": "Quintana Roo", "mun": "23002", "municipio": "Felipe Carrillo Puerto", "loc": "230020042", "localidad": "Chumpón", "pob": 910.0 }, "geometry": { "type": "Point", "coordinates": [ -87.811202999854103, 20.002826999542016 ] } },
{ "type": "Feature", "properties": { "ent": "23", "entidad": "Quintana Roo", "mun": "23002", "municipio": "Felipe Carrillo Puerto", "loc": "230020043", "localidad": "Chunhuás", "pob": 714.0 }, "geometry": { "type": "Point", "coordinates": [ -88.210289000387803, 19.632027000118356 ] } },
{ "type": "Feature", "properties": { "ent": "23", "entidad": "Quintana Roo", "mun": "23002", "municipio": "Felipe Carrillo Puerto", "loc": "230020044", "localidad": "Chunhuhub", "pob": 4375.0 }, "geometry": { "type": "Point", "coordinates": [ -88.592385999855452, 19.586066999618986 ] } },
{ "type": "Feature", "properties": { "ent": "23", "entidad": "Quintana Roo", "mun": "23002", "municipio": "Felipe Carrillo Puerto", "loc": "230020052", "localidad": "Dzoyola", "pob": 542.0 }, "geometry": { "type": "Point", "coordinates": [ -88.445299000422281, 19.942469999631559 ] } },
{ "type": "Feature", "properties": { "ent": "23", "entidad": "Quintana Roo", "mun": "23002", "municipio": "Felipe Carrillo Puerto", "loc": "230020053", "localidad": "Dzulá", "pob": 1150.0 }, "geometry": { "type": "Point", "coordinates": [ -88.415749999876425, 19.603322999940076 ] } },
{ "type": "Feature", "properties": { "ent": "23", "entidad": "Quintana Roo", "mun": "23002", "municipio": "Felipe Carrillo Puerto", "loc": "230020058", "localidad": "Filomeno Mata", "pob": 750.0 }, "geometry": { "type": "Point", "coordinates": [ -88.394579999584479, 19.859474999582975 ] } },
{ "type": "Feature", "properties": { "ent": "23", "entidad": "Quintana Roo", "mun": "23002", "municipio": "Felipe Carrillo Puerto", "loc": "230020065", "localidad": "Hobompich", "pob": 180.0 }, "geometry": { "type": "Point", "coordinates": [ -88.351110999755392, 19.808333000225993 ] } },
{ "type": "Feature", "properties": { "ent": "23", "entidad": "Quintana Roo", "mun": "23002", "municipio": "Felipe Carrillo Puerto", "loc": "230020073", "localidad": "Kancabchén", "pob": 27.0 }, "geometry": { "type": "Point", "coordinates": [ -88.155100999849836, 20.235226000024213 ] } },
{ "type": "Feature", "properties": { "ent": "23", "entidad": "Quintana Roo", "mun": "23002", "municipio": "Felipe Carrillo Puerto", "loc": "230020084", "localidad": "Kopchen", "pob": 578.0 }, "geometry": { "type": "Point", "coordinates": [ -88.153048000354616, 19.374016000225165 ] } },
{ "type": "Feature", "properties": { "ent": "23", "entidad": "Quintana Roo", "mun": "23002", "municipio": "Felipe Carrillo Puerto", "loc": "230020087", "localidad": "Laguna Kaná", "pob": 782.0 }, "geometry": { "type": "Point", "coordinates": [ -88.397591000079075, 19.501726999736103 ] } },
{ "type": "Feature", "properties": { "ent": "23", "entidad": "Quintana Roo", "mun": "23002", "municipio": "Felipe Carrillo Puerto", "loc": "230020101", "localidad": "Melchor Ocampo", "pob": 145.0 }, "geometry": { "type": "Point", "coordinates": [ -88.279092000388673, 20.02536099975919 ] } },
{ "type": "Feature", "properties": { "ent": "23", "entidad": "Quintana Roo", "mun": "23002", "municipio": "Felipe Carrillo Puerto", "loc": "230020105", "localidad": "Naranjal Poniente", "pob": 806.0 }, "geometry": { "type": "Point", "coordinates": [ -88.460548000025057, 19.361607000266758 ] } },
{ "type": "Feature", "properties": { "ent": "23", "entidad": "Quintana Roo", "mun": "23002", "municipio": "Felipe Carrillo Puerto", "loc": "230020108", "localidad": "Noh-Bec", "pob": 2052.0 }, "geometry": { "type": "Point", "coordinates": [ -88.16966599982581, 19.142811999542321 ] } },
{ "type": "Feature", "properties": { "ent": "23", "entidad": "Quintana Roo", "mun": "23002", "municipio": "Felipe Carrillo Puerto", "loc": "230020110", "localidad": "Noh-Cah", "pob": 77.0 }, "geometry": { "type": "Point", "coordinates": [ -88.159883000165138, 19.421678999867872 ] } },
{ "type": "Feature", "properties": { "ent": "23", "entidad": "Quintana Roo", "mun": "23002", "municipio": "Felipe Carrillo Puerto", "loc": "230020111", "localidad": "La Noria", "pob": 50.0 }, "geometry": { "type": "Point", "coordinates": [ -88.156928000156242, 20.210459000421249 ] } },
{ "type": "Feature", "properties": { "ent": "23", "entidad": "Quintana Roo", "mun": "23002", "municipio": "Felipe Carrillo Puerto", "loc": "230020118", "localidad": "Petcacab", "pob": 891.0 }, "geometry": { "type": "Point", "coordinates": [ -88.225412999949214, 19.29082299983979 ] } },
{ "type": "Feature", "properties": { "ent": "23", "entidad": "Quintana Roo", "mun": "23002", "municipio": "Felipe Carrillo Puerto", "loc": "230020125", "localidad": "Polinkín", "pob": 192.0 }, "geometry": { "type": "Point", "coordinates": [ -88.168406999680641, 19.174619000374776 ] } },
{ "type": "Feature", "properties": { "ent": "23", "entidad": "Quintana Roo", "mun": "23002", "municipio": "Felipe Carrillo Puerto", "loc": "230020126", "localidad": "Polyuc", "pob": 1148.0 }, "geometry": { "type": "Point", "coordinates": [ -88.562287000254926, 19.609332999819618 ] } },
{ "type": "Feature", "properties": { "ent": "23", "entidad": "Quintana Roo", "mun": "23002", "municipio": "Felipe Carrillo Puerto", "loc": "230020131", "localidad": "Presidente Juárez", "pob": 1034.0 }, "geometry": { "type": "Point", "coordinates": [ -88.56193499987647, 19.328782999722332 ] } },
{ "type": "Feature", "properties": { "ent": "23", "entidad": "Quintana Roo", "mun": "23002", "municipio": "Felipe Carrillo Puerto", "loc": "230020139", "localidad": "Ramonal", "pob": 383.0 }, "geometry": { "type": "Point", "coordinates": [ -88.619524999896271, 19.396841999718301 ] } },
{ "type": "Feature", "properties": { "ent": "23", "entidad": "Quintana Roo", "mun": "23002", "municipio": "Felipe Carrillo Puerto", "loc": "230020149", "localidad": "San Andrés", "pob": 349.0 }, "geometry": { "type": "Point", "coordinates": [ -88.131890000026132, 19.402090000272956 ] } },
{ "type": "Feature", "properties": { "ent": "23", "entidad": "Quintana Roo", "mun": "23002", "municipio": "Felipe Carrillo Puerto", "loc": "230020169", "localidad": "San Felipe Berriozábal", "pob": 475.0 }, "geometry": { "type": "Point", "coordinates": [ -88.168482000388281, 20.053365000199751 ] } },
{ "type": "Feature", "properties": { "ent": "23", "entidad": "Quintana Roo", "mun": "23002", "municipio": "Felipe Carrillo Puerto", "loc": "230020172", "localidad": "San Francisco Aké", "pob": 507.0 }, "geometry": { "type": "Point", "coordinates": [ -88.344577999909845, 19.956187000291273 ] } },
{ "type": "Feature", "properties": { "ent": "23", "entidad": "Quintana Roo", "mun": "23002", "municipio": "Felipe Carrillo Puerto", "loc": "230020182", "localidad": "San José Segundo", "pob": 226.0 }, "geometry": { "type": "Point", "coordinates": [ -88.227058000178076, 19.969992000277294 ] } },
{ "type": "Feature", "properties": { "ent": "23", "entidad": "Quintana Roo", "mun": "23002", "municipio": "Felipe Carrillo Puerto", "loc": "230020193", "localidad": "San Luis", "pob": 182.0 }, "geometry": { "type": "Point", "coordinates": [ -88.447649000116087, 19.646024999785169 ] } },
{ "type": "Feature", "properties": { "ent": "23", "entidad": "Quintana Roo", "mun": "23002", "municipio": "Felipe Carrillo Puerto", "loc": "230020207", "localidad": "San Ramón", "pob": 545.0 }, "geometry": { "type": "Point", "coordinates": [ -88.107966000142056, 20.145196000347905 ] } },
{ "type": "Feature", "properties": { "ent": "23", "entidad": "Quintana Roo", "mun": "23002", "municipio": "Felipe Carrillo Puerto", "loc": "230020221", "localidad": "Santa Lucía", "pob": 192.0 }, "geometry": { "type": "Point", "coordinates": [ -88.642312999661939, 19.382732000127433 ] } },
{ "type": "Feature", "properties": { "ent": "23", "entidad": "Quintana Roo", "mun": "23002", "municipio": "Felipe Carrillo Puerto", "loc": "230020225", "localidad": "Santa María Poniente", "pob": 804.0 }, "geometry": { "type": "Point", "coordinates": [ -88.407410999599165, 19.36763699975398 ] } },
{ "type": "Feature", "properties": { "ent": "23", "entidad": "Quintana Roo", "mun": "23002", "municipio": "Felipe Carrillo Puerto", "loc": "230020232", "localidad": "Santa Rosa Segundo", "pob": 946.0 }, "geometry": { "type": "Point", "coordinates": [ -88.261740999646165, 19.9789369997184 ] } },
{ "type": "Feature", "properties": { "ent": "23", "entidad": "Quintana Roo", "mun": "23002", "municipio": "Felipe Carrillo Puerto", "loc": "230020239", "localidad": "Señor", "pob": 3785.0 }, "geometry": { "type": "Point", "coordinates": [ -88.136032000359407, 19.843863000183536 ] } },
{ "type": "Feature", "properties": { "ent": "23", "entidad": "Quintana Roo", "mun": "23002", "municipio": "Felipe Carrillo Puerto", "loc": "230020243", "localidad": "Tabi", "pob": 350.0 }, "geometry": { "type": "Point", "coordinates": [ -88.265168999873424, 19.720655999933488 ] } },
{ "type": "Feature", "properties": { "ent": "23", "entidad": "Quintana Roo", "mun": "23002", "municipio": "Felipe Carrillo Puerto", "loc": "230020244", "localidad": "Tac-Chivo", "pob": 241.0 }, "geometry": { "type": "Point", "coordinates": [ -88.040833000223955, 20.221111000257689 ] } },
{ "type": "Feature", "properties": { "ent": "23", "entidad": "Quintana Roo", "mun": "23002", "municipio": "Felipe Carrillo Puerto", "loc": "230020248", "localidad": "Tepich", "pob": 3585.0 }, "geometry": { "type": "Point", "coordinates": [ -88.256408999915323, 20.241374999738408 ] } },
{ "type": "Feature", "properties": { "ent": "23", "entidad": "Quintana Roo", "mun": "23002", "municipio": "Felipe Carrillo Puerto", "loc": "230020250", "localidad": "Tihosuco", "pob": 5228.0 }, "geometry": { "type": "Point", "coordinates": [ -88.374147999988324, 20.197146999905751 ] } },
{ "type": "Feature", "properties": { "ent": "23", "entidad": "Quintana Roo", "mun": "23002", "municipio": "Felipe Carrillo Puerto", "loc": "230020251", "localidad": "Tixcacal Guardia", "pob": 757.0 }, "geometry": { "type": "Point", "coordinates": [ -88.175279000426698, 19.858630999622051 ] } },
{ "type": "Feature", "properties": { "ent": "23", "entidad": "Quintana Roo", "mun": "23002", "municipio": "Felipe Carrillo Puerto", "loc": "230020254", "localidad": "Trapich", "pob": 220.0 }, "geometry": { "type": "Point", "coordinates": [ -88.140513000014096, 20.013756999841576 ] } },
{ "type": "Feature", "properties": { "ent": "23", "entidad": "Quintana Roo", "mun": "23002", "municipio": "Felipe Carrillo Puerto", "loc": "230020259", "localidad": "Tuzik", "pob": 754.0 }, "geometry": { "type": "Point", "coordinates": [ -88.159277000030215, 19.915272999548264 ] } },
{ "type": "Feature", "properties": { "ent": "23", "entidad": "Quintana Roo", "mun": "23002", "municipio": "Felipe Carrillo Puerto", "loc": "230020262", "localidad": "Uh May", "pob": 481.0 }, "geometry": { "type": "Point", "coordinates": [ -88.048731999606218, 19.416403999559957 ] } },
{ "type": "Feature", "properties": { "ent": "23", "entidad": "Quintana Roo", "mun": "23002", "municipio": "Felipe Carrillo Puerto", "loc": "230020269", "localidad": "Xaan", "pob": 25.0 }, "geometry": { "type": "Point", "coordinates": [ -88.035193000316326, 20.00058900022238 ] } },
{ "type": "Feature", "properties": { "ent": "23", "entidad": "Quintana Roo", "mun": "23002", "municipio": "Felipe Carrillo Puerto", "loc": "230020276", "localidad": "X-Hazil Sur", "pob": 1488.0 }, "geometry": { "type": "Point", "coordinates": [ -88.075497000356989, 19.391321999869636 ] } },
{ "type": "Feature", "properties": { "ent": "23", "entidad": "Quintana Roo", "mun": "23002", "municipio": "Felipe Carrillo Puerto", "loc": "230020282", "localidad": "X-Pichil", "pob": 1227.0 }, "geometry": { "type": "Point", "coordinates": [ -88.377950999863302, 19.695633999642901 ] } },
{ "type": "Feature", "properties": { "ent": "23", "entidad": "Quintana Roo", "mun": "23002", "municipio": "Felipe Carrillo Puerto", "loc": "230020284", "localidad": "X-Yatil", "pob": 926.0 }, "geometry": { "type": "Point", "coordinates": [ -88.443912999811047, 19.662475000234227 ] } },
{ "type": "Feature", "properties": { "ent": "23", "entidad": "Quintana Roo", "mun": "23002", "municipio": "Felipe Carrillo Puerto", "loc": "230020285", "localidad": "Yaxché Chal", "pob": 37.0 }, "geometry": { "type": "Point", "coordinates": [ -88.088064000303007, 20.06589800003043 ] } },
{ "type": "Feature", "properties": { "ent": "23", "entidad": "Quintana Roo", "mun": "23002", "municipio": "Felipe Carrillo Puerto", "loc": "230020287", "localidad": "Yaxley", "pob": 629.0 }, "geometry": { "type": "Point", "coordinates": [ -88.19976700005634, 19.768204000293636 ] } },
{ "type": "Feature", "properties": { "ent": "23", "entidad": "Quintana Roo", "mun": "23002", "municipio": "Felipe Carrillo Puerto", "loc": "230020288", "localidad": "Yoactún", "pob": 533.0 }, "geometry": { "type": "Point", "coordinates": [ -88.358633999785511, 19.459390999827338 ] } },
{ "type": "Feature", "properties": { "ent": "23", "entidad": "Quintana Roo", "mun": "23002", "municipio": "Felipe Carrillo Puerto", "loc": "230020292", "localidad": "Yodzonot Chico", "pob": 148.0 }, "geometry": { "type": "Point", "coordinates": [ -87.948932000150165, 20.050133999830955 ] } },
{ "type": "Feature", "properties": { "ent": "23", "entidad": "Quintana Roo", "mun": "23002", "municipio": "Felipe Carrillo Puerto", "loc": "230020306", "localidad": "Andrés Quintana Roo", "pob": 420.0 }, "geometry": { "type": "Point", "coordinates": [ -88.103411000222678, 19.161881000088151 ] } },
{ "type": "Feature", "properties": { "ent": "23", "entidad": "Quintana Roo", "mun": "23002", "municipio": "Felipe Carrillo Puerto", "loc": "230020308", "localidad": "Canzepchén", "pob": 273.0 }, "geometry": { "type": "Point", "coordinates": [ -88.157610000461617, 20.012080000179903 ] } },
{ "type": "Feature", "properties": { "ent": "23", "entidad": "Quintana Roo", "mun": "23002", "municipio": "Felipe Carrillo Puerto", "loc": "230020312", "localidad": "Chan Chen Chuc", "pob": 43.0 }, "geometry": { "type": "Point", "coordinates": [ -88.39119599988517, 19.40100100024495 ] } },
{ "type": "Feature", "properties": { "ent": "23", "entidad": "Quintana Roo", "mun": "23002", "municipio": "Felipe Carrillo Puerto", "loc": "230020314", "localidad": "Chan Santa Cruz", "pob": 581.0 }, "geometry": { "type": "Point", "coordinates": [ -88.333043999963593, 19.369730999960705 ] } },
{ "type": "Feature", "properties": { "ent": "23", "entidad": "Quintana Roo", "mun": "23002", "municipio": "Felipe Carrillo Puerto", "loc": "230020322", "localidad": "Emiliano Zapata", "pob": 516.0 }, "geometry": { "type": "Point", "coordinates": [ -88.535001000350675, 19.203943999627842 ] } },
{ "type": "Feature", "properties": { "ent": "23", "entidad": "Quintana Roo", "mun": "23002", "municipio": "Felipe Carrillo Puerto", "loc": "230020324", "localidad": "Francisco I. Madero", "pob": 372.0 }, "geometry": { "type": "Point", "coordinates": [ -88.026447999926447, 20.15646199988063 ] } },
{ "type": "Feature", "properties": { "ent": "23", "entidad": "Quintana Roo", "mun": "23002", "municipio": "Felipe Carrillo Puerto", "loc": "230020325", "localidad": "Francisco May", "pob": 199.0 }, "geometry": { "type": "Point", "coordinates": [ -88.157480999917638, 20.153652999697737 ] } },
{ "type": "Feature", "properties": { "ent": "23", "entidad": "Quintana Roo", "mun": "23002", "municipio": "Felipe Carrillo Puerto", "loc": "230020336", "localidad": "Mixtequilla", "pob": 98.0 }, "geometry": { "type": "Point", "coordinates": [ -88.265491000491338, 19.386991999667941 ] } },
{ "type": "Feature", "properties": { "ent": "23", "entidad": "Quintana Roo", "mun": "23002", "municipio": "Felipe Carrillo Puerto", "loc": "230020339", "localidad": "Nueva Loría", "pob": 241.0 }, "geometry": { "type": "Point", "coordinates": [ -88.537062999606746, 19.301778999908731 ] } },
{ "type": "Feature", "properties": { "ent": "23", "entidad": "Quintana Roo", "mun": "23002", "municipio": "Felipe Carrillo Puerto", "loc": "230020340", "localidad": "Nuevo Israel", "pob": 381.0 }, "geometry": { "type": "Point", "coordinates": [ -88.552449999730698, 19.241687999591569 ] } },
{ "type": "Feature", "properties": { "ent": "23", "entidad": "Quintana Roo", "mun": "23002", "municipio": "Felipe Carrillo Puerto", "loc": "230020354", "localidad": "San Bartolo", "pob": 39.0 }, "geometry": { "type": "Point", "coordinates": [ -88.062867000079763, 20.161914999675901 ] } },
{ "type": "Feature", "properties": { "ent": "23", "entidad": "Quintana Roo", "mun": "23002", "municipio": "Felipe Carrillo Puerto", "loc": "230020358", "localidad": "San Hipólito", "pob": 40.0 }, "geometry": { "type": "Point", "coordinates": [ -87.999463000432755, 20.136804000171495 ] } },
{ "type": "Feature", "properties": { "ent": "23", "entidad": "Quintana Roo", "mun": "23002", "municipio": "Felipe Carrillo Puerto", "loc": "230020368", "localidad": "X-Konha", "pob": 92.0 }, "geometry": { "type": "Point", "coordinates": [ -88.101203999789419, 19.431738999577149 ] } },
{ "type": "Feature", "properties": { "ent": "23", "entidad": "Quintana Roo", "mun": "23002", "municipio": "Felipe Carrillo Puerto", "loc": "230020381", "localidad": "San Antonio Nuevo", "pob": 70.0 }, "geometry": { "type": "Point", "coordinates": [ -88.067064000265745, 19.626161999884715 ] } },
{ "type": "Feature", "properties": { "ent": "23", "entidad": "Quintana Roo", "mun": "23002", "municipio": "Felipe Carrillo Puerto", "loc": "230020399", "localidad": "José María Pino Suárez", "pob": 305.0 }, "geometry": { "type": "Point", "coordinates": [ -88.118632999653656, 19.804585999826806 ] } },
{ "type": "Feature", "properties": { "ent": "23", "entidad": "Quintana Roo", "mun": "23002", "municipio": "Felipe Carrillo Puerto", "loc": "230020400", "localidad": "Kampokolché", "pob": 639.0 }, "geometry": { "type": "Point", "coordinates": [ -88.33055099996507, 19.852509000404634 ] } },
{ "type": "Feature", "properties": { "ent": "23", "entidad": "Quintana Roo", "mun": "23002", "municipio": "Felipe Carrillo Puerto", "loc": "230020420", "localidad": "Reforma Agraria", "pob": 449.0 }, "geometry": { "type": "Point", "coordinates": [ -88.115155000332138, 19.19718600022544 ] } },
{ "type": "Feature", "properties": { "ent": "23", "entidad": "Quintana Roo", "mun": "23002", "municipio": "Felipe Carrillo Puerto", "loc": "230020432", "localidad": "Santa Isabel", "pob": 55.0 }, "geometry": { "type": "Point", "coordinates": [ -88.097207000151315, 19.469102999690627 ] } },
{ "type": "Feature", "properties": { "ent": "23", "entidad": "Quintana Roo", "mun": "23002", "municipio": "Felipe Carrillo Puerto", "loc": "230020445", "localidad": "Yodzonot Nuevo", "pob": 92.0 }, "geometry": { "type": "Point", "coordinates": [ -88.288392999693855, 19.785229999747045 ] } },
{ "type": "Feature", "properties": { "ent": "23", "entidad": "Quintana Roo", "mun": "23002", "municipio": "Felipe Carrillo Puerto", "loc": "230020455", "localidad": "María Elena", "pob": 28.0 }, "geometry": { "type": "Point", "coordinates": [ -87.51747300025724, 19.405967000175586 ] } },
{ "type": "Feature", "properties": { "ent": "23", "entidad": "Quintana Roo", "mun": "23002", "municipio": "Felipe Carrillo Puerto", "loc": "230020456", "localidad": "Punta Herrero", "pob": 20.0 }, "geometry": { "type": "Point", "coordinates": [ -87.462248000049044, 19.321011000083093 ] } },
{ "type": "Feature", "properties": { "ent": "23", "entidad": "Quintana Roo", "mun": "23002", "municipio": "Felipe Carrillo Puerto", "loc": "230020535", "localidad": "Chun-Yah", "pob": 1100.0 }, "geometry": { "type": "Point", "coordinates": [ -87.926960000403298, 20.101727000441731 ] } },
{ "type": "Feature", "properties": { "ent": "23", "entidad": "Quintana Roo", "mun": "23002", "municipio": "Felipe Carrillo Puerto", "loc": "230020536", "localidad": "Chunyaxché", "pob": 328.0 }, "geometry": { "type": "Point", "coordinates": [ -87.61486999978726, 20.077826000127995 ] } },
{ "type": "Feature", "properties": { "ent": "23", "entidad": "Quintana Roo", "mun": "23002", "municipio": "Felipe Carrillo Puerto", "loc": "230020584", "localidad": "Kankabdzonot", "pob": 157.0 }, "geometry": { "type": "Point", "coordinates": [ -87.961998999810447, 20.13657400023752 ] } },
{ "type": "Feature", "properties": { "ent": "23", "entidad": "Quintana Roo", "mun": "23002", "municipio": "Felipe Carrillo Puerto", "loc": "230020587", "localidad": "Cecilio Chí (Kilómetro Sesenta y Cuatro)", "pob": 110.0 }, "geometry": { "type": "Point", "coordinates": [ -87.669843000153222, 20.022298999773749 ] } },
{ "type": "Feature", "properties": { "ent": "23", "entidad": "Quintana Roo", "mun": "23002", "municipio": "Felipe Carrillo Puerto", "loc": "230020612", "localidad": "Nohkancab", "pob": 11.0 }, "geometry": { "type": "Point", "coordinates": [ -87.992987999921297, 19.813798000153163 ] } },
{ "type": "Feature", "properties": { "ent": "23", "entidad": "Quintana Roo", "mun": "23002", "municipio": "Felipe Carrillo Puerto", "loc": "230020620", "localidad": "Laguna Pucté", "pob": 14.0 }, "geometry": { "type": "Point", "coordinates": [ -88.081173999763365, 19.470394000096455 ] } },
{ "type": "Feature", "properties": { "ent": "23", "entidad": "Quintana Roo", "mun": "23002", "municipio": "Felipe Carrillo Puerto", "loc": "230020648", "localidad": "Sahcabchén", "pob": 24.0 }, "geometry": { "type": "Point", "coordinates": [ -87.927316999666488, 20.172475999556028 ] } },
{ "type": "Feature", "properties": { "ent": "23", "entidad": "Quintana Roo", "mun": "23002", "municipio": "Felipe Carrillo Puerto", "loc": "230020657", "localidad": "San Antonio Segundo", "pob": 21.0 }, "geometry": { "type": "Point", "coordinates": [ -88.001397000442097, 19.892334000035788 ] } },
{ "type": "Feature", "properties": { "ent": "23", "entidad": "Quintana Roo", "mun": "23002", "municipio": "Felipe Carrillo Puerto", "loc": "230020658", "localidad": "San Antonio Nuevo", "pob": 86.0 }, "geometry": { "type": "Point", "coordinates": [ -87.968702999664245, 20.140558999722678 ] } },
{ "type": "Feature", "properties": { "ent": "23", "entidad": "Quintana Roo", "mun": "23002", "municipio": "Felipe Carrillo Puerto", "loc": "230020707", "localidad": "Santa Amalia", "pob": 85.0 }, "geometry": { "type": "Point", "coordinates": [ -87.86260299996286, 19.765772000269013 ] } },
{ "type": "Feature", "properties": { "ent": "23", "entidad": "Quintana Roo", "mun": "23002", "municipio": "Felipe Carrillo Puerto", "loc": "230020738", "localidad": "Tres Reyes", "pob": 65.0 }, "geometry": { "type": "Point", "coordinates": [ -87.86145899969317, 19.836201999921204 ] } },
{ "type": "Feature", "properties": { "ent": "23", "entidad": "Quintana Roo", "mun": "23002", "municipio": "Felipe Carrillo Puerto", "loc": "230020740", "localidad": "Tuzik II", "pob": 26.0 }, "geometry": { "type": "Point", "coordinates": [ -88.013496000332893, 20.191822999852594 ] } },
{ "type": "Feature", "properties": { "ent": "23", "entidad": "Quintana Roo", "mun": "23002", "municipio": "Felipe Carrillo Puerto", "loc": "230020768", "localidad": "X-Hazil Norte", "pob": 213.0 }, "geometry": { "type": "Point", "coordinates": [ -87.982490999885457, 20.214389000070366 ] } },
{ "type": "Feature", "properties": { "ent": "23", "entidad": "Quintana Roo", "mun": "23002", "municipio": "Felipe Carrillo Puerto", "loc": "230020869", "localidad": "Tzukum", "pob": 25.0 }, "geometry": { "type": "Point", "coordinates": [ -88.150000000153867, 19.751388999842739 ] } },
{ "type": "Feature", "properties": { "ent": "23", "entidad": "Quintana Roo", "mun": "23002", "municipio": "Felipe Carrillo Puerto", "loc": "230020911", "localidad": "Dzaptún", "pob": 22.0 }, "geometry": { "type": "Point", "coordinates": [ -88.074905999867838, 20.265840999721021 ] } },
{ "type": "Feature", "properties": { "ent": "23", "entidad": "Quintana Roo", "mun": "23002", "municipio": "Felipe Carrillo Puerto", "loc": "230020978", "localidad": "X-Hazil Primero", "pob": 67.0 }, "geometry": { "type": "Point", "coordinates": [ -87.992166999800844, 20.170792000251829 ] } },
{ "type": "Feature", "properties": { "ent": "23", "entidad": "Quintana Roo", "mun": "23002", "municipio": "Felipe Carrillo Puerto", "loc": "230021046", "localidad": "Yodzonot", "pob": 10.0 }, "geometry": { "type": "Point", "coordinates": [ -87.927030999562163, 19.999514000248595 ] } },
{ "type": "Feature", "properties": { "ent": "23", "entidad": "Quintana Roo", "mun": "23002", "municipio": "Felipe Carrillo Puerto", "loc": "230021061", "localidad": "Cruz-Chen", "pob": 28.0 }, "geometry": { "type": "Point", "coordinates": [ -88.060949999752424, 20.321958000211787 ] } },
{ "type": "Feature", "properties": { "ent": "23", "entidad": "Quintana Roo", "mun": "23002", "municipio": "Felipe Carrillo Puerto", "loc": "230021065", "localidad": "San Salvador", "pob": 72.0 }, "geometry": { "type": "Point", "coordinates": [ -88.072970999707053, 20.328270999898201 ] } },
{ "type": "Feature", "properties": { "ent": "23", "entidad": "Quintana Roo", "mun": "23002", "municipio": "Felipe Carrillo Puerto", "loc": "230021066", "localidad": "Villahermosa", "pob": 241.0 }, "geometry": { "type": "Point", "coordinates": [ -88.070318999894084, 20.278695999818908 ] } },
{ "type": "Feature", "properties": { "ent": "23", "entidad": "Quintana Roo", "mun": "23002", "municipio": "Felipe Carrillo Puerto", "loc": "230021072", "localidad": "José María Pino Suárez", "pob": 39.0 }, "geometry": { "type": "Point", "coordinates": [ -87.592369999838922, 20.110627000272416 ] } },
{ "type": "Feature", "properties": { "ent": "23", "entidad": "Quintana Roo", "mun": "23002", "municipio": "Felipe Carrillo Puerto", "loc": "230021073", "localidad": "Mulichén", "pob": 24.0 }, "geometry": { "type": "Point", "coordinates": [ -88.028353999873119, 20.248698000089924 ] } },
{ "type": "Feature", "properties": { "ent": "23", "entidad": "Quintana Roo", "mun": "23002", "municipio": "Felipe Carrillo Puerto", "loc": "230021075", "localidad": "San Silverio", "pob": 638.0 }, "geometry": { "type": "Point", "coordinates": [ -88.036973999643124, 20.359251000361322 ] } },
{ "type": "Feature", "properties": { "ent": "23", "entidad": "Quintana Roo", "mun": "23002", "municipio": "Felipe Carrillo Puerto", "loc": "230021078", "localidad": "Yalchén", "pob": 588.0 }, "geometry": { "type": "Point", "coordinates": [ -88.016054000421761, 20.309945999896932 ] } },
{ "type": "Feature", "properties": { "ent": "23", "entidad": "Quintana Roo", "mun": "23003", "municipio": "Isla Mujeres", "loc": "230030001", "localidad": "Isla Mujeres", "pob": 13174.0 }, "geometry": { "type": "Point", "coordinates": [ -86.746092000045849, 21.256569000384193 ] } },
{ "type": "Feature", "properties": { "ent": "23", "entidad": "Quintana Roo", "mun": "23003", "municipio": "Isla Mujeres", "loc": "230030092", "localidad": "Punta Sam", "pob": 108.0 }, "geometry": { "type": "Point", "coordinates": [ -86.801196000492055, 21.23368399973819 ] } },
{ "type": "Feature", "properties": { "ent": "23", "entidad": "Quintana Roo", "mun": "23003", "municipio": "Isla Mujeres", "loc": "230030093", "localidad": "Rancho Viejo", "pob": 527.0 }, "geometry": { "type": "Point", "coordinates": [ -86.911105999833566, 21.256741000345706 ] } },
{ "type": "Feature", "properties": { "ent": "23", "entidad": "Quintana Roo", "mun": "23003", "municipio": "Isla Mujeres", "loc": "230030177", "localidad": "La Morena", "pob": 92.0 }, "geometry": { "type": "Point", "coordinates": [ -86.867082000260552, 21.240538000339896 ] } },
{ "type": "Feature", "properties": { "ent": "23", "entidad": "Quintana Roo", "mun": "23003", "municipio": "Isla Mujeres", "loc": "230030180", "localidad": "Centauros [Colonia]", "pob": 89.0 }, "geometry": { "type": "Point", "coordinates": [ -86.863853999937859, 21.238994000404396 ] } },
{ "type": "Feature", "properties": { "ent": "23", "entidad": "Quintana Roo", "mun": "23003", "municipio": "Isla Mujeres", "loc": "230030227", "localidad": "San Francisco", "pob": 49.0 }, "geometry": { "type": "Point", "coordinates": [ -86.893889000120467, 21.248333000042258 ] } },
{ "type": "Feature", "properties": { "ent": "23", "entidad": "Quintana Roo", "mun": "23003", "municipio": "Isla Mujeres", "loc": "230030286", "localidad": "Zona Urbana Ejido Isla Mujeres", "pob": 6668.0 }, "geometry": { "type": "Point", "coordinates": [ -86.854989999866987, 21.224796999972327 ] } },
{ "type": "Feature", "properties": { "ent": "23", "entidad": "Quintana Roo", "mun": "23003", "municipio": "Isla Mujeres", "loc": "230030352", "localidad": "Francisco May", "pob": 284.0 }, "geometry": { "type": "Point", "coordinates": [ -87.087489000266842, 21.280075000393232 ] } },
{ "type": "Feature", "properties": { "ent": "23", "entidad": "Quintana Roo", "mun": "23003", "municipio": "Isla Mujeres", "loc": "230030386", "localidad": "El Palomo", "pob": 11.0 }, "geometry": { "type": "Point", "coordinates": [ -87.08847899966301, 21.213122000349173 ] } },
{ "type": "Feature", "properties": { "ent": "23", "entidad": "Quintana Roo", "mun": "23003", "municipio": "Isla Mujeres", "loc": "230030395", "localidad": "Residencial Arrecifes", "pob": 11.0 }, "geometry": { "type": "Point", "coordinates": [ -86.802832999703426, 21.222101999909782 ] } },
{ "type": "Feature", "properties": { "ent": "23", "entidad": "Quintana Roo", "mun": "23003", "municipio": "Isla Mujeres", "loc": "230030403", "localidad": "San Manuel", "pob": 11.0 }, "geometry": { "type": "Point", "coordinates": [ -86.850121999603303, 21.231586999912754 ] } },
{ "type": "Feature", "properties": { "ent": "23", "entidad": "Quintana Roo", "mun": "23003", "municipio": "Isla Mujeres", "loc": "230030421", "localidad": "Escénica", "pob": 35.0 }, "geometry": { "type": "Point", "coordinates": [ -86.802534000476001, 21.226108999713031 ] } },
{ "type": "Feature", "properties": { "ent": "23", "entidad": "Quintana Roo", "mun": "23003", "municipio": "Isla Mujeres", "loc": "230030427", "localidad": "Mecades", "pob": 43.0 }, "geometry": { "type": "Point", "coordinates": [ -86.888760000036214, 21.249547000406348 ] } },
{ "type": "Feature", "properties": { "ent": "23", "entidad": "Quintana Roo", "mun": "23003", "municipio": "Isla Mujeres", "loc": "230030448", "localidad": "Tres de Septiembre", "pob": 18.0 }, "geometry": { "type": "Point", "coordinates": [ -86.870832999952555, 21.230000000316195 ] } },
{ "type": "Feature", "properties": { "ent": "23", "entidad": "Quintana Roo", "mun": "23003", "municipio": "Isla Mujeres", "loc": "230030469", "localidad": "La Providencia", "pob": 24.0 }, "geometry": { "type": "Point", "coordinates": [ -86.881327999655554, 21.243165999729641 ] } },
{ "type": "Feature", "properties": { "ent": "23", "entidad": "Quintana Roo", "mun": "23003", "municipio": "Isla Mujeres", "loc": "230030475", "localidad": "La Victoria", "pob": 531.0 }, "geometry": { "type": "Point", "coordinates": [ -86.861413000117224, 21.242875999780235 ] } },
{ "type": "Feature", "properties": { "ent": "23", "entidad": "Quintana Roo", "mun": "23003", "municipio": "Isla Mujeres", "loc": "230030476", "localidad": "La Amada [Residencial]", "pob": 70.0 }, "geometry": { "type": "Point", "coordinates": [ -86.8065389998862, 21.240867000063993 ] } },
{ "type": "Feature", "properties": { "ent": "23", "entidad": "Quintana Roo", "mun": "23003", "municipio": "Isla Mujeres", "loc": "230030478", "localidad": "El Alba [Colonia]", "pob": 98.0 }, "geometry": { "type": "Point", "coordinates": [ -86.869664000330019, 21.241198999684642 ] } },
{ "type": "Feature", "properties": { "ent": "23", "entidad": "Quintana Roo", "mun": "23003", "municipio": "Isla Mujeres", "loc": "230030500", "localidad": "Minas de Rancho Viejo", "pob": 420.0 }, "geometry": { "type": "Point", "coordinates": [ -86.865324000347883, 21.241150000368467 ] } },
{ "type": "Feature", "properties": { "ent": "23", "entidad": "Quintana Roo", "mun": "23003", "municipio": "Isla Mujeres", "loc": "230030535", "localidad": "La Luna", "pob": 86.0 }, "geometry": { "type": "Point", "coordinates": [ -86.871908999628118, 21.243137000036356 ] } },
{ "type": "Feature", "properties": { "ent": "23", "entidad": "Quintana Roo", "mun": "23003", "municipio": "Isla Mujeres", "loc": "230030555", "localidad": "Cytzae", "pob": 14.0 }, "geometry": { "type": "Point", "coordinates": [ -86.896874000485042, 21.248554999945963 ] } },
{ "type": "Feature", "properties": { "ent": "23", "entidad": "Quintana Roo", "mun": "23003", "municipio": "Isla Mujeres", "loc": "230030557", "localidad": "La Fortaleza", "pob": 67.0 }, "geometry": { "type": "Point", "coordinates": [ -86.838452000436916, 21.222496999777398 ] } },
{ "type": "Feature", "properties": { "ent": "23", "entidad": "Quintana Roo", "mun": "23004", "municipio": "Othón P. Blanco", "loc": "230040001", "localidad": "Chetumal", "pob": 169028.0 }, "geometry": { "type": "Point", "coordinates": [ -88.297898999850759, 18.493888999895237 ] } },
{ "type": "Feature", "properties": { "ent": "23", "entidad": "Quintana Roo", "mun": "23004", "municipio": "Othón P. Blanco", "loc": "230040007", "localidad": "Álvaro Obregón Viejo", "pob": 133.0 }, "geometry": { "type": "Point", "coordinates": [ -88.608650000342365, 18.304641000240618 ] } },
{ "type": "Feature", "properties": { "ent": "23", "entidad": "Quintana Roo", "mun": "23004", "municipio": "Othón P. Blanco", "loc": "230040008", "localidad": "Allende", "pob": 939.0 }, "geometry": { "type": "Point", "coordinates": [ -88.553129999571695, 18.382073999995796 ] } },
{ "type": "Feature", "properties": { "ent": "23", "entidad": "Quintana Roo", "mun": "23004", "municipio": "Othón P. Blanco", "loc": "230040014", "localidad": "Cacao", "pob": 2079.0 }, "geometry": { "type": "Point", "coordinates": [ -88.695251999788709, 18.193720999724384 ] } },
{ "type": "Feature", "properties": { "ent": "23", "entidad": "Quintana Roo", "mun": "23004", "municipio": "Othón P. Blanco", "loc": "230040016", "localidad": "Calderitas", "pob": 5551.0 }, "geometry": { "type": "Point", "coordinates": [ -88.252582999833209, 18.556223999580414 ] } },
{ "type": "Feature", "properties": { "ent": "23", "entidad": "Quintana Roo", "mun": "23004", "municipio": "Othón P. Blanco", "loc": "230040018", "localidad": "Caobas", "pob": 1507.0 }, "geometry": { "type": "Point", "coordinates": [ -89.101978000460988, 18.445561000129157 ] } },
{ "type": "Feature", "properties": { "ent": "23", "entidad": "Quintana Roo", "mun": "23004", "municipio": "Othón P. Blanco", "loc": "230040033", "localidad": "Francisco Villa", "pob": 963.0 }, "geometry": { "type": "Point", "coordinates": [ -88.844015000345493, 18.477729000069253 ] } },
{ "type": "Feature", "properties": { "ent": "23", "entidad": "Quintana Roo", "mun": "23004", "municipio": "Othón P. Blanco", "loc": "230040037", "localidad": "Huay-Pix", "pob": 1841.0 }, "geometry": { "type": "Point", "coordinates": [ -88.423508999871245, 18.517701000051531 ] } },
{ "type": "Feature", "properties": { "ent": "23", "entidad": "Quintana Roo", "mun": "23004", "municipio": "Othón P. Blanco", "loc": "230040038", "localidad": "Jesús González Ortega", "pob": 717.0 }, "geometry": { "type": "Point", "coordinates": [ -88.669612999917661, 18.487049999931379 ] } },
{ "type": "Feature", "properties": { "ent": "23", "entidad": "Quintana Roo", "mun": "23004", "municipio": "Othón P. Blanco", "loc": "230040039", "localidad": "Juan Sarabia", "pob": 1305.0 }, "geometry": { "type": "Point", "coordinates": [ -88.480198000460035, 18.493831999670711 ] } },
{ "type": "Feature", "properties": { "ent": "23", "entidad": "Quintana Roo", "mun": "23004", "municipio": "Othón P. Blanco", "loc": "230040050", "localidad": "Laguna Guerrero", "pob": 720.0 }, "geometry": { "type": "Point", "coordinates": [ -88.265132999605285, 18.690011999923307 ] } },
{ "type": "Feature", "properties": { "ent": "23", "entidad": "Quintana Roo", "mun": "23004", "municipio": "Othón P. Blanco", "loc": "230040053", "localidad": "Mahahual", "pob": 2636.0 }, "geometry": { "type": "Point", "coordinates": [ -87.708393000379544, 18.716683000152724 ] } },
{ "type": "Feature", "properties": { "ent": "23", "entidad": "Quintana Roo", "mun": "23004", "municipio": "Othón P. Blanco", "loc": "230040060", "localidad": "Nachi Cocom", "pob": 878.0 }, "geometry": { "type": "Point", "coordinates": [ -88.7506280000391, 18.482515999815142 ] } },
{ "type": "Feature", "properties": { "ent": "23", "entidad": "Quintana Roo", "mun": "23004", "municipio": "Othón P. Blanco", "loc": "230040064", "localidad": "Nicolás Bravo", "pob": 3699.0 }, "geometry": { "type": "Point", "coordinates": [ -88.931977999876565, 18.458535999862104 ] } },
{ "type": "Feature", "properties": { "ent": "23", "entidad": "Quintana Roo", "mun": "23004", "municipio": "Othón P. Blanco", "loc": "230040067", "localidad": "Palmar", "pob": 1102.0 }, "geometry": { "type": "Point", "coordinates": [ -88.529272999957556, 18.446758000297184 ] } },
{ "type": "Feature", "properties": { "ent": "23", "entidad": "Quintana Roo", "mun": "23004", "municipio": "Othón P. Blanco", "loc": "230040073", "localidad": "Ramonal", "pob": 1061.0 }, "geometry": { "type": "Point", "coordinates": [ -88.531018000349775, 18.419456999831734 ] } },
{ "type": "Feature", "properties": { "ent": "23", "entidad": "Quintana Roo", "mun": "23004", "municipio": "Othón P. Blanco", "loc": "230040075", "localidad": "Río Indio", "pob": 24.0 }, "geometry": { "type": "Point", "coordinates": [ -87.667456999690685, 18.808625999965795 ] } },
{ "type": "Feature", "properties": { "ent": "23", "entidad": "Quintana Roo", "mun": "23004", "municipio": "Othón P. Blanco", "loc": "230040077", "localidad": "Sabidos", "pob": 1532.0 }, "geometry": { "type": "Point", "coordinates": [ -88.589894999752914, 18.356733999670869 ] } },
{ "type": "Feature", "properties": { "ent": "23", "entidad": "Quintana Roo", "mun": "23004", "municipio": "Othón P. Blanco", "loc": "230040098", "localidad": "Subteniente López", "pob": 2452.0 }, "geometry": { "type": "Point", "coordinates": [ -88.394911999564883, 18.495052999605875 ] } },
{ "type": "Feature", "properties": { "ent": "23", "entidad": "Quintana Roo", "mun": "23004", "municipio": "Othón P. Blanco", "loc": "230040104", "localidad": "Ucum", "pob": 1676.0 }, "geometry": { "type": "Point", "coordinates": [ -88.519438000356587, 18.50574099961884 ] } },
{ "type": "Feature", "properties": { "ent": "23", "entidad": "Quintana Roo", "mun": "23004", "municipio": "Othón P. Blanco", "loc": "230040107", "localidad": "Rancho de los Vallejo", "pob": 17.0 }, "geometry": { "type": "Point", "coordinates": [ -88.370167000226544, 18.514652000211981 ] } },
{ "type": "Feature", "properties": { "ent": "23", "entidad": "Quintana Roo", "mun": "23004", "municipio": "Othón P. Blanco", "loc": "230040110", "localidad": "Sacxán", "pob": 1080.0 }, "geometry": { "type": "Point", "coordinates": [ -88.519955999637787, 18.465570999878601 ] } },
{ "type": "Feature", "properties": { "ent": "23", "entidad": "Quintana Roo", "mun": "23004", "municipio": "Othón P. Blanco", "loc": "230040114", "localidad": "Xul-Ha", "pob": 2341.0 }, "geometry": { "type": "Point", "coordinates": [ -88.466015999895575, 18.554310999925203 ] } },
{ "type": "Feature", "properties": { "ent": "23", "entidad": "Quintana Roo", "mun": "23004", "municipio": "Othón P. Blanco", "loc": "230040119", "localidad": "San Pedro Peralta", "pob": 683.0 }, "geometry": { "type": "Point", "coordinates": [ -88.856360999936456, 18.70163900016362 ] } },
{ "type": "Feature", "properties": { "ent": "23", "entidad": "Quintana Roo", "mun": "23004", "municipio": "Othón P. Blanco", "loc": "230040123", "localidad": "Javier Rojo Gómez", "pob": 3103.0 }, "geometry": { "type": "Point", "coordinates": [ -88.681338999950512, 18.274043999817881 ] } },
{ "type": "Feature", "properties": { "ent": "23", "entidad": "Quintana Roo", "mun": "23004", "municipio": "Othón P. Blanco", "loc": "230040124", "localidad": "Álvaro Obregón", "pob": 2841.0 }, "geometry": { "type": "Point", "coordinates": [ -88.648110999608377, 18.299335999912877 ] } },
{ "type": "Feature", "properties": { "ent": "23", "entidad": "Quintana Roo", "mun": "23004", "municipio": "Othón P. Blanco", "loc": "230040136", "localidad": "Carlos A. Madrazo", "pob": 1951.0 }, "geometry": { "type": "Point", "coordinates": [ -88.529109000161327, 18.500420999984467 ] } },
{ "type": "Feature", "properties": { "ent": "23", "entidad": "Quintana Roo", "mun": "23004", "municipio": "Othón P. Blanco", "loc": "230040163", "localidad": "Lázaro Cárdenas Segundo", "pob": 769.0 }, "geometry": { "type": "Point", "coordinates": [ -88.858498000246414, 18.701441999872657 ] } },
{ "type": "Feature", "properties": { "ent": "23", "entidad": "Quintana Roo", "mun": "23004", "municipio": "Othón P. Blanco", "loc": "230040184", "localidad": "Pucté", "pob": 2040.0 }, "geometry": { "type": "Point", "coordinates": [ -88.667281999556693, 18.229994000115788 ] } },
{ "type": "Feature", "properties": { "ent": "23", "entidad": "Quintana Roo", "mun": "23004", "municipio": "Othón P. Blanco", "loc": "230040190", "localidad": "San Fernando", "pob": 11.0 }, "geometry": { "type": "Point", "coordinates": [ -88.259005999877502, 18.586123000151183 ] } },
{ "type": "Feature", "properties": { "ent": "23", "entidad": "Quintana Roo", "mun": "23004", "municipio": "Othón P. Blanco", "loc": "230040201", "localidad": "Sergio Butrón Casas", "pob": 2138.0 }, "geometry": { "type": "Point", "coordinates": [ -88.569891000070442, 18.51347499999688 ] } },
{ "type": "Feature", "properties": { "ent": "23", "entidad": "Quintana Roo", "mun": "23004", "municipio": "Othón P. Blanco", "loc": "230040216", "localidad": "Arco Iris", "pob": 33.0 }, "geometry": { "type": "Point", "coordinates": [ -88.467633000254537, 18.537311999706169 ] } },
{ "type": "Feature", "properties": { "ent": "23", "entidad": "Quintana Roo", "mun": "23004", "municipio": "Othón P. Blanco", "loc": "230040225", "localidad": "Luis Echeverría Álvarez", "pob": 867.0 }, "geometry": { "type": "Point", "coordinates": [ -88.219127000222741, 18.657210999863853 ] } },
{ "type": "Feature", "properties": { "ent": "23", "entidad": "Quintana Roo", "mun": "23004", "municipio": "Othón P. Blanco", "loc": "230040240", "localidad": "Limonar", "pob": 144.0 }, "geometry": { "type": "Point", "coordinates": [ -88.876832999824671, 18.794268000068424 ] } },
{ "type": "Feature", "properties": { "ent": "23", "entidad": "Quintana Roo", "mun": "23004", "municipio": "Othón P. Blanco", "loc": "230040245", "localidad": "Morocoy", "pob": 1436.0 }, "geometry": { "type": "Point", "coordinates": [ -88.810476999771083, 18.603623999600071 ] } },
{ "type": "Feature", "properties": { "ent": "23", "entidad": "Quintana Roo", "mun": "23004", "municipio": "Othón P. Blanco", "loc": "230040252", "localidad": "Nuevo Bécar", "pob": 431.0 }, "geometry": { "type": "Point", "coordinates": [ -89.13249500011473, 18.723919000050273 ] } },
{ "type": "Feature", "properties": { "ent": "23", "entidad": "Quintana Roo", "mun": "23004", "municipio": "Othón P. Blanco", "loc": "230040264", "localidad": "Raudales", "pob": 246.0 }, "geometry": { "type": "Point", "coordinates": [ -88.254521999697005, 18.709197000392496 ] } },
{ "type": "Feature", "properties": { "ent": "23", "entidad": "Quintana Roo", "mun": "23004", "municipio": "Othón P. Blanco", "loc": "230040290", "localidad": "Cinco de Mayo", "pob": 106.0 }, "geometry": { "type": "Point", "coordinates": [ -89.135636999741266, 18.786950999527321 ] } },
{ "type": "Feature", "properties": { "ent": "23", "entidad": "Quintana Roo", "mun": "23004", "municipio": "Othón P. Blanco", "loc": "230040303", "localidad": "La Libertad", "pob": 382.0 }, "geometry": { "type": "Point", "coordinates": [ -88.856737999635513, 18.759376999795489 ] } },
{ "type": "Feature", "properties": { "ent": "23", "entidad": "Quintana Roo", "mun": "23004", "municipio": "Othón P. Blanco", "loc": "230040305", "localidad": "Nuevo Caanán", "pob": 284.0 }, "geometry": { "type": "Point", "coordinates": [ -89.069735999642461, 18.821245999931623 ] } },
{ "type": "Feature", "properties": { "ent": "23", "entidad": "Quintana Roo", "mun": "23004", "municipio": "Othón P. Blanco", "loc": "230040319", "localidad": "San José de la Montaña", "pob": 205.0 }, "geometry": { "type": "Point", "coordinates": [ -89.013443999983267, 18.375231999644097 ] } },
{ "type": "Feature", "properties": { "ent": "23", "entidad": "Quintana Roo", "mun": "23004", "municipio": "Othón P. Blanco", "loc": "230040327", "localidad": "Veracruz", "pob": 190.0 }, "geometry": { "type": "Point", "coordinates": [ -89.088413000357505, 18.736170999853044 ] } },
{ "type": "Feature", "properties": { "ent": "23", "entidad": "Quintana Roo", "mun": "23004", "municipio": "Othón P. Blanco", "loc": "230040365", "localidad": "Xóchitl", "pob": 12.0 }, "geometry": { "type": "Point", "coordinates": [ -88.377685999828714, 18.517173999986436 ] } },
{ "type": "Feature", "properties": { "ent": "23", "entidad": "Quintana Roo", "mun": "23004", "municipio": "Othón P. Blanco", "loc": "230040372", "localidad": "California", "pob": 48.0 }, "geometry": { "type": "Point", "coordinates": [ -89.062771000061971, 18.768541999618819 ] } },
{ "type": "Feature", "properties": { "ent": "23", "entidad": "Quintana Roo", "mun": "23004", "municipio": "Othón P. Blanco", "loc": "230040447", "localidad": "El Cedral", "pob": 325.0 }, "geometry": { "type": "Point", "coordinates": [ -88.976394000087865, 18.702354000144734 ] } },
{ "type": "Feature", "properties": { "ent": "23", "entidad": "Quintana Roo", "mun": "23004", "municipio": "Othón P. Blanco", "loc": "230040581", "localidad": "El Matorral", "pob": 10.0 }, "geometry": { "type": "Point", "coordinates": [ -88.363516999687036, 18.51382099957836 ] } },
{ "type": "Feature", "properties": { "ent": "23", "entidad": "Quintana Roo", "mun": "23004", "municipio": "Othón P. Blanco", "loc": "230040799", "localidad": "El Naranjo", "pob": 15.0 }, "geometry": { "type": "Point", "coordinates": [ -88.818033999616574, 18.579305999524561 ] } },
{ "type": "Feature", "properties": { "ent": "23", "entidad": "Quintana Roo", "mun": "23004", "municipio": "Othón P. Blanco", "loc": "230040800", "localidad": "Pedro Joaquín Coldwell", "pob": 796.0 }, "geometry": { "type": "Point", "coordinates": [ -88.663491999976458, 18.250206000251389 ] } },
{ "type": "Feature", "properties": { "ent": "23", "entidad": "Quintana Roo", "mun": "23004", "municipio": "Othón P. Blanco", "loc": "230040824", "localidad": "Kilómetro Ocho", "pob": 19.0 }, "geometry": { "type": "Point", "coordinates": [ -88.372469000214778, 18.515786000447793 ] } },
{ "type": "Feature", "properties": { "ent": "23", "entidad": "Quintana Roo", "mun": "23004", "municipio": "Othón P. Blanco", "loc": "230040839", "localidad": "El Paraíso", "pob": 10.0 }, "geometry": { "type": "Point", "coordinates": [ -88.374664999571863, 18.515163999809481 ] } },
{ "type": "Feature", "properties": { "ent": "23", "entidad": "Quintana Roo", "mun": "23004", "municipio": "Othón P. Blanco", "loc": "230040840", "localidad": "Parque Industrial", "pob": 14.0 }, "geometry": { "type": "Point", "coordinates": [ -88.415149999519713, 18.523008000407696 ] } },
{ "type": "Feature", "properties": { "ent": "23", "entidad": "Quintana Roo", "mun": "23004", "municipio": "Othón P. Blanco", "loc": "230040843", "localidad": "Hermanos Martínez", "pob": 11.0 }, "geometry": { "type": "Point", "coordinates": [ -88.375257000224138, 18.516656000061751 ] } },
{ "type": "Feature", "properties": { "ent": "23", "entidad": "Quintana Roo", "mun": "23004", "municipio": "Othón P. Blanco", "loc": "230040919", "localidad": "San Marcos", "pob": 14.0 }, "geometry": { "type": "Point", "coordinates": [ -88.348897999751301, 18.508524000403082 ] } },
{ "type": "Feature", "properties": { "ent": "23", "entidad": "Quintana Roo", "mun": "23004", "municipio": "Othón P. Blanco", "loc": "230041221", "localidad": "Xkan-Lol", "pob": 16.0 }, "geometry": { "type": "Point", "coordinates": [ -88.268087999945479, 18.54861100028554 ] } },
{ "type": "Feature", "properties": { "ent": "23", "entidad": "Quintana Roo", "mun": "23004", "municipio": "Othón P. Blanco", "loc": "230041297", "localidad": "Las Tres Balbinas", "pob": 10.0 }, "geometry": { "type": "Point", "coordinates": [ -88.435077000139032, 18.517215999834232 ] } },
{ "type": "Feature", "properties": { "ent": "23", "entidad": "Quintana Roo", "mun": "23004", "municipio": "Othón P. Blanco", "loc": "230041327", "localidad": "Celaya", "pob": 10.0 }, "geometry": { "type": "Point", "coordinates": [ -88.403958000094619, 18.524121000385424 ] } },
{ "type": "Feature", "properties": { "ent": "23", "entidad": "Quintana Roo", "mun": "23004", "municipio": "Othón P. Blanco", "loc": "230041493", "localidad": "Las Carmelitas", "pob": 10.0 }, "geometry": { "type": "Point", "coordinates": [ -88.400072000084378, 18.518527000331456 ] } },
{ "type": "Feature", "properties": { "ent": "23", "entidad": "Quintana Roo", "mun": "23004", "municipio": "Othón P. Blanco", "loc": "230041609", "localidad": "El Naranjal", "pob": 11.0 }, "geometry": { "type": "Point", "coordinates": [ -88.462621999550194, 18.523933000206497 ] } },
{ "type": "Feature", "properties": { "ent": "23", "entidad": "Quintana Roo", "mun": "23004", "municipio": "Othón P. Blanco", "loc": "230041627", "localidad": "El Porvenir", "pob": 12.0 }, "geometry": { "type": "Point", "coordinates": [ -88.361837999638155, 18.512711999834149 ] } },
{ "type": "Feature", "properties": { "ent": "23", "entidad": "Quintana Roo", "mun": "23004", "municipio": "Othón P. Blanco", "loc": "230041666", "localidad": "Grano de Oro", "pob": 12.0 }, "geometry": { "type": "Point", "coordinates": [ -88.678884999689174, 18.202770000425161 ] } },
{ "type": "Feature", "properties": { "ent": "23", "entidad": "Quintana Roo", "mun": "23004", "municipio": "Othón P. Blanco", "loc": "230041675", "localidad": "Punta Tam", "pob": 39.0 }, "geometry": { "type": "Point", "coordinates": [ -87.716473000172115, 18.693571999918955 ] } },
{ "type": "Feature", "properties": { "ent": "23", "entidad": "Quintana Roo", "mun": "23004", "municipio": "Othón P. Blanco", "loc": "230041729", "localidad": "San Cristobal Uno", "pob": 11.0 }, "geometry": { "type": "Point", "coordinates": [ -88.260745000296794, 18.562709000104505 ] } },
{ "type": "Feature", "properties": { "ent": "23", "entidad": "Quintana Roo", "mun": "23004", "municipio": "Othón P. Blanco", "loc": "230041768", "localidad": "El Socio", "pob": 12.0 }, "geometry": { "type": "Point", "coordinates": [ -88.403563999831647, 18.52516600004353 ] } },
{ "type": "Feature", "properties": { "ent": "23", "entidad": "Quintana Roo", "mun": "23004", "municipio": "Othón P. Blanco", "loc": "230041821", "localidad": "El Paraíso", "pob": 17.0 }, "geometry": { "type": "Point", "coordinates": [ -88.342808999876539, 18.524134000132175 ] } },
{ "type": "Feature", "properties": { "ent": "23", "entidad": "Quintana Roo", "mun": "23004", "municipio": "Othón P. Blanco", "loc": "230041865", "localidad": "Tres Hermanos", "pob": 11.0 }, "geometry": { "type": "Point", "coordinates": [ -88.380310000311994, 18.499565000262116 ] } },
{ "type": "Feature", "properties": { "ent": "23", "entidad": "Quintana Roo", "mun": "23004", "municipio": "Othón P. Blanco", "loc": "230041873", "localidad": "Juan Sarabia", "pob": 63.0 }, "geometry": { "type": "Point", "coordinates": [ -88.514691999760728, 18.507675000157214 ] } },
{ "type": "Feature", "properties": { "ent": "23", "entidad": "Quintana Roo", "mun": "23004", "municipio": "Othón P. Blanco", "loc": "230041895", "localidad": "Manuel Vega Herrera", "pob": 13.0 }, "geometry": { "type": "Point", "coordinates": [ -88.467028999987861, 18.539907000091763 ] } },
{ "type": "Feature", "properties": { "ent": "23", "entidad": "Quintana Roo", "mun": "23004", "municipio": "Othón P. Blanco", "loc": "230041907", "localidad": "Chiquiná", "pob": 90.0 }, "geometry": { "type": "Point", "coordinates": [ -88.339699000419998, 18.546952000248126 ] } },
{ "type": "Feature", "properties": { "ent": "23", "entidad": "Quintana Roo", "mun": "23004", "municipio": "Othón P. Blanco", "loc": "230041908", "localidad": "La Victoria [Rancho]", "pob": 66.0 }, "geometry": { "type": "Point", "coordinates": [ -87.709932000219212, 18.735224999672646 ] } },
{ "type": "Feature", "properties": { "ent": "23", "entidad": "Quintana Roo", "mun": "23004", "municipio": "Othón P. Blanco", "loc": "230041909", "localidad": "Los Amigos [Rancho]", "pob": 15.0 }, "geometry": { "type": "Point", "coordinates": [ -88.246264999553404, 18.569234000214241 ] } },
{ "type": "Feature", "properties": { "ent": "23", "entidad": "Quintana Roo", "mun": "23004", "municipio": "Othón P. Blanco", "loc": "230041911", "localidad": "El Cielo", "pob": 27.0 }, "geometry": { "type": "Point", "coordinates": [ -88.294159000112657, 18.557469000246666 ] } },
{ "type": "Feature", "properties": { "ent": "23", "entidad": "Quintana Roo", "mun": "23004", "municipio": "Othón P. Blanco", "loc": "230041916", "localidad": "Villas Bugambilias II (Chintok)", "pob": 20.0 }, "geometry": { "type": "Point", "coordinates": [ -88.334134000406749, 18.545259000232704 ] } },
{ "type": "Feature", "properties": { "ent": "23", "entidad": "Quintana Roo", "mun": "23004", "municipio": "Othón P. Blanco", "loc": "230041987", "localidad": "Las Palomas", "pob": 23.0 }, "geometry": { "type": "Point", "coordinates": [ -88.334618999883489, 18.530350999906162 ] } },
{ "type": "Feature", "properties": { "ent": "23", "entidad": "Quintana Roo", "mun": "23004", "municipio": "Othón P. Blanco", "loc": "230042018", "localidad": "José Rafael", "pob": 10.0 }, "geometry": { "type": "Point", "coordinates": [ -88.465819999799223, 18.56048100008022 ] } },
{ "type": "Feature", "properties": { "ent": "23", "entidad": "Quintana Roo", "mun": "23004", "municipio": "Othón P. Blanco", "loc": "230042091", "localidad": "San Isidro Dos", "pob": 23.0 }, "geometry": { "type": "Point", "coordinates": [ -88.351498999994888, 18.516317999642652 ] } },
{ "type": "Feature", "properties": { "ent": "23", "entidad": "Quintana Roo", "mun": "23004", "municipio": "Othón P. Blanco", "loc": "230042198", "localidad": "El Makulí", "pob": 39.0 }, "geometry": { "type": "Point", "coordinates": [ -87.700852000259474, 18.757651000341649 ] } },
{ "type": "Feature", "properties": { "ent": "23", "entidad": "Quintana Roo", "mun": "23004", "municipio": "Othón P. Blanco", "loc": "230042257", "localidad": "Galeras", "pob": 19.0 }, "geometry": { "type": "Point", "coordinates": [ -88.576708000136335, 18.513038999643278 ] } },
{ "type": "Feature", "properties": { "ent": "23", "entidad": "Quintana Roo", "mun": "23004", "municipio": "Othón P. Blanco", "loc": "230042428", "localidad": "El Placer", "pob": 57.0 }, "geometry": { "type": "Point", "coordinates": [ -87.633463000129225, 18.900224000084101 ] } },
{ "type": "Feature", "properties": { "ent": "23", "entidad": "Quintana Roo", "mun": "23004", "municipio": "Othón P. Blanco", "loc": "230042502", "localidad": "El Esfuerzo", "pob": 18.0 }, "geometry": { "type": "Point", "coordinates": [ -88.337534999808028, 18.499880999664803 ] } },
{ "type": "Feature", "properties": { "ent": "23", "entidad": "Quintana Roo", "mun": "23004", "municipio": "Othón P. Blanco", "loc": "230042549", "localidad": "Akal-Ki [Centro Holístico]", "pob": 13.0 }, "geometry": { "type": "Point", "coordinates": [ -88.425818999955865, 18.626331999828377 ] } },
{ "type": "Feature", "properties": { "ent": "23", "entidad": "Quintana Roo", "mun": "23004", "municipio": "Othón P. Blanco", "loc": "230042615", "localidad": "Las Bugambilias", "pob": 12.0 }, "geometry": { "type": "Point", "coordinates": [ -88.489166999769623, 18.572222000036056 ] } },
{ "type": "Feature", "properties": { "ent": "23", "entidad": "Quintana Roo", "mun": "23004", "municipio": "Othón P. Blanco", "loc": "230042863", "localidad": "El Edén", "pob": 152.0 }, "geometry": { "type": "Point", "coordinates": [ -88.294329000036612, 18.555529000452765 ] } },
{ "type": "Feature", "properties": { "ent": "23", "entidad": "Quintana Roo", "mun": "23004", "municipio": "Othón P. Blanco", "loc": "230042864", "localidad": "Fraternidad Antorchista", "pob": 971.0 }, "geometry": { "type": "Point", "coordinates": [ -88.35010499995434, 18.536577000025318 ] } },
{ "type": "Feature", "properties": { "ent": "23", "entidad": "Quintana Roo", "mun": "23004", "municipio": "Othón P. Blanco", "loc": "230042865", "localidad": "Mártires Antorchistas", "pob": 1135.0 }, "geometry": { "type": "Point", "coordinates": [ -88.327815999848099, 18.535740999613658 ] } },
{ "type": "Feature", "properties": { "ent": "23", "entidad": "Quintana Roo", "mun": "23004", "municipio": "Othón P. Blanco", "loc": "230042866", "localidad": "Paraíso", "pob": 82.0 }, "geometry": { "type": "Point", "coordinates": [ -88.301590999922354, 18.556139000109461 ] } },
{ "type": "Feature", "properties": { "ent": "23", "entidad": "Quintana Roo", "mun": "23004", "municipio": "Othón P. Blanco", "loc": "230042867", "localidad": "Alcaldía Mahahual [Kilómetro Cincuenta y Cuatro]", "pob": 16.0 }, "geometry": { "type": "Point", "coordinates": [ -87.713193000147783, 18.737022000204473 ] } },
{ "type": "Feature", "properties": { "ent": "23", "entidad": "Quintana Roo", "mun": "23004", "municipio": "Othón P. Blanco", "loc": "230042976", "localidad": "Régulo González", "pob": 10.0 }, "geometry": { "type": "Point", "coordinates": [ -88.467688000255407, 18.540146000196604 ] } },
{ "type": "Feature", "properties": { "ent": "23", "entidad": "Quintana Roo", "mun": "23004", "municipio": "Othón P. Blanco", "loc": "230042978", "localidad": "Divina Esperanza", "pob": 43.0 }, "geometry": { "type": "Point", "coordinates": [ -87.722715000101203, 18.723236000031207 ] } },
{ "type": "Feature", "properties": { "ent": "23", "entidad": "Quintana Roo", "mun": "23004", "municipio": "Othón P. Blanco", "loc": "230043017", "localidad": "La Lagunita", "pob": 10.0 }, "geometry": { "type": "Point", "coordinates": [ -89.078971000192752, 18.735245999956486 ] } },
{ "type": "Feature", "properties": { "ent": "23", "entidad": "Quintana Roo", "mun": "23004", "municipio": "Othón P. Blanco", "loc": "230043039", "localidad": "La Ranita Feliz", "pob": 25.0 }, "geometry": { "type": "Point", "coordinates": [ -88.374103999965243, 18.514107999567269 ] } },
{ "type": "Feature", "properties": { "ent": "23", "entidad": "Quintana Roo", "mun": "23004", "municipio": "Othón P. Blanco", "loc": "230043085", "localidad": "Los Tres Hermanos", "pob": 13.0 }, "geometry": { "type": "Point", "coordinates": [ -88.430710999877121, 18.520652999944581 ] } },
{ "type": "Feature", "properties": { "ent": "23", "entidad": "Quintana Roo", "mun": "23004", "municipio": "Othón P. Blanco", "loc": "230043086", "localidad": "Pedro García", "pob": 26.0 }, "geometry": { "type": "Point", "coordinates": [ -88.347733000406663, 18.533171999913147 ] } },
{ "type": "Feature", "properties": { "ent": "23", "entidad": "Quintana Roo", "mun": "23004", "municipio": "Othón P. Blanco", "loc": "230043102", "localidad": "Hermanos Flores Magón", "pob": 153.0 }, "geometry": { "type": "Point", "coordinates": [ -87.742118000173434, 18.686584000327013 ] } },
{ "type": "Feature", "properties": { "ent": "23", "entidad": "Quintana Roo", "mun": "23004", "municipio": "Othón P. Blanco", "loc": "230043117", "localidad": "Juan Lerdo Olaya", "pob": 15.0 }, "geometry": { "type": "Point", "coordinates": [ -88.416491000333323, 18.527757000013288 ] } },
{ "type": "Feature", "properties": { "ent": "23", "entidad": "Quintana Roo", "mun": "23004", "municipio": "Othón P. Blanco", "loc": "230043126", "localidad": "Rio Hondo", "pob": 12.0 }, "geometry": { "type": "Point", "coordinates": [ -88.381846999628408, 18.511052000408277 ] } },
{ "type": "Feature", "properties": { "ent": "23", "entidad": "Quintana Roo", "mun": "23004", "municipio": "Othón P. Blanco", "loc": "230043178", "localidad": "Playa Vanesa", "pob": 13.0 }, "geometry": { "type": "Point", "coordinates": [ -87.654150000072264, 18.841331999824046 ] } },
{ "type": "Feature", "properties": { "ent": "23", "entidad": "Quintana Roo", "mun": "23004", "municipio": "Othón P. Blanco", "loc": "230043201", "localidad": "Timoteo Rodríguez", "pob": 11.0 }, "geometry": { "type": "Point", "coordinates": [ -88.795885000407011, 18.562656999973868 ] } },
{ "type": "Feature", "properties": { "ent": "23", "entidad": "Quintana Roo", "mun": "23004", "municipio": "Othón P. Blanco", "loc": "230043212", "localidad": "Villas Bugambilias Uno", "pob": 12.0 }, "geometry": { "type": "Point", "coordinates": [ -88.330058999548314, 18.548685000159129 ] } },
{ "type": "Feature", "properties": { "ent": "23", "entidad": "Quintana Roo", "mun": "23004", "municipio": "Othón P. Blanco", "loc": "230043238", "localidad": "Las Palmas", "pob": 11.0 }, "geometry": { "type": "Point", "coordinates": [ -88.351707999667752, 18.520915999775568 ] } },
{ "type": "Feature", "properties": { "ent": "23", "entidad": "Quintana Roo", "mun": "23005", "municipio": "Benito Juárez", "loc": "230050001", "localidad": "Cancún", "pob": 888797.0 }, "geometry": { "type": "Point", "coordinates": [ -86.824810999710664, 21.161416000311444 ] } },
{ "type": "Feature", "properties": { "ent": "23", "entidad": "Quintana Roo", "mun": "23005", "municipio": "Benito Juárez", "loc": "230050002", "localidad": "Alfredo V. Bonfil", "pob": 19789.0 }, "geometry": { "type": "Point", "coordinates": [ -86.84748100032462, 21.088118000386537 ] } },
{ "type": "Feature", "properties": { "ent": "23", "entidad": "Quintana Roo", "mun": "23005", "municipio": "Benito Juárez", "loc": "230050202", "localidad": "Las Arboledas", "pob": 74.0 }, "geometry": { "type": "Point", "coordinates": [ -86.942862000470143, 21.122219000096592 ] } },
{ "type": "Feature", "properties": { "ent": "23", "entidad": "Quintana Roo", "mun": "23005", "municipio": "Benito Juárez", "loc": "230050207", "localidad": "Huertos del Ramonal", "pob": 138.0 }, "geometry": { "type": "Point", "coordinates": [ -86.966362000337625, 21.109409000458761 ] } },
{ "type": "Feature", "properties": { "ent": "23", "entidad": "Quintana Roo", "mun": "23005", "municipio": "Benito Juárez", "loc": "230050237", "localidad": "Bosques del Caribe", "pob": 55.0 }, "geometry": { "type": "Point", "coordinates": [ -86.974163999590715, 21.106921999570883 ] } },
{ "type": "Feature", "properties": { "ent": "23", "entidad": "Quintana Roo", "mun": "23005", "municipio": "Benito Juárez", "loc": "230050492", "localidad": "Emiliano Zapata", "pob": 63.0 }, "geometry": { "type": "Point", "coordinates": [ -87.051159000014763, 21.062576000203102 ] } },
{ "type": "Feature", "properties": { "ent": "23", "entidad": "Quintana Roo", "mun": "23005", "municipio": "Benito Juárez", "loc": "230050522", "localidad": "El Ramonal", "pob": 11.0 }, "geometry": { "type": "Point", "coordinates": [ -86.980028000153169, 21.097580999560421 ] } },
{ "type": "Feature", "properties": { "ent": "23", "entidad": "Quintana Roo", "mun": "23005", "municipio": "Benito Juárez", "loc": "230050531", "localidad": "Lagos del Sol", "pob": 1021.0 }, "geometry": { "type": "Point", "coordinates": [ -86.851370999831502, 21.055311000181462 ] } },
{ "type": "Feature", "properties": { "ent": "23", "entidad": "Quintana Roo", "mun": "23005", "municipio": "Benito Juárez", "loc": "230050784", "localidad": "Campestre Santa María", "pob": 15.0 }, "geometry": { "type": "Point", "coordinates": [ -86.940732999564958, 21.122744999847558 ] } },
{ "type": "Feature", "properties": { "ent": "23", "entidad": "Quintana Roo", "mun": "23005", "municipio": "Benito Juárez", "loc": "230050952", "localidad": "Eben Ezer", "pob": 34.0 }, "geometry": { "type": "Point", "coordinates": [ -86.993160000051887, 21.095795000127968 ] } },
{ "type": "Feature", "properties": { "ent": "23", "entidad": "Quintana Roo", "mun": "23005", "municipio": "Benito Juárez", "loc": "230051140", "localidad": "Colonia Chiapaneca Siglo XXI", "pob": 281.0 }, "geometry": { "type": "Point", "coordinates": [ -87.004649000116331, 21.070596000370081 ] } },
{ "type": "Feature", "properties": { "ent": "23", "entidad": "Quintana Roo", "mun": "23005", "municipio": "Benito Juárez", "loc": "230051156", "localidad": "El Porvenir", "pob": 625.0 }, "geometry": { "type": "Point", "coordinates": [ -87.000995999981981, 21.078057999981382 ] } },
{ "type": "Feature", "properties": { "ent": "23", "entidad": "Quintana Roo", "mun": "23005", "municipio": "Benito Juárez", "loc": "230051482", "localidad": "Península Resort", "pob": 32.0 }, "geometry": { "type": "Point", "coordinates": [ -86.809011000261819, 21.030731000371066 ] } },
{ "type": "Feature", "properties": { "ent": "23", "entidad": "Quintana Roo", "mun": "23005", "municipio": "Benito Juárez", "loc": "230051503", "localidad": "Tres Marías", "pob": 34.0 }, "geometry": { "type": "Point", "coordinates": [ -87.045403999876669, 21.067032000046034 ] } },
{ "type": "Feature", "properties": { "ent": "23", "entidad": "Quintana Roo", "mun": "23005", "municipio": "Benito Juárez", "loc": "230051521", "localidad": "Del Parque", "pob": 10.0 }, "geometry": { "type": "Point", "coordinates": [ -86.961506000406004, 21.110128000300886 ] } },
{ "type": "Feature", "properties": { "ent": "23", "entidad": "Quintana Roo", "mun": "23005", "municipio": "Benito Juárez", "loc": "230051523", "localidad": "Sac-Nicté", "pob": 29.0 }, "geometry": { "type": "Point", "coordinates": [ -87.048830999777266, 21.083460999776847 ] } },
{ "type": "Feature", "properties": { "ent": "23", "entidad": "Quintana Roo", "mun": "23005", "municipio": "Benito Juárez", "loc": "230051548", "localidad": "La Conchita [Rancho]", "pob": 21.0 }, "geometry": { "type": "Point", "coordinates": [ -87.04775100042481, 21.075397999652996 ] } },
{ "type": "Feature", "properties": { "ent": "23", "entidad": "Quintana Roo", "mun": "23005", "municipio": "Benito Juárez", "loc": "230051821", "localidad": "Don Sebastián", "pob": 13.0 }, "geometry": { "type": "Point", "coordinates": [ -86.988783999702775, 21.084543999806964 ] } },
{ "type": "Feature", "properties": { "ent": "23", "entidad": "Quintana Roo", "mun": "23005", "municipio": "Benito Juárez", "loc": "230051822", "localidad": "El Roble", "pob": 33.0 }, "geometry": { "type": "Point", "coordinates": [ -87.023796000512235, 21.087818999681112 ] } },
{ "type": "Feature", "properties": { "ent": "23", "entidad": "Quintana Roo", "mun": "23006", "municipio": "José María Morelos", "loc": "230060001", "localidad": "Adolfo de la Huerta", "pob": 90.0 }, "geometry": { "type": "Point", "coordinates": [ -88.829155999568016, 19.41843799997087 ] } },
{ "type": "Feature", "properties": { "ent": "23", "entidad": "Quintana Roo", "mun": "23006", "municipio": "José María Morelos", "loc": "230060003", "localidad": "Adolfo López Mateos", "pob": 325.0 }, "geometry": { "type": "Point", "coordinates": [ -88.688141000176685, 19.632611000308856 ] } },
{ "type": "Feature", "properties": { "ent": "23", "entidad": "Quintana Roo", "mun": "23006", "municipio": "José María Morelos", "loc": "230060004", "localidad": "La Carolina", "pob": 124.0 }, "geometry": { "type": "Point", "coordinates": [ -89.057414999573624, 19.606191999647258 ] } },
{ "type": "Feature", "properties": { "ent": "23", "entidad": "Quintana Roo", "mun": "23006", "municipio": "José María Morelos", "loc": "230060010", "localidad": "Benito Juárez", "pob": 102.0 }, "geometry": { "type": "Point", "coordinates": [ -88.770793000026927, 19.711061000196462 ] } },
{ "type": "Feature", "properties": { "ent": "23", "entidad": "Quintana Roo", "mun": "23006", "municipio": "José María Morelos", "loc": "230060014", "localidad": "Bulukax", "pob": 593.0 }, "geometry": { "type": "Point", "coordinates": [ -88.772169000132266, 19.964543000002404 ] } },
{ "type": "Feature", "properties": { "ent": "23", "entidad": "Quintana Roo", "mun": "23006", "municipio": "José María Morelos", "loc": "230060015", "localidad": "Cafetal Grande", "pob": 324.0 }, "geometry": { "type": "Point", "coordinates": [ -88.82128100009183, 19.71609599961338 ] } },
{ "type": "Feature", "properties": { "ent": "23", "entidad": "Quintana Roo", "mun": "23006", "municipio": "José María Morelos", "loc": "230060016", "localidad": "Cafetalito", "pob": 311.0 }, "geometry": { "type": "Point", "coordinates": [ -88.797864000020681, 19.727267000300699 ] } },
{ "type": "Feature", "properties": { "ent": "23", "entidad": "Quintana Roo", "mun": "23006", "municipio": "José María Morelos", "loc": "230060018", "localidad": "Candelaria", "pob": 1057.0 }, "geometry": { "type": "Point", "coordinates": [ -88.958910999548493, 19.737953999715121 ] } },
{ "type": "Feature", "properties": { "ent": "23", "entidad": "Quintana Roo", "mun": "23006", "municipio": "José María Morelos", "loc": "230060023", "localidad": "La Ceiba", "pob": 11.0 }, "geometry": { "type": "Point", "coordinates": [ -88.769487999580704, 19.741757000089091 ] } },
{ "type": "Feature", "properties": { "ent": "23", "entidad": "Quintana Roo", "mun": "23006", "municipio": "José María Morelos", "loc": "230060026", "localidad": "El Naranjal", "pob": 759.0 }, "geometry": { "type": "Point", "coordinates": [ -88.784800999677998, 19.642682000348326 ] } },
{ "type": "Feature", "properties": { "ent": "23", "entidad": "Quintana Roo", "mun": "23006", "municipio": "José María Morelos", "loc": "230060027", "localidad": "Othón P. Blanco", "pob": 602.0 }, "geometry": { "type": "Point", "coordinates": [ -89.004366999649406, 19.621187000322266 ] } },
{ "type": "Feature", "properties": { "ent": "23", "entidad": "Quintana Roo", "mun": "23006", "municipio": "José María Morelos", "loc": "230060033", "localidad": "Javier Rojo Gómez", "pob": 42.0 }, "geometry": { "type": "Point", "coordinates": [ -88.593887000071277, 19.887770999554039 ] } },
{ "type": "Feature", "properties": { "ent": "23", "entidad": "Quintana Roo", "mun": "23006", "municipio": "José María Morelos", "loc": "230060035", "localidad": "Sabán", "pob": 2380.0 }, "geometry": { "type": "Point", "coordinates": [ -88.538712999944408, 20.035375999602934 ] } },
{ "type": "Feature", "properties": { "ent": "23", "entidad": "Quintana Roo", "mun": "23006", "municipio": "José María Morelos", "loc": "230060036", "localidad": "Sabana San Francisco", "pob": 155.0 }, "geometry": { "type": "Point", "coordinates": [ -89.077586999626106, 19.548551000225064 ] } },
{ "type": "Feature", "properties": { "ent": "23", "entidad": "Quintana Roo", "mun": "23006", "municipio": "José María Morelos", "loc": "230060038", "localidad": "Saczuquil", "pob": 399.0 }, "geometry": { "type": "Point", "coordinates": [ -88.977625999853728, 19.78523200014823 ] } },
{ "type": "Feature", "properties": { "ent": "23", "entidad": "Quintana Roo", "mun": "23006", "municipio": "José María Morelos", "loc": "230060039", "localidad": "San Carlos", "pob": 146.0 }, "geometry": { "type": "Point", "coordinates": [ -88.93893500023951, 19.633741999625883 ] } },
{ "type": "Feature", "properties": { "ent": "23", "entidad": "Quintana Roo", "mun": "23006", "municipio": "José María Morelos", "loc": "230060040", "localidad": "San Diego", "pob": 682.0 }, "geometry": { "type": "Point", "coordinates": [ -88.729736999589278, 19.844744000365612 ] } },
{ "type": "Feature", "properties": { "ent": "23", "entidad": "Quintana Roo", "mun": "23006", "municipio": "José María Morelos", "loc": "230060048", "localidad": "Dos Aguadas", "pob": 204.0 }, "geometry": { "type": "Point", "coordinates": [ -88.698147000201473, 19.666489999783668 ] } },
{ "type": "Feature", "properties": { "ent": "23", "entidad": "Quintana Roo", "mun": "23006", "municipio": "José María Morelos", "loc": "230060051", "localidad": "Dziuché", "pob": 2909.0 }, "geometry": { "type": "Point", "coordinates": [ -88.809819999682048, 19.899049000185819 ] } },
{ "type": "Feature", "properties": { "ent": "23", "entidad": "Quintana Roo", "mun": "23006", "municipio": "José María Morelos", "loc": "230060057", "localidad": "La Esperanza", "pob": 775.0 }, "geometry": { "type": "Point", "coordinates": [ -88.585463999648368, 19.864826999913586 ] } },
{ "type": "Feature", "properties": { "ent": "23", "entidad": "Quintana Roo", "mun": "23006", "municipio": "José María Morelos", "loc": "230060061", "localidad": "Gavilanes", "pob": 291.0 }, "geometry": { "type": "Point", "coordinates": [ -88.753492999921662, 19.490448000050677 ] } },
{ "type": "Feature", "properties": { "ent": "23", "entidad": "Quintana Roo", "mun": "23006", "municipio": "José María Morelos", "loc": "230060067", "localidad": "Huay Max", "pob": 1481.0 }, "geometry": { "type": "Point", "coordinates": [ -88.52579799952116, 20.041691000344404 ] } },
{ "type": "Feature", "properties": { "ent": "23", "entidad": "Quintana Roo", "mun": "23006", "municipio": "José María Morelos", "loc": "230060069", "localidad": "José María Morelos", "pob": 13332.0 }, "geometry": { "type": "Point", "coordinates": [ -88.710515000430064, 19.7493929998036 ] } },
{ "type": "Feature", "properties": { "ent": "23", "entidad": "Quintana Roo", "mun": "23006", "municipio": "José María Morelos", "loc": "230060070", "localidad": "X-Querol", "pob": 81.0 }, "geometry": { "type": "Point", "coordinates": [ -88.617426999543696, 20.132742999792384 ] } },
{ "type": "Feature", "properties": { "ent": "23", "entidad": "Quintana Roo", "mun": "23006", "municipio": "José María Morelos", "loc": "230060071", "localidad": "Zafarrancho", "pob": 362.0 }, "geometry": { "type": "Point", "coordinates": [ -88.889328999904919, 19.51407600040509 ] } },
{ "type": "Feature", "properties": { "ent": "23", "entidad": "Quintana Roo", "mun": "23006", "municipio": "José María Morelos", "loc": "230060076", "localidad": "Kantemó", "pob": 246.0 }, "geometry": { "type": "Point", "coordinates": [ -88.80611100013563, 19.929722000109063 ] } },
{ "type": "Feature", "properties": { "ent": "23", "entidad": "Quintana Roo", "mun": "23006", "municipio": "José María Morelos", "loc": "230060090", "localidad": "Lázaro Cárdenas", "pob": 152.0 }, "geometry": { "type": "Point", "coordinates": [ -88.707865000351532, 19.594554999985682 ] } },
{ "type": "Feature", "properties": { "ent": "23", "entidad": "Quintana Roo", "mun": "23006", "municipio": "José María Morelos", "loc": "230060099", "localidad": "Mariano Matamoros", "pob": 23.0 }, "geometry": { "type": "Point", "coordinates": [ -88.752148999609972, 19.633576000170589 ] } },
{ "type": "Feature", "properties": { "ent": "23", "entidad": "Quintana Roo", "mun": "23006", "municipio": "José María Morelos", "loc": "230060100", "localidad": "El Martirio", "pob": 82.0 }, "geometry": { "type": "Point", "coordinates": [ -88.836396999890127, 19.641525000139065 ] } },
{ "type": "Feature", "properties": { "ent": "23", "entidad": "Quintana Roo", "mun": "23006", "municipio": "José María Morelos", "loc": "230060117", "localidad": "Pedro Moreno", "pob": 64.0 }, "geometry": { "type": "Point", "coordinates": [ -88.736552000043247, 19.534082000240581 ] } },
{ "type": "Feature", "properties": { "ent": "23", "entidad": "Quintana Roo", "mun": "23006", "municipio": "José María Morelos", "loc": "230060121", "localidad": "Piedras Negras", "pob": 118.0 }, "geometry": { "type": "Point", "coordinates": [ -88.798093000003163, 19.437675999959374 ] } },
{ "type": "Feature", "properties": { "ent": "23", "entidad": "Quintana Roo", "mun": "23006", "municipio": "José María Morelos", "loc": "230060130", "localidad": "Pozo Pirata", "pob": 169.0 }, "geometry": { "type": "Point", "coordinates": [ -88.890113000209283, 19.615161999844531 ] } },
{ "type": "Feature", "properties": { "ent": "23", "entidad": "Quintana Roo", "mun": "23006", "municipio": "José María Morelos", "loc": "230060133", "localidad": "La Presumida", "pob": 1313.0 }, "geometry": { "type": "Point", "coordinates": [ -88.754044000436735, 19.80110100010701 ] } },
{ "type": "Feature", "properties": { "ent": "23", "entidad": "Quintana Roo", "mun": "23006", "municipio": "José María Morelos", "loc": "230060135", "localidad": "Puerto Arturo", "pob": 716.0 }, "geometry": { "type": "Point", "coordinates": [ -89.067190999840278, 19.660632000416147 ] } },
{ "type": "Feature", "properties": { "ent": "23", "entidad": "Quintana Roo", "mun": "23006", "municipio": "José María Morelos", "loc": "230060141", "localidad": "Nueva Reforma", "pob": 324.0 }, "geometry": { "type": "Point", "coordinates": [ -88.856952999930513, 19.799283000274354 ] } },
{ "type": "Feature", "properties": { "ent": "23", "entidad": "Quintana Roo", "mun": "23006", "municipio": "José María Morelos", "loc": "230060146", "localidad": "Sacalaca", "pob": 1038.0 }, "geometry": { "type": "Point", "coordinates": [ -88.59532200030894, 20.062267000419425 ] } },
{ "type": "Feature", "properties": { "ent": "23", "entidad": "Quintana Roo", "mun": "23006", "municipio": "José María Morelos", "loc": "230060153", "localidad": "San Antonio Tuk", "pob": 183.0 }, "geometry": { "type": "Point", "coordinates": [ -88.547557000182692, 19.782675999673085 ] } },
{ "type": "Feature", "properties": { "ent": "23", "entidad": "Quintana Roo", "mun": "23006", "municipio": "José María Morelos", "loc": "230060167", "localidad": "San Felipe Primero", "pob": 800.0 }, "geometry": { "type": "Point", "coordinates": [ -88.832508999784551, 19.813202000211227 ] } },
{ "type": "Feature", "properties": { "ent": "23", "entidad": "Quintana Roo", "mun": "23006", "municipio": "José María Morelos", "loc": "230060168", "localidad": "San Felipe Segundo", "pob": 273.0 }, "geometry": { "type": "Point", "coordinates": [ -88.891834000006028, 19.828353999651757 ] } },
{ "type": "Feature", "properties": { "ent": "23", "entidad": "Quintana Roo", "mun": "23006", "municipio": "José María Morelos", "loc": "230060170", "localidad": "San Felipe Oriente", "pob": 232.0 }, "geometry": { "type": "Point", "coordinates": [ -88.627036999656568, 19.975995000372983 ] } },
{ "type": "Feature", "properties": { "ent": "23", "entidad": "Quintana Roo", "mun": "23006", "municipio": "José María Morelos", "loc": "230060195", "localidad": "Nuevo San Marcos", "pob": 208.0 }, "geometry": { "type": "Point", "coordinates": [ -88.778770999933627, 19.841555999783804 ] } },
{ "type": "Feature", "properties": { "ent": "23", "entidad": "Quintana Roo", "mun": "23006", "municipio": "José María Morelos", "loc": "230060217", "localidad": "Santa Gertrudis", "pob": 940.0 }, "geometry": { "type": "Point", "coordinates": [ -88.773975999616695, 19.799247999835242 ] } },
{ "type": "Feature", "properties": { "ent": "23", "entidad": "Quintana Roo", "mun": "23006", "municipio": "José María Morelos", "loc": "230060241", "localidad": "Tabasco", "pob": 302.0 }, "geometry": { "type": "Point", "coordinates": [ -88.684967999950828, 19.977078000384857 ] } },
{ "type": "Feature", "properties": { "ent": "23", "entidad": "Quintana Roo", "mun": "23006", "municipio": "José María Morelos", "loc": "230060272", "localidad": "X-Cabil", "pob": 1208.0 }, "geometry": { "type": "Point", "coordinates": [ -88.464193000385293, 20.165708999708464 ] } },
{ "type": "Feature", "properties": { "ent": "23", "entidad": "Quintana Roo", "mun": "23006", "municipio": "José María Morelos", "loc": "230060278", "localidad": "Kancabchén", "pob": 1058.0 }, "geometry": { "type": "Point", "coordinates": [ -88.861741999914244, 19.714105999733171 ] } },
{ "type": "Feature", "properties": { "ent": "23", "entidad": "Quintana Roo", "mun": "23006", "municipio": "José María Morelos", "loc": "230060287", "localidad": "Insurgentes", "pob": 76.0 }, "geometry": { "type": "Point", "coordinates": [ -88.785116000366202, 19.593788000071925 ] } },
{ "type": "Feature", "properties": { "ent": "23", "entidad": "Quintana Roo", "mun": "23006", "municipio": "José María Morelos", "loc": "230060296", "localidad": "Plan de la Noria Poniente", "pob": 253.0 }, "geometry": { "type": "Point", "coordinates": [ -88.788145000175817, 19.30921200041697 ] } },
{ "type": "Feature", "properties": { "ent": "23", "entidad": "Quintana Roo", "mun": "23006", "municipio": "José María Morelos", "loc": "230060300", "localidad": "Rancho Viejo", "pob": 31.0 }, "geometry": { "type": "Point", "coordinates": [ -88.54401400012901, 19.913106000341507 ] } },
{ "type": "Feature", "properties": { "ent": "23", "entidad": "Quintana Roo", "mun": "23006", "municipio": "José María Morelos", "loc": "230060308", "localidad": "San Isidro Poniente", "pob": 115.0 }, "geometry": { "type": "Point", "coordinates": [ -88.888140000025913, 19.330556999917789 ] } },
{ "type": "Feature", "properties": { "ent": "23", "entidad": "Quintana Roo", "mun": "23006", "municipio": "José María Morelos", "loc": "230060330", "localidad": "El Triunfo", "pob": 148.0 }, "geometry": { "type": "Point", "coordinates": [ -88.764766000325849, 19.42555600036534 ] } },
{ "type": "Feature", "properties": { "ent": "23", "entidad": "Quintana Roo", "mun": "23006", "municipio": "José María Morelos", "loc": "230060331", "localidad": "Venustiano Carranza", "pob": 255.0 }, "geometry": { "type": "Point", "coordinates": [ -88.755682999670782, 19.274209000268065 ] } },
{ "type": "Feature", "properties": { "ent": "23", "entidad": "Quintana Roo", "mun": "23006", "municipio": "José María Morelos", "loc": "230060336", "localidad": "Colmenitas", "pob": 38.0 }, "geometry": { "type": "Point", "coordinates": [ -88.778370999928725, 19.504045999614693 ] } },
{ "type": "Feature", "properties": { "ent": "23", "entidad": "Quintana Roo", "mun": "23006", "municipio": "José María Morelos", "loc": "230060357", "localidad": "La Pimientita", "pob": 301.0 }, "geometry": { "type": "Point", "coordinates": [ -88.670185000280597, 19.504755999831445 ] } },
{ "type": "Feature", "properties": { "ent": "23", "entidad": "Quintana Roo", "mun": "23006", "municipio": "José María Morelos", "loc": "230060378", "localidad": "San Juan Oriente", "pob": 162.0 }, "geometry": { "type": "Point", "coordinates": [ -88.609725999735971, 20.018188000008745 ] } },
{ "type": "Feature", "properties": { "ent": "23", "entidad": "Quintana Roo", "mun": "23006", "municipio": "José María Morelos", "loc": "230060412", "localidad": "Xnoh Cruz", "pob": 218.0 }, "geometry": { "type": "Point", "coordinates": [ -89.166019000267639, 19.607231999812424 ] } },
{ "type": "Feature", "properties": { "ent": "23", "entidad": "Quintana Roo", "mun": "23006", "municipio": "José María Morelos", "loc": "230060414", "localidad": "Nuevo Plan de la Noria", "pob": 324.0 }, "geometry": { "type": "Point", "coordinates": [ -88.638909999855628, 19.288996000278601 ] } },
{ "type": "Feature", "properties": { "ent": "23", "entidad": "Quintana Roo", "mun": "23006", "municipio": "José María Morelos", "loc": "230060425", "localidad": "Aguada la Presumida", "pob": 61.0 }, "geometry": { "type": "Point", "coordinates": [ -89.018678999880237, 19.443405999627537 ] } },
{ "type": "Feature", "properties": { "ent": "23", "entidad": "Quintana Roo", "mun": "23006", "municipio": "José María Morelos", "loc": "230060519", "localidad": "Los Lagartos", "pob": 14.0 }, "geometry": { "type": "Point", "coordinates": [ -88.976667000376011, 19.450000000473818 ] } },
{ "type": "Feature", "properties": { "ent": "23", "entidad": "Quintana Roo", "mun": "23006", "municipio": "José María Morelos", "loc": "230060677", "localidad": "El Paraíso Naciente", "pob": 10.0 }, "geometry": { "type": "Point", "coordinates": [ -89.002224999802408, 19.654964999937171 ] } },
{ "type": "Feature", "properties": { "ent": "23", "entidad": "Quintana Roo", "mun": "23006", "municipio": "José María Morelos", "loc": "230060704", "localidad": "Tierra de Cristo [Rancho]", "pob": 54.0 }, "geometry": { "type": "Point", "coordinates": [ -88.712282000217485, 19.727666999659309 ] } },
{ "type": "Feature", "properties": { "ent": "23", "entidad": "Quintana Roo", "mun": "23007", "municipio": "Lázaro Cárdenas", "loc": "230070001", "localidad": "Kantunilkín", "pob": 8135.0 }, "geometry": { "type": "Point", "coordinates": [ -87.487221999947636, 21.101399000426611 ] } },
{ "type": "Feature", "properties": { "ent": "23", "entidad": "Quintana Roo", "mun": "23007", "municipio": "Lázaro Cárdenas", "loc": "230070002", "localidad": "Agua Azul", "pob": 499.0 }, "geometry": { "type": "Point", "coordinates": [ -87.325469999608373, 20.857774999980681 ] } },
{ "type": "Feature", "properties": { "ent": "23", "entidad": "Quintana Roo", "mun": "23007", "municipio": "Lázaro Cárdenas", "loc": "230070005", "localidad": "El Cedral", "pob": 860.0 }, "geometry": { "type": "Point", "coordinates": [ -87.551044000339147, 20.950061999809435 ] } },
{ "type": "Feature", "properties": { "ent": "23", "entidad": "Quintana Roo", "mun": "23007", "municipio": "Lázaro Cárdenas", "loc": "230070006", "localidad": "Cedralito Segundo", "pob": 45.0 }, "geometry": { "type": "Point", "coordinates": [ -87.549898000186204, 20.900651000135923 ] } },
{ "type": "Feature", "properties": { "ent": "23", "entidad": "Quintana Roo", "mun": "23007", "municipio": "Lázaro Cárdenas", "loc": "230070007", "localidad": "Cristóbal Colón", "pob": 362.0 }, "geometry": { "type": "Point", "coordinates": [ -87.346802000500134, 20.935266999649791 ] } },
{ "type": "Feature", "properties": { "ent": "23", "entidad": "Quintana Roo", "mun": "23007", "municipio": "Lázaro Cárdenas", "loc": "230070008", "localidad": "Chiquilá", "pob": 2311.0 }, "geometry": { "type": "Point", "coordinates": [ -87.335713999967652, 21.432599000118007 ] } },
{ "type": "Feature", "properties": { "ent": "23", "entidad": "Quintana Roo", "mun": "23007", "municipio": "Lázaro Cárdenas", "loc": "230070009", "localidad": "Delirios", "pob": 72.0 }, "geometry": { "type": "Point", "coordinates": [ -87.192078000213243, 20.845833000243587 ] } },
{ "type": "Feature", "properties": { "ent": "23", "entidad": "Quintana Roo", "mun": "23007", "municipio": "Lázaro Cárdenas", "loc": "230070010", "localidad": "Esperanza", "pob": 487.0 }, "geometry": { "type": "Point", "coordinates": [ -87.395714000431752, 20.971902000227171 ] } },
{ "type": "Feature", "properties": { "ent": "23", "entidad": "Quintana Roo", "mun": "23007", "municipio": "Lázaro Cárdenas", "loc": "230070011", "localidad": "Héroe de Nacozari", "pob": 146.0 }, "geometry": { "type": "Point", "coordinates": [ -87.252648000090176, 20.77243700010418 ] } },
{ "type": "Feature", "properties": { "ent": "23", "entidad": "Quintana Roo", "mun": "23007", "municipio": "Lázaro Cárdenas", "loc": "230070012", "localidad": "Holbox", "pob": 1841.0 }, "geometry": { "type": "Point", "coordinates": [ -87.378726999742284, 21.523198999606119 ] } },
{ "type": "Feature", "properties": { "ent": "23", "entidad": "Quintana Roo", "mun": "23007", "municipio": "Lázaro Cárdenas", "loc": "230070013", "localidad": "El Ideal", "pob": 909.0 }, "geometry": { "type": "Point", "coordinates": [ -87.546029999574401, 20.882506000110791 ] } },
{ "type": "Feature", "properties": { "ent": "23", "entidad": "Quintana Roo", "mun": "23007", "municipio": "Lázaro Cárdenas", "loc": "230070014", "localidad": "Juárez", "pob": 195.0 }, "geometry": { "type": "Point", "coordinates": [ -87.330083999701955, 20.823133999626378 ] } },
{ "type": "Feature", "properties": { "ent": "23", "entidad": "Quintana Roo", "mun": "23007", "municipio": "Lázaro Cárdenas", "loc": "230070015", "localidad": "El Naranjal", "pob": 112.0 }, "geometry": { "type": "Point", "coordinates": [ -87.476798000070261, 20.804694999800407 ] } },
{ "type": "Feature", "properties": { "ent": "23", "entidad": "Quintana Roo", "mun": "23007", "municipio": "Lázaro Cárdenas", "loc": "230070017", "localidad": "Nuevo Durango", "pob": 243.0 }, "geometry": { "type": "Point", "coordinates": [ -87.58381900016866, 20.721503000166354 ] } },
{ "type": "Feature", "properties": { "ent": "23", "entidad": "Quintana Roo", "mun": "23007", "municipio": "Lázaro Cárdenas", "loc": "230070018", "localidad": "Nuevo Xcán", "pob": 1088.0 }, "geometry": { "type": "Point", "coordinates": [ -87.601741000091792, 20.869930999726467 ] } },
{ "type": "Feature", "properties": { "ent": "23", "entidad": "Quintana Roo", "mun": "23007", "municipio": "Lázaro Cárdenas", "loc": "230070021", "localidad": "El Pocito", "pob": 141.0 }, "geometry": { "type": "Point", "coordinates": [ -87.483002999617625, 20.889977000040712 ] } },
{ "type": "Feature", "properties": { "ent": "23", "entidad": "Quintana Roo", "mun": "23007", "municipio": "Lázaro Cárdenas", "loc": "230070023", "localidad": "San Ángel", "pob": 1271.0 }, "geometry": { "type": "Point", "coordinates": [ -87.431482999951498, 21.235453999979253 ] } },
{ "type": "Feature", "properties": { "ent": "23", "entidad": "Quintana Roo", "mun": "23007", "municipio": "Lázaro Cárdenas", "loc": "230070025", "localidad": "San Cosme", "pob": 414.0 }, "geometry": { "type": "Point", "coordinates": [ -87.504587999685413, 20.807074999665822 ] } },
{ "type": "Feature", "properties": { "ent": "23", "entidad": "Quintana Roo", "mun": "23007", "municipio": "Lázaro Cárdenas", "loc": "230070026", "localidad": "San Eusebio", "pob": 20.0 }, "geometry": { "type": "Point", "coordinates": [ -87.336987000236164, 21.399547000094906 ] } },
{ "type": "Feature", "properties": { "ent": "23", "entidad": "Quintana Roo", "mun": "23007", "municipio": "Lázaro Cárdenas", "loc": "230070028", "localidad": "San Francisco", "pob": 912.0 }, "geometry": { "type": "Point", "coordinates": [ -87.503609000359688, 20.821010999631735 ] } },
{ "type": "Feature", "properties": { "ent": "23", "entidad": "Quintana Roo", "mun": "23007", "municipio": "Lázaro Cárdenas", "loc": "230070030", "localidad": "San Juan de Dios", "pob": 364.0 }, "geometry": { "type": "Point", "coordinates": [ -87.54792899993285, 20.76917599977342 ] } },
{ "type": "Feature", "properties": { "ent": "23", "entidad": "Quintana Roo", "mun": "23007", "municipio": "Lázaro Cárdenas", "loc": "230070031", "localidad": "San Lorenzo", "pob": 205.0 }, "geometry": { "type": "Point", "coordinates": [ -87.257051000366417, 20.848941999751869 ] } },
{ "type": "Feature", "properties": { "ent": "23", "entidad": "Quintana Roo", "mun": "23007", "municipio": "Lázaro Cárdenas", "loc": "230070032", "localidad": "San Luis", "pob": 57.0 }, "geometry": { "type": "Point", "coordinates": [ -87.44573400030967, 20.851998999766334 ] } },
{ "type": "Feature", "properties": { "ent": "23", "entidad": "Quintana Roo", "mun": "23007", "municipio": "Lázaro Cárdenas", "loc": "230070033", "localidad": "San Martiniano", "pob": 220.0 }, "geometry": { "type": "Point", "coordinates": [ -87.282521000251947, 20.828828000406762 ] } },
{ "type": "Feature", "properties": { "ent": "23", "entidad": "Quintana Roo", "mun": "23007", "municipio": "Lázaro Cárdenas", "loc": "230070035", "localidad": "San Román", "pob": 142.0 }, "geometry": { "type": "Point", "coordinates": [ -87.464613000454392, 20.860421000104267 ] } },
{ "type": "Feature", "properties": { "ent": "23", "entidad": "Quintana Roo", "mun": "23007", "municipio": "Lázaro Cárdenas", "loc": "230070038", "localidad": "Solferino", "pob": 767.0 }, "geometry": { "type": "Point", "coordinates": [ -87.429170999861611, 21.351985000431839 ] } },
{ "type": "Feature", "properties": { "ent": "23", "entidad": "Quintana Roo", "mun": "23007", "municipio": "Lázaro Cárdenas", "loc": "230070039", "localidad": "El Tintal", "pob": 1015.0 }, "geometry": { "type": "Point", "coordinates": [ -87.465442999686829, 20.893140000374917 ] } },
{ "type": "Feature", "properties": { "ent": "23", "entidad": "Quintana Roo", "mun": "23007", "municipio": "Lázaro Cárdenas", "loc": "230070040", "localidad": "Tres Reyes", "pob": 466.0 }, "geometry": { "type": "Point", "coordinates": [ -87.59459299963973, 20.693664000070424 ] } },
{ "type": "Feature", "properties": { "ent": "23", "entidad": "Quintana Roo", "mun": "23007", "municipio": "Lázaro Cárdenas", "loc": "230070041", "localidad": "Nuevo Valladolid", "pob": 1533.0 }, "geometry": { "type": "Point", "coordinates": [ -87.325425999730555, 20.943475000109057 ] } },
{ "type": "Feature", "properties": { "ent": "23", "entidad": "Quintana Roo", "mun": "23007", "municipio": "Lázaro Cárdenas", "loc": "230070042", "localidad": "Guadalupe Victoria", "pob": 77.0 }, "geometry": { "type": "Point", "coordinates": [ -87.280556999923874, 20.790681999802686 ] } },
{ "type": "Feature", "properties": { "ent": "23", "entidad": "Quintana Roo", "mun": "23007", "municipio": "Lázaro Cárdenas", "loc": "230070043", "localidad": "Ignacio Zaragoza", "pob": 2389.0 }, "geometry": { "type": "Point", "coordinates": [ -87.52348999985, 20.882026999941825 ] } },
{ "type": "Feature", "properties": { "ent": "23", "entidad": "Quintana Roo", "mun": "23007", "municipio": "Lázaro Cárdenas", "loc": "230070073", "localidad": "Santa Melva", "pob": 56.0 }, "geometry": { "type": "Point", "coordinates": [ -87.404771000064642, 20.912567000213837 ] } },
{ "type": "Feature", "properties": { "ent": "23", "entidad": "Quintana Roo", "mun": "23007", "municipio": "Lázaro Cárdenas", "loc": "230070078", "localidad": "Tres Marías", "pob": 60.0 }, "geometry": { "type": "Point", "coordinates": [ -87.226137000415434, 20.848980999777943 ] } },
{ "type": "Feature", "properties": { "ent": "23", "entidad": "Quintana Roo", "mun": "23007", "municipio": "Lázaro Cárdenas", "loc": "230070139", "localidad": "Pacchen", "pob": 159.0 }, "geometry": { "type": "Point", "coordinates": [ -87.588300999992512, 20.635311000134969 ] } },
{ "type": "Feature", "properties": { "ent": "23", "entidad": "Quintana Roo", "mun": "23007", "municipio": "Lázaro Cárdenas", "loc": "230070159", "localidad": "San Antonio", "pob": 57.0 }, "geometry": { "type": "Point", "coordinates": [ -87.531109999951255, 20.817347000099737 ] } },
{ "type": "Feature", "properties": { "ent": "23", "entidad": "Quintana Roo", "mun": "23007", "municipio": "Lázaro Cárdenas", "loc": "230070179", "localidad": "Vicente Guerrero", "pob": 658.0 }, "geometry": { "type": "Point", "coordinates": [ -87.493734999757322, 20.983779000346686 ] } },
{ "type": "Feature", "properties": { "ent": "23", "entidad": "Quintana Roo", "mun": "23007", "municipio": "Lázaro Cárdenas", "loc": "230070194", "localidad": "Santo Domingo", "pob": 375.0 }, "geometry": { "type": "Point", "coordinates": [ -87.384266999721987, 20.920270999878895 ] } },
{ "type": "Feature", "properties": { "ent": "23", "entidad": "Quintana Roo", "mun": "23007", "municipio": "Lázaro Cárdenas", "loc": "230070298", "localidad": "Laguna Costa Rica", "pob": 45.0 }, "geometry": { "type": "Point", "coordinates": [ -87.347129999887002, 20.716175999781303 ] } },
{ "type": "Feature", "properties": { "ent": "23", "entidad": "Quintana Roo", "mun": "23007", "municipio": "Lázaro Cárdenas", "loc": "230070318", "localidad": "San Javier", "pob": 13.0 }, "geometry": { "type": "Point", "coordinates": [ -87.545906000282898, 20.878906999577982 ] } },
{ "type": "Feature", "properties": { "ent": "23", "entidad": "Quintana Roo", "mun": "23007", "municipio": "Lázaro Cárdenas", "loc": "230070368", "localidad": "Santa Melva", "pob": 44.0 }, "geometry": { "type": "Point", "coordinates": [ -87.407779999620487, 20.912337999603448 ] } },
{ "type": "Feature", "properties": { "ent": "23", "entidad": "Quintana Roo", "mun": "23007", "municipio": "Lázaro Cárdenas", "loc": "230070383", "localidad": "Paraíso", "pob": 11.0 }, "geometry": { "type": "Point", "coordinates": [ -87.346089000251823, 21.389629999679403 ] } },
{ "type": "Feature", "properties": { "ent": "23", "entidad": "Quintana Roo", "mun": "23007", "municipio": "Lázaro Cárdenas", "loc": "230070389", "localidad": "Constituyentes del Setenta y Cuatro", "pob": 92.0 }, "geometry": { "type": "Point", "coordinates": [ -87.435188999556985, 20.687151000357968 ] } },
{ "type": "Feature", "properties": { "ent": "23", "entidad": "Quintana Roo", "mun": "23007", "municipio": "Lázaro Cárdenas", "loc": "230070390", "localidad": "Banco de Cenotes", "pob": 16.0 }, "geometry": { "type": "Point", "coordinates": [ -87.613451999803317, 20.67035099958721 ] } },
{ "type": "Feature", "properties": { "ent": "23", "entidad": "Quintana Roo", "mun": "23007", "municipio": "Lázaro Cárdenas", "loc": "230070393", "localidad": "Villa Guadalupe", "pob": 17.0 }, "geometry": { "type": "Point", "coordinates": [ -87.617545999896535, 20.724977999836625 ] } },
{ "type": "Feature", "properties": { "ent": "23", "entidad": "Quintana Roo", "mun": "23007", "municipio": "Lázaro Cárdenas", "loc": "230070394", "localidad": "Laguna Chabela", "pob": 11.0 }, "geometry": { "type": "Point", "coordinates": [ -87.615832999710861, 20.662777999917509 ] } },
{ "type": "Feature", "properties": { "ent": "23", "entidad": "Quintana Roo", "mun": "23007", "municipio": "Lázaro Cárdenas", "loc": "230070445", "localidad": "Yokdzonot Nuevo", "pob": 15.0 }, "geometry": { "type": "Point", "coordinates": [ -87.623568000133844, 20.657832000444248 ] } },
{ "type": "Feature", "properties": { "ent": "23", "entidad": "Quintana Roo", "mun": "23007", "municipio": "Lázaro Cárdenas", "loc": "230070473", "localidad": "Jungla Maya", "pob": 14.0 }, "geometry": { "type": "Point", "coordinates": [ -87.249061000110103, 20.689286000238493 ] } },
{ "type": "Feature", "properties": { "ent": "23", "entidad": "Quintana Roo", "mun": "23007", "municipio": "Lázaro Cárdenas", "loc": "230070475", "localidad": "Eben Ezer", "pob": 52.0 }, "geometry": { "type": "Point", "coordinates": [ -87.267118999936883, 20.782251000250056 ] } },
{ "type": "Feature", "properties": { "ent": "23", "entidad": "Quintana Roo", "mun": "23007", "municipio": "Lázaro Cárdenas", "loc": "230070487", "localidad": "La Unión", "pob": 19.0 }, "geometry": { "type": "Point", "coordinates": [ -87.272277000074638, 20.740133000131024 ] } },
{ "type": "Feature", "properties": { "ent": "23", "entidad": "Quintana Roo", "mun": "23008", "municipio": "Solidaridad", "loc": "230080001", "localidad": "Playa del Carmen", "pob": 304942.0 }, "geometry": { "type": "Point", "coordinates": [ -87.075499999865528, 20.628142000276942 ] } },
{ "type": "Feature", "properties": { "ent": "23", "entidad": "Quintana Roo", "mun": "23008", "municipio": "Solidaridad", "loc": "230080179", "localidad": "Paa Mul", "pob": 41.0 }, "geometry": { "type": "Point", "coordinates": [ -87.192232000328062, 20.522640999803354 ] } },
{ "type": "Feature", "properties": { "ent": "23", "entidad": "Quintana Roo", "mun": "23008", "municipio": "Solidaridad", "loc": "230080265", "localidad": "San José", "pob": 116.0 }, "geometry": { "type": "Point", "coordinates": [ -87.248727999827011, 20.490584000006269 ] } },
{ "type": "Feature", "properties": { "ent": "23", "entidad": "Quintana Roo", "mun": "23008", "municipio": "Solidaridad", "loc": "230080272", "localidad": "San Mateo", "pob": 14.0 }, "geometry": { "type": "Point", "coordinates": [ -87.238008000344408, 20.500842000339443 ] } },
{ "type": "Feature", "properties": { "ent": "23", "entidad": "Quintana Roo", "mun": "23008", "municipio": "Solidaridad", "loc": "230080285", "localidad": "Grand Palladium", "pob": 157.0 }, "geometry": { "type": "Point", "coordinates": [ -87.28824799984352, 20.443587000424465 ] } },
{ "type": "Feature", "properties": { "ent": "23", "entidad": "Quintana Roo", "mun": "23008", "municipio": "Solidaridad", "loc": "230080308", "localidad": "Puerto Aventuras", "pob": 22878.0 }, "geometry": { "type": "Point", "coordinates": [ -87.235191000162146, 20.512781999938767 ] } },
{ "type": "Feature", "properties": { "ent": "23", "entidad": "Quintana Roo", "mun": "23008", "municipio": "Solidaridad", "loc": "230080331", "localidad": "Uxuxubi", "pob": 48.0 }, "geometry": { "type": "Point", "coordinates": [ -87.392635000199277, 20.456148999940364 ] } },
{ "type": "Feature", "properties": { "ent": "23", "entidad": "Quintana Roo", "mun": "23008", "municipio": "Solidaridad", "loc": "230080370", "localidad": "Arbolada II", "pob": 89.0 }, "geometry": { "type": "Point", "coordinates": [ -87.109325999870407, 20.730272000158955 ] } },
{ "type": "Feature", "properties": { "ent": "23", "entidad": "Quintana Roo", "mun": "23008", "municipio": "Solidaridad", "loc": "230080389", "localidad": "Cárcel Pública", "pob": 429.0 }, "geometry": { "type": "Point", "coordinates": [ -87.141698999814977, 20.661376000410403 ] } },
{ "type": "Feature", "properties": { "ent": "23", "entidad": "Quintana Roo", "mun": "23008", "municipio": "Solidaridad", "loc": "230080483", "localidad": "San Martín", "pob": 96.0 }, "geometry": { "type": "Point", "coordinates": [ -87.311216999828574, 20.425791999587528 ] } },
{ "type": "Feature", "properties": { "ent": "23", "entidad": "Quintana Roo", "mun": "23008", "municipio": "Solidaridad", "loc": "230080555", "localidad": "San Ángel", "pob": 69.0 }, "geometry": { "type": "Point", "coordinates": [ -87.236928999826546, 20.516061000302358 ] } },
{ "type": "Feature", "properties": { "ent": "23", "entidad": "Quintana Roo", "mun": "23008", "municipio": "Solidaridad", "loc": "230080572", "localidad": "El Sauce", "pob": 523.0 }, "geometry": { "type": "Point", "coordinates": [ -87.22005399994174, 20.524844999803555 ] } },
{ "type": "Feature", "properties": { "ent": "23", "entidad": "Quintana Roo", "mun": "23008", "municipio": "Solidaridad", "loc": "230080611", "localidad": "San Román", "pob": 11.0 }, "geometry": { "type": "Point", "coordinates": [ -87.124206999674612, 20.651176000122412 ] } },
{ "type": "Feature", "properties": { "ent": "23", "entidad": "Quintana Roo", "mun": "23008", "municipio": "Solidaridad", "loc": "230080627", "localidad": "Las Golondrinas", "pob": 10.0 }, "geometry": { "type": "Point", "coordinates": [ -87.133034000400585, 20.657473000119197 ] } },
{ "type": "Feature", "properties": { "ent": "23", "entidad": "Quintana Roo", "mun": "23008", "municipio": "Solidaridad", "loc": "230080640", "localidad": "Vida y Esperanza", "pob": 101.0 }, "geometry": { "type": "Point", "coordinates": [ -87.044869999708439, 20.769500000200491 ] } },
{ "type": "Feature", "properties": { "ent": "23", "entidad": "Quintana Roo", "mun": "23008", "municipio": "Solidaridad", "loc": "230080642", "localidad": "Santa Teresita", "pob": 26.0 }, "geometry": { "type": "Point", "coordinates": [ -87.282212999791696, 20.459621000149575 ] } },
{ "type": "Feature", "properties": { "ent": "23", "entidad": "Quintana Roo", "mun": "23008", "municipio": "Solidaridad", "loc": "230080646", "localidad": "San Carlos", "pob": 27.0 }, "geometry": { "type": "Point", "coordinates": [ -87.347634999706614, 20.579354999931319 ] } },
{ "type": "Feature", "properties": { "ent": "23", "entidad": "Quintana Roo", "mun": "23008", "municipio": "Solidaridad", "loc": "230080647", "localidad": "Pacto Obrero", "pob": 16.0 }, "geometry": { "type": "Point", "coordinates": [ -87.3716959997912, 20.570011999650873 ] } },
{ "type": "Feature", "properties": { "ent": "23", "entidad": "Quintana Roo", "mun": "23008", "municipio": "Solidaridad", "loc": "230080709", "localidad": "Felipe Carrillo Puerto", "pob": 147.0 }, "geometry": { "type": "Point", "coordinates": [ -87.868297000449488, 20.496055999677658 ] } },
{ "type": "Feature", "properties": { "ent": "23", "entidad": "Quintana Roo", "mun": "23008", "municipio": "Solidaridad", "loc": "230080710", "localidad": "Guadalupe", "pob": 16.0 }, "geometry": { "type": "Point", "coordinates": [ -87.664173999629966, 20.595487000200613 ] } },
{ "type": "Feature", "properties": { "ent": "23", "entidad": "Quintana Roo", "mun": "23008", "municipio": "Solidaridad", "loc": "230080711", "localidad": "Hidalgo y Cortez", "pob": 106.0 }, "geometry": { "type": "Point", "coordinates": [ -87.669006999830728, 20.596732000017312 ] } },
{ "type": "Feature", "properties": { "ent": "23", "entidad": "Quintana Roo", "mun": "23008", "municipio": "Solidaridad", "loc": "230080716", "localidad": "Punta Laguna", "pob": 159.0 }, "geometry": { "type": "Point", "coordinates": [ -87.63126600004577, 20.64567800045592 ] } },
{ "type": "Feature", "properties": { "ent": "23", "entidad": "Quintana Roo", "mun": "23008", "municipio": "Solidaridad", "loc": "230080802", "localidad": "Aquismón", "pob": 29.0 }, "geometry": { "type": "Point", "coordinates": [ -87.017834999540852, 20.785921999903071 ] } },
{ "type": "Feature", "properties": { "ent": "23", "entidad": "Quintana Roo", "mun": "23008", "municipio": "Solidaridad", "loc": "230080818", "localidad": "Playa Paraíso", "pob": 22.0 }, "geometry": { "type": "Point", "coordinates": [ -86.958056000349174, 20.760000000334998 ] } },
{ "type": "Feature", "properties": { "ent": "23", "entidad": "Quintana Roo", "mun": "23008", "municipio": "Solidaridad", "loc": "230080829", "localidad": "Nuevo Noh-Bec", "pob": 1774.0 }, "geometry": { "type": "Point", "coordinates": [ -87.097173000185208, 20.735758999972056 ] } },
{ "type": "Feature", "properties": { "ent": "23", "entidad": "Quintana Roo", "mun": "23008", "municipio": "Solidaridad", "loc": "230080835", "localidad": "Grand Sirenis", "pob": 81.0 }, "geometry": { "type": "Point", "coordinates": [ -87.295459000150728, 20.428233999814886 ] } },
{ "type": "Feature", "properties": { "ent": "23", "entidad": "Quintana Roo", "mun": "23008", "municipio": "Solidaridad", "loc": "230080839", "localidad": "El Regalo de Mis Padres", "pob": 95.0 }, "geometry": { "type": "Point", "coordinates": [ -87.137838000278094, 20.662740000171322 ] } },
{ "type": "Feature", "properties": { "ent": "23", "entidad": "Quintana Roo", "mun": "23008", "municipio": "Solidaridad", "loc": "230080885", "localidad": "Ninguno", "pob": 19.0 }, "geometry": { "type": "Point", "coordinates": [ -87.163347000057414, 20.675244000390904 ] } },
{ "type": "Feature", "properties": { "ent": "23", "entidad": "Quintana Roo", "mun": "23008", "municipio": "Solidaridad", "loc": "230080899", "localidad": "Los Arcos", "pob": 61.0 }, "geometry": { "type": "Point", "coordinates": [ -87.039509000058388, 20.764007999834593 ] } },
{ "type": "Feature", "properties": { "ent": "23", "entidad": "Quintana Roo", "mun": "23008", "municipio": "Solidaridad", "loc": "230080909", "localidad": "Paraíso", "pob": 48.0 }, "geometry": { "type": "Point", "coordinates": [ -87.106511999826836, 20.740613999549048 ] } },
{ "type": "Feature", "properties": { "ent": "23", "entidad": "Quintana Roo", "mun": "23008", "municipio": "Solidaridad", "loc": "230080916", "localidad": "Yaman Ek", "pob": 10.0 }, "geometry": { "type": "Point", "coordinates": [ -87.054319999747378, 20.792876999566154 ] } },
{ "type": "Feature", "properties": { "ent": "23", "entidad": "Quintana Roo", "mun": "23008", "municipio": "Solidaridad", "loc": "230080920", "localidad": "El Pitayo", "pob": 47.0 }, "geometry": { "type": "Point", "coordinates": [ -87.112181000321797, 20.607147000198719 ] } },
{ "type": "Feature", "properties": { "ent": "23", "entidad": "Quintana Roo", "mun": "23008", "municipio": "Solidaridad", "loc": "230080924", "localidad": "Los Pájaros", "pob": 109.0 }, "geometry": { "type": "Point", "coordinates": [ -87.132420999998814, 20.725099000165194 ] } },
{ "type": "Feature", "properties": { "ent": "23", "entidad": "Quintana Roo", "mun": "23008", "municipio": "Solidaridad", "loc": "230080926", "localidad": "Valle Encantado", "pob": 44.0 }, "geometry": { "type": "Point", "coordinates": [ -87.128871999998097, 20.722846999708288 ] } },
{ "type": "Feature", "properties": { "ent": "23", "entidad": "Quintana Roo", "mun": "23008", "municipio": "Solidaridad", "loc": "230080927", "localidad": "Jacinto Canek (Campesinos Unidos)", "pob": 143.0 }, "geometry": { "type": "Point", "coordinates": [ -87.083127999995384, 20.753802999782121 ] } },
{ "type": "Feature", "properties": { "ent": "23", "entidad": "Quintana Roo", "mun": "23008", "municipio": "Solidaridad", "loc": "230080928", "localidad": "Torres de la Paz", "pob": 172.0 }, "geometry": { "type": "Point", "coordinates": [ -87.123742000324981, 20.611796999843023 ] } },
{ "type": "Feature", "properties": { "ent": "23", "entidad": "Quintana Roo", "mun": "23008", "municipio": "Solidaridad", "loc": "230080929", "localidad": "Paseos del Parque", "pob": 46.0 }, "geometry": { "type": "Point", "coordinates": [ -87.118330999863517, 20.65731100042402 ] } },
{ "type": "Feature", "properties": { "ent": "23", "entidad": "Quintana Roo", "mun": "23008", "municipio": "Solidaridad", "loc": "230080945", "localidad": "Santa Cecilia", "pob": 37.0 }, "geometry": { "type": "Point", "coordinates": [ -87.016148000040289, 20.776727999825304 ] } },
{ "type": "Feature", "properties": { "ent": "23", "entidad": "Quintana Roo", "mun": "23008", "municipio": "Solidaridad", "loc": "230080946", "localidad": "Santa Cecilia", "pob": 95.0 }, "geometry": { "type": "Point", "coordinates": [ -87.013174999812804, 20.798710999830664 ] } },
{ "type": "Feature", "properties": { "ent": "23", "entidad": "Quintana Roo", "mun": "23008", "municipio": "Solidaridad", "loc": "230080949", "localidad": "Belfast", "pob": 145.0 }, "geometry": { "type": "Point", "coordinates": [ -87.24113299970594, 20.520976000054482 ] } },
{ "type": "Feature", "properties": { "ent": "23", "entidad": "Quintana Roo", "mun": "23008", "municipio": "Solidaridad", "loc": "230080950", "localidad": "Monte Sinahí", "pob": 443.0 }, "geometry": { "type": "Point", "coordinates": [ -87.249785000394183, 20.519502999691891 ] } },
{ "type": "Feature", "properties": { "ent": "23", "entidad": "Quintana Roo", "mun": "23009", "municipio": "Tulum", "loc": "230090001", "localidad": "Tulum", "pob": 33374.0 }, "geometry": { "type": "Point", "coordinates": [ -87.463205000408792, 20.210777000409148 ] } },
{ "type": "Feature", "properties": { "ent": "23", "entidad": "Quintana Roo", "mun": "23009", "municipio": "Tulum", "loc": "230090005", "localidad": "Akumal", "pob": 2154.0 }, "geometry": { "type": "Point", "coordinates": [ -87.322436000411287, 20.400935000312316 ] } },
{ "type": "Feature", "properties": { "ent": "23", "entidad": "Quintana Roo", "mun": "23009", "municipio": "Tulum", "loc": "230090007", "localidad": "Akumal Sur", "pob": 15.0 }, "geometry": { "type": "Point", "coordinates": [ -87.324623999563627, 20.381917999648486 ] } },
{ "type": "Feature", "properties": { "ent": "23", "entidad": "Quintana Roo", "mun": "23009", "municipio": "Tulum", "loc": "230090016", "localidad": "Aventuras Akumal", "pob": 15.0 }, "geometry": { "type": "Point", "coordinates": [ -87.328610999965463, 20.372500000431266 ] } },
{ "type": "Feature", "properties": { "ent": "23", "entidad": "Quintana Roo", "mun": "23009", "municipio": "Tulum", "loc": "230090018", "localidad": "Gran Bahía Príncipe", "pob": 29.0 }, "geometry": { "type": "Point", "coordinates": [ -87.334665999584502, 20.370381999741305 ] } },
{ "type": "Feature", "properties": { "ent": "23", "entidad": "Quintana Roo", "mun": "23009", "municipio": "Tulum", "loc": "230090020", "localidad": "Bahías de Punta Solimán", "pob": 56.0 }, "geometry": { "type": "Point", "coordinates": [ -87.374167000298414, 20.286111000357845 ] } },
{ "type": "Feature", "properties": { "ent": "23", "entidad": "Quintana Roo", "mun": "23009", "municipio": "Tulum", "loc": "230090051", "localidad": "Chanchén Palmar", "pob": 597.0 }, "geometry": { "type": "Point", "coordinates": [ -87.974510000137499, 20.289268999638143 ] } },
{ "type": "Feature", "properties": { "ent": "23", "entidad": "Quintana Roo", "mun": "23009", "municipio": "Tulum", "loc": "230090052", "localidad": "Chanchen Primero", "pob": 1078.0 }, "geometry": { "type": "Point", "coordinates": [ -87.968372999970342, 20.401206999717211 ] } },
{ "type": "Feature", "properties": { "ent": "23", "entidad": "Quintana Roo", "mun": "23009", "municipio": "Tulum", "loc": "230090053", "localidad": "Chan Chemuyil", "pob": 127.0 }, "geometry": { "type": "Point", "coordinates": [ -87.353838999969255, 20.342556999599303 ] } },
{ "type": "Feature", "properties": { "ent": "23", "entidad": "Quintana Roo", "mun": "23009", "municipio": "Tulum", "loc": "230090055", "localidad": "Ciudad Chemuyil", "pob": 548.0 }, "geometry": { "type": "Point", "coordinates": [ -87.354343000307779, 20.347012000424694 ] } },
{ "type": "Feature", "properties": { "ent": "23", "entidad": "Quintana Roo", "mun": "23009", "municipio": "Tulum", "loc": "230090057", "localidad": "Cobá", "pob": 1738.0 }, "geometry": { "type": "Point", "coordinates": [ -87.734722000154292, 20.495495000310186 ] } },
{ "type": "Feature", "properties": { "ent": "23", "entidad": "Quintana Roo", "mun": "23009", "municipio": "Tulum", "loc": "230090073", "localidad": "Las Dos Hermanas", "pob": 18.0 }, "geometry": { "type": "Point", "coordinates": [ -87.502318999954824, 20.28777799954948 ] } },
{ "type": "Feature", "properties": { "ent": "23", "entidad": "Quintana Roo", "mun": "23009", "municipio": "Tulum", "loc": "230090076", "localidad": "Dos Palmas", "pob": 32.0 }, "geometry": { "type": "Point", "coordinates": [ -87.383708000083288, 20.32396300000697 ] } },
{ "type": "Feature", "properties": { "ent": "23", "entidad": "Quintana Roo", "mun": "23009", "municipio": "Tulum", "loc": "230090092", "localidad": "Francisco Uh May", "pob": 1288.0 }, "geometry": { "type": "Point", "coordinates": [ -87.590084999574756, 20.364389999580332 ] } },
{ "type": "Feature", "properties": { "ent": "23", "entidad": "Quintana Roo", "mun": "23009", "municipio": "Tulum", "loc": "230090100", "localidad": "Hondzonot", "pob": 391.0 }, "geometry": { "type": "Point", "coordinates": [ -87.974463999660841, 20.367666999698354 ] } },
{ "type": "Feature", "properties": { "ent": "23", "entidad": "Quintana Roo", "mun": "23009", "municipio": "Tulum", "loc": "230090104", "localidad": "Jacinto Pat", "pob": 100.0 }, "geometry": { "type": "Point", "coordinates": [ -87.367876000373272, 20.316052000469288 ] } },
{ "type": "Feature", "properties": { "ent": "23", "entidad": "Quintana Roo", "mun": "23009", "municipio": "Tulum", "loc": "230090106", "localidad": "Javier Rojo Gómez (Punta Allen)", "pob": 393.0 }, "geometry": { "type": "Point", "coordinates": [ -87.47647999980893, 19.800345999572169 ] } },
{ "type": "Feature", "properties": { "ent": "23", "entidad": "Quintana Roo", "mun": "23009", "municipio": "Tulum", "loc": "230090115", "localidad": "El Pequeño Paraíso", "pob": 34.0 }, "geometry": { "type": "Point", "coordinates": [ -87.529086000238465, 20.305493999683033 ] } },
{ "type": "Feature", "properties": { "ent": "23", "entidad": "Quintana Roo", "mun": "23009", "municipio": "Tulum", "loc": "230090133", "localidad": "Macario Gómez", "pob": 884.0 }, "geometry": { "type": "Point", "coordinates": [ -87.575953999811688, 20.350776000254363 ] } },
{ "type": "Feature", "properties": { "ent": "23", "entidad": "Quintana Roo", "mun": "23009", "municipio": "Tulum", "loc": "230090136", "localidad": "Manuel Antonio Ay", "pob": 621.0 }, "geometry": { "type": "Point", "coordinates": [ -87.652645000442178, 20.429839000258639 ] } },
{ "type": "Feature", "properties": { "ent": "23", "entidad": "Quintana Roo", "mun": "23009", "municipio": "Tulum", "loc": "230090200", "localidad": "Sahcab Mucuy", "pob": 596.0 }, "geometry": { "type": "Point", "coordinates": [ -87.974488000137697, 20.414970999610262 ] } },
{ "type": "Feature", "properties": { "ent": "23", "entidad": "Quintana Roo", "mun": "23009", "municipio": "Tulum", "loc": "230090210", "localidad": "San Juan", "pob": 770.0 }, "geometry": { "type": "Point", "coordinates": [ -87.725394999616867, 20.416139999831465 ] } },
{ "type": "Feature", "properties": { "ent": "23", "entidad": "Quintana Roo", "mun": "23009", "municipio": "Tulum", "loc": "230090223", "localidad": "Alfa y Mega", "pob": 16.0 }, "geometry": { "type": "Point", "coordinates": [ -87.505655999495758, 20.288802000405159 ] } },
{ "type": "Feature", "properties": { "ent": "23", "entidad": "Quintana Roo", "mun": "23009", "municipio": "Tulum", "loc": "230090240", "localidad": "Tankah Tres", "pob": 62.0 }, "geometry": { "type": "Point", "coordinates": [ -87.395078999659347, 20.26185900026908 ] } },
{ "type": "Feature", "properties": { "ent": "23", "entidad": "Quintana Roo", "mun": "23009", "municipio": "Tulum", "loc": "230090245", "localidad": "Tres Hermanos", "pob": 18.0 }, "geometry": { "type": "Point", "coordinates": [ -87.483858999714698, 20.268551000085303 ] } },
{ "type": "Feature", "properties": { "ent": "23", "entidad": "Quintana Roo", "mun": "23009", "municipio": "Tulum", "loc": "230090267", "localidad": "Yaxché", "pob": 367.0 }, "geometry": { "type": "Point", "coordinates": [ -87.94773699971644, 20.339889000067046 ] } },
{ "type": "Feature", "properties": { "ent": "23", "entidad": "Quintana Roo", "mun": "23009", "municipio": "Tulum", "loc": "230090342", "localidad": "Balam Luum", "pob": 11.0 }, "geometry": { "type": "Point", "coordinates": [ -87.480723000311144, 20.288576000093066 ] } },
{ "type": "Feature", "properties": { "ent": "23", "entidad": "Quintana Roo", "mun": "23009", "municipio": "Tulum", "loc": "230090383", "localidad": "India Blanca", "pob": 19.0 }, "geometry": { "type": "Point", "coordinates": [ -87.484002000231655, 20.281654000190347 ] } },
{ "type": "Feature", "properties": { "ent": "23", "entidad": "Quintana Roo", "mun": "23009", "municipio": "Tulum", "loc": "230090385", "localidad": "La Ceiba", "pob": 45.0 }, "geometry": { "type": "Point", "coordinates": [ -87.496775000356195, 20.283870000320736 ] } },
{ "type": "Feature", "properties": { "ent": "23", "entidad": "Quintana Roo", "mun": "23009", "municipio": "Tulum", "loc": "230090407", "localidad": "La Unión", "pob": 74.0 }, "geometry": { "type": "Point", "coordinates": [ -87.521826000274345, 20.190711999621715 ] } },
{ "type": "Feature", "properties": { "ent": "23", "entidad": "Quintana Roo", "mun": "23009", "municipio": "Tulum", "loc": "230090452", "localidad": "San Nazarén", "pob": 16.0 }, "geometry": { "type": "Point", "coordinates": [ -87.475769999655128, 20.281916999609763 ] } },
{ "type": "Feature", "properties": { "ent": "23", "entidad": "Quintana Roo", "mun": "23009", "municipio": "Tulum", "loc": "230090464", "localidad": "Tres Vírgenes", "pob": 14.0 }, "geometry": { "type": "Point", "coordinates": [ -87.525337000030888, 20.302412000275233 ] } },
{ "type": "Feature", "properties": { "ent": "23", "entidad": "Quintana Roo", "mun": "23009", "municipio": "Tulum", "loc": "230090465", "localidad": "La Unión", "pob": 62.0 }, "geometry": { "type": "Point", "coordinates": [ -87.548456999866218, 20.176516000174384 ] } },
{ "type": "Feature", "properties": { "ent": "23", "entidad": "Quintana Roo", "mun": "23009", "municipio": "Tulum", "loc": "230090469", "localidad": "Yolis", "pob": 10.0 }, "geometry": { "type": "Point", "coordinates": [ -87.52509699977189, 20.302095999809996 ] } },
{ "type": "Feature", "properties": { "ent": "23", "entidad": "Quintana Roo", "mun": "23009", "municipio": "Tulum", "loc": "230090474", "localidad": "Cafeto Cimarrón", "pob": 15.0 }, "geometry": { "type": "Point", "coordinates": [ -87.50578099979731, 20.289890999733 ] } },
{ "type": "Feature", "properties": { "ent": "23", "entidad": "Quintana Roo", "mun": "23009", "municipio": "Tulum", "loc": "230090499", "localidad": "India Blanca", "pob": 26.0 }, "geometry": { "type": "Point", "coordinates": [ -87.483284000419189, 20.282795999640427 ] } },
{ "type": "Feature", "properties": { "ent": "23", "entidad": "Quintana Roo", "mun": "23009", "municipio": "Tulum", "loc": "230090507", "localidad": "Punta Sur", "pob": 16.0 }, "geometry": { "type": "Point", "coordinates": [ -87.32274899994826, 20.378313000365523 ] } },
{ "type": "Feature", "properties": { "ent": "23", "entidad": "Quintana Roo", "mun": "23009", "municipio": "Tulum", "loc": "230090523", "localidad": "Árboles Tulum", "pob": 20.0 }, "geometry": { "type": "Point", "coordinates": [ -87.516815999896181, 20.297461999794475 ] } },
{ "type": "Feature", "properties": { "ent": "23", "entidad": "Quintana Roo", "mun": "23009", "municipio": "Tulum", "loc": "230090544", "localidad": "San Pedro", "pob": 136.0 }, "geometry": { "type": "Point", "coordinates": [ -87.825782999733846, 20.458774999601825 ] } },
{ "type": "Feature", "properties": { "ent": "23", "entidad": "Quintana Roo", "mun": "23009", "municipio": "Tulum", "loc": "230090545", "localidad": "Cristal [Colonia]", "pob": 352.0 }, "geometry": { "type": "Point", "coordinates": [ -87.507227999766044, 20.201910000088763 ] } },
{ "type": "Feature", "properties": { "ent": "23", "entidad": "Quintana Roo", "mun": "23009", "municipio": "Tulum", "loc": "230090579", "localidad": "Marités", "pob": 36.0 }, "geometry": { "type": "Point", "coordinates": [ -87.491569000352385, 20.226569999719882 ] } },
{ "type": "Feature", "properties": { "ent": "23", "entidad": "Quintana Roo", "mun": "23009", "municipio": "Tulum", "loc": "230090580", "localidad": "Don Brígido", "pob": 33.0 }, "geometry": { "type": "Point", "coordinates": [ -87.493797000072973, 20.20466399955906 ] } },
{ "type": "Feature", "properties": { "ent": "23", "entidad": "Quintana Roo", "mun": "23009", "municipio": "Tulum", "loc": "230090585", "localidad": "Océano Azul", "pob": 12.0 }, "geometry": { "type": "Point", "coordinates": [ -87.372148999636437, 20.339894999754723 ] } },
{ "type": "Feature", "properties": { "ent": "23", "entidad": "Quintana Roo", "mun": "23009", "municipio": "Tulum", "loc": "230090588", "localidad": "El Cedro", "pob": 11.0 }, "geometry": { "type": "Point", "coordinates": [ -87.523099999942644, 20.300523999585046 ] } },
{ "type": "Feature", "properties": { "ent": "23", "entidad": "Quintana Roo", "mun": "23009", "municipio": "Tulum", "loc": "230090589", "localidad": "Kilómetro Doce", "pob": 40.0 }, "geometry": { "type": "Point", "coordinates": [ -87.518421999933793, 20.29769999980779 ] } },
{ "type": "Feature", "properties": { "ent": "23", "entidad": "Quintana Roo", "mun": "23009", "municipio": "Tulum", "loc": "230090592", "localidad": "Kilómetro Diez Punto Cinco", "pob": 15.0 }, "geometry": { "type": "Point", "coordinates": [ -87.505353000087055, 20.292295999687152 ] } },
{ "type": "Feature", "properties": { "ent": "23", "entidad": "Quintana Roo", "mun": "23010", "municipio": "Bacalar", "loc": "230100001", "localidad": "Bacalar", "pob": 12527.0 }, "geometry": { "type": "Point", "coordinates": [ -88.389352999833136, 18.676147000175977 ] } },
{ "type": "Feature", "properties": { "ent": "23", "entidad": "Quintana Roo", "mun": "23010", "municipio": "Bacalar", "loc": "230100004", "localidad": "Aarón Merino [Colonia]", "pob": 59.0 }, "geometry": { "type": "Point", "coordinates": [ -88.386969999839167, 18.707326000197348 ] } },
{ "type": "Feature", "properties": { "ent": "23", "entidad": "Quintana Roo", "mun": "23010", "municipio": "Bacalar", "loc": "230100008", "localidad": "Altos de Sevilla", "pob": 677.0 }, "geometry": { "type": "Point", "coordinates": [ -88.678118000221005, 18.852016999568502 ] } },
{ "type": "Feature", "properties": { "ent": "23", "entidad": "Quintana Roo", "mun": "23010", "municipio": "Bacalar", "loc": "230100009", "localidad": "Anastacio Valdez Huchin", "pob": 13.0 }, "geometry": { "type": "Point", "coordinates": [ -88.111848999984332, 19.002767000104988 ] } },
{ "type": "Feature", "properties": { "ent": "23", "entidad": "Quintana Roo", "mun": "23010", "municipio": "Bacalar", "loc": "230100011", "localidad": "Andrés Quintana Roo", "pob": 93.0 }, "geometry": { "type": "Point", "coordinates": [ -88.5437240004199, 18.839576999741446 ] } },
{ "type": "Feature", "properties": { "ent": "23", "entidad": "Quintana Roo", "mun": "23010", "municipio": "Bacalar", "loc": "230100013", "localidad": "Año Nuevo", "pob": 13.0 }, "geometry": { "type": "Point", "coordinates": [ -88.535016999655952, 18.711600000176436 ] } },
{ "type": "Feature", "properties": { "ent": "23", "entidad": "Quintana Roo", "mun": "23010", "municipio": "Bacalar", "loc": "230100020", "localidad": "Blanca Flor", "pob": 633.0 }, "geometry": { "type": "Point", "coordinates": [ -88.500099999786514, 18.923348999631116 ] } },
{ "type": "Feature", "properties": { "ent": "23", "entidad": "Quintana Roo", "mun": "23010", "municipio": "Bacalar", "loc": "230100021", "localidad": "Buena Esperanza", "pob": 345.0 }, "geometry": { "type": "Point", "coordinates": [ -88.641352000313134, 18.941428999627174 ] } },
{ "type": "Feature", "properties": { "ent": "23", "entidad": "Quintana Roo", "mun": "23010", "municipio": "Bacalar", "loc": "230100022", "localidad": "Buenavista", "pob": 702.0 }, "geometry": { "type": "Point", "coordinates": [ -88.238468000179822, 18.883605000130849 ] } },
{ "type": "Feature", "properties": { "ent": "23", "entidad": "Quintana Roo", "mun": "23010", "municipio": "Bacalar", "loc": "230100023", "localidad": "Caan Lumil", "pob": 400.0 }, "geometry": { "type": "Point", "coordinates": [ -88.383835999917707, 18.904804999869633 ] } },
{ "type": "Feature", "properties": { "ent": "23", "entidad": "Quintana Roo", "mun": "23010", "municipio": "Bacalar", "loc": "230100024", "localidad": "Caanán", "pob": 158.0 }, "geometry": { "type": "Point", "coordinates": [ -88.832745999935767, 19.150912000273117 ] } },
{ "type": "Feature", "properties": { "ent": "23", "entidad": "Quintana Roo", "mun": "23010", "municipio": "Bacalar", "loc": "230100030", "localidad": "Chacchoben", "pob": 685.0 }, "geometry": { "type": "Point", "coordinates": [ -88.176668999597069, 19.037091999857868 ] } },
{ "type": "Feature", "properties": { "ent": "23", "entidad": "Quintana Roo", "mun": "23010", "municipio": "Bacalar", "loc": "230100031", "localidad": "Chula Vista", "pob": 112.0 }, "geometry": { "type": "Point", "coordinates": [ -88.117500000391672, 18.959721999987377 ] } },
{ "type": "Feature", "properties": { "ent": "23", "entidad": "Quintana Roo", "mun": "23010", "municipio": "Bacalar", "loc": "230100037", "localidad": "Cuatro Banderas", "pob": 33.0 }, "geometry": { "type": "Point", "coordinates": [ -88.994444000201455, 19.19694400018021 ] } },
{ "type": "Feature", "properties": { "ent": "23", "entidad": "Quintana Roo", "mun": "23010", "municipio": "Bacalar", "loc": "230100040", "localidad": "David Gustavo Gutiérrez Ruiz", "pob": 398.0 }, "geometry": { "type": "Point", "coordinates": [ -88.704731999718561, 18.897691999948499 ] } },
{ "type": "Feature", "properties": { "ent": "23", "entidad": "Quintana Roo", "mun": "23010", "municipio": "Bacalar", "loc": "230100042", "localidad": "Dieciocho de Marzo", "pob": 274.0 }, "geometry": { "type": "Point", "coordinates": [ -88.80649000026861, 19.078602999622248 ] } },
{ "type": "Feature", "properties": { "ent": "23", "entidad": "Quintana Roo", "mun": "23010", "municipio": "Bacalar", "loc": "230100046", "localidad": "El Bajío", "pob": 133.0 }, "geometry": { "type": "Point", "coordinates": [ -88.560798000350033, 18.950591000315388 ] } },
{ "type": "Feature", "properties": { "ent": "23", "entidad": "Quintana Roo", "mun": "23010", "municipio": "Bacalar", "loc": "230100052", "localidad": "El Cedralito", "pob": 253.0 }, "geometry": { "type": "Point", "coordinates": [ -88.737166000322631, 18.933719999990281 ] } },
{ "type": "Feature", "properties": { "ent": "23", "entidad": "Quintana Roo", "mun": "23010", "municipio": "Bacalar", "loc": "230100064", "localidad": "El Gallito", "pob": 118.0 }, "geometry": { "type": "Point", "coordinates": [ -88.919639000499302, 18.985285999590822 ] } },
{ "type": "Feature", "properties": { "ent": "23", "entidad": "Quintana Roo", "mun": "23010", "municipio": "Bacalar", "loc": "230100075", "localidad": "El Paraíso", "pob": 131.0 }, "geometry": { "type": "Point", "coordinates": [ -88.678722000213412, 18.89197500032493 ] } },
{ "type": "Feature", "properties": { "ent": "23", "entidad": "Quintana Roo", "mun": "23010", "municipio": "Bacalar", "loc": "230100077", "localidad": "El Pedregal", "pob": 21.0 }, "geometry": { "type": "Point", "coordinates": [ -88.130243000215543, 19.031397999636383 ] } },
{ "type": "Feature", "properties": { "ent": "23", "entidad": "Quintana Roo", "mun": "23010", "municipio": "Bacalar", "loc": "230100081", "localidad": "El Progreso", "pob": 180.0 }, "geometry": { "type": "Point", "coordinates": [ -88.661231999787759, 19.07894899989185 ] } },
{ "type": "Feature", "properties": { "ent": "23", "entidad": "Quintana Roo", "mun": "23010", "municipio": "Bacalar", "loc": "230100088", "localidad": "El Suspiro", "pob": 17.0 }, "geometry": { "type": "Point", "coordinates": [ -88.529443999968095, 18.757777999802215 ] } },
{ "type": "Feature", "properties": { "ent": "23", "entidad": "Quintana Roo", "mun": "23010", "municipio": "Bacalar", "loc": "230100098", "localidad": "Francisco J. Mújica", "pob": 139.0 }, "geometry": { "type": "Point", "coordinates": [ -88.707618999801994, 18.985359999794493 ] } },
{ "type": "Feature", "properties": { "ent": "23", "entidad": "Quintana Roo", "mun": "23010", "municipio": "Bacalar", "loc": "230100099", "localidad": "Francisco Villa", "pob": 95.0 }, "geometry": { "type": "Point", "coordinates": [ -88.891046999689451, 19.110781999710696 ] } },
{ "type": "Feature", "properties": { "ent": "23", "entidad": "Quintana Roo", "mun": "23010", "municipio": "Bacalar", "loc": "230100101", "localidad": "Gabino Vázquez", "pob": 18.0 }, "geometry": { "type": "Point", "coordinates": [ -88.750808999757581, 19.043583000118808 ] } },
{ "type": "Feature", "properties": { "ent": "23", "entidad": "Quintana Roo", "mun": "23010", "municipio": "Bacalar", "loc": "230100106", "localidad": "Guadalupe Victoria", "pob": 460.0 }, "geometry": { "type": "Point", "coordinates": [ -88.598124000229845, 19.128343999713142 ] } },
{ "type": "Feature", "properties": { "ent": "23", "entidad": "Quintana Roo", "mun": "23010", "municipio": "Bacalar", "loc": "230100108", "localidad": "Gustavo Díaz Ordaz", "pob": 117.0 }, "geometry": { "type": "Point", "coordinates": [ -88.401425999919681, 19.178424999661612 ] } },
{ "type": "Feature", "properties": { "ent": "23", "entidad": "Quintana Roo", "mun": "23010", "municipio": "Bacalar", "loc": "230100109", "localidad": "Huatusco", "pob": 460.0 }, "geometry": { "type": "Point", "coordinates": [ -88.844669999534673, 18.871721999984711 ] } },
{ "type": "Feature", "properties": { "ent": "23", "entidad": "Quintana Roo", "mun": "23010", "municipio": "Bacalar", "loc": "230100110", "localidad": "Isidro Fabela", "pob": 78.0 }, "geometry": { "type": "Point", "coordinates": [ -88.86194399954833, 18.909443999776602 ] } },
{ "type": "Feature", "properties": { "ent": "23", "entidad": "Quintana Roo", "mun": "23010", "municipio": "Bacalar", "loc": "230100112", "localidad": "Iturbide", "pob": 118.0 }, "geometry": { "type": "Point", "coordinates": [ -88.634764000427637, 19.043111000420257 ] } },
{ "type": "Feature", "properties": { "ent": "23", "entidad": "Quintana Roo", "mun": "23010", "municipio": "Bacalar", "loc": "230100116", "localidad": "Jesús Martínez Ross", "pob": 155.0 }, "geometry": { "type": "Point", "coordinates": [ -88.746720000218545, 19.061747999854575 ] } },
{ "type": "Feature", "properties": { "ent": "23", "entidad": "Quintana Roo", "mun": "23010", "municipio": "Bacalar", "loc": "230100122", "localidad": "Kuchumatán", "pob": 1154.0 }, "geometry": { "type": "Point", "coordinates": [ -88.405657999536842, 18.965282999966668 ] } },
{ "type": "Feature", "properties": { "ent": "23", "entidad": "Quintana Roo", "mun": "23010", "municipio": "Bacalar", "loc": "230100124", "localidad": "La Buena Fe", "pob": 214.0 }, "geometry": { "type": "Point", "coordinates": [ -88.507832999710573, 18.982649999905551 ] } },
{ "type": "Feature", "properties": { "ent": "23", "entidad": "Quintana Roo", "mun": "23010", "municipio": "Bacalar", "loc": "230100129", "localidad": "La Ceiba", "pob": 162.0 }, "geometry": { "type": "Point", "coordinates": [ -88.500878999776191, 18.792639000156932 ] } },
{ "type": "Feature", "properties": { "ent": "23", "entidad": "Quintana Roo", "mun": "23010", "municipio": "Bacalar", "loc": "230100139", "localidad": "La Herradura", "pob": 12.0 }, "geometry": { "type": "Point", "coordinates": [ -89.065055999730447, 19.000380999831147 ] } },
{ "type": "Feature", "properties": { "ent": "23", "entidad": "Quintana Roo", "mun": "23010", "municipio": "Bacalar", "loc": "230100144", "localidad": "La Nueva Esperanza", "pob": 59.0 }, "geometry": { "type": "Point", "coordinates": [ -88.460277999542669, 18.746667000220082 ] } },
{ "type": "Feature", "properties": { "ent": "23", "entidad": "Quintana Roo", "mun": "23010", "municipio": "Bacalar", "loc": "230100145", "localidad": "La Pantera", "pob": 1013.0 }, "geometry": { "type": "Point", "coordinates": [ -88.494002000024281, 19.141524000013813 ] } },
{ "type": "Feature", "properties": { "ent": "23", "entidad": "Quintana Roo", "mun": "23010", "municipio": "Bacalar", "loc": "230100174", "localidad": "Lázaro Cárdenas", "pob": 421.0 }, "geometry": { "type": "Point", "coordinates": [ -88.212620999722105, 18.978648000105554 ] } },
{ "type": "Feature", "properties": { "ent": "23", "entidad": "Quintana Roo", "mun": "23010", "municipio": "Bacalar", "loc": "230100175", "localidad": "Lázaro Cárdenas del Río Tercero", "pob": 246.0 }, "geometry": { "type": "Point", "coordinates": [ -88.786602999709089, 18.974510000125417 ] } },
{ "type": "Feature", "properties": { "ent": "23", "entidad": "Quintana Roo", "mun": "23010", "municipio": "Bacalar", "loc": "230100177", "localidad": "Limones", "pob": 2739.0 }, "geometry": { "type": "Point", "coordinates": [ -88.109479000018013, 19.024318999642436 ] } },
{ "type": "Feature", "properties": { "ent": "23", "entidad": "Quintana Roo", "mun": "23010", "municipio": "Bacalar", "loc": "230100187", "localidad": "Los Cuates", "pob": 17.0 }, "geometry": { "type": "Point", "coordinates": [ -88.647115999548262, 18.829338999979566 ] } },
{ "type": "Feature", "properties": { "ent": "23", "entidad": "Quintana Roo", "mun": "23010", "municipio": "Bacalar", "loc": "230100188", "localidad": "Los Divorciados", "pob": 1249.0 }, "geometry": { "type": "Point", "coordinates": [ -88.456357000343715, 19.076797000396301 ] } },
{ "type": "Feature", "properties": { "ent": "23", "entidad": "Quintana Roo", "mun": "23010", "municipio": "Bacalar", "loc": "230100200", "localidad": "Manuel Ávila Camacho", "pob": 1107.0 }, "geometry": { "type": "Point", "coordinates": [ -88.419939000386321, 19.041697999895717 ] } },
{ "type": "Feature", "properties": { "ent": "23", "entidad": "Quintana Roo", "mun": "23010", "municipio": "Bacalar", "loc": "230100203", "localidad": "Margarita Maza de Juárez", "pob": 199.0 }, "geometry": { "type": "Point", "coordinates": [ -88.593131999828685, 19.085773999911343 ] } },
{ "type": "Feature", "properties": { "ent": "23", "entidad": "Quintana Roo", "mun": "23010", "municipio": "Bacalar", "loc": "230100205", "localidad": "Maya Balam", "pob": 2657.0 }, "geometry": { "type": "Point", "coordinates": [ -88.399958000236467, 18.937999999628342 ] } },
{ "type": "Feature", "properties": { "ent": "23", "entidad": "Quintana Roo", "mun": "23010", "municipio": "Bacalar", "loc": "230100206", "localidad": "Melchor Ocampo", "pob": 387.0 }, "geometry": { "type": "Point", "coordinates": [ -88.942457000385474, 19.058756000160692 ] } },
{ "type": "Feature", "properties": { "ent": "23", "entidad": "Quintana Roo", "mun": "23010", "municipio": "Bacalar", "loc": "230100208", "localidad": "Miguel Alemán", "pob": 810.0 }, "geometry": { "type": "Point", "coordinates": [ -89.096186999599908, 18.913397999823488 ] } },
{ "type": "Feature", "properties": { "ent": "23", "entidad": "Quintana Roo", "mun": "23010", "municipio": "Bacalar", "loc": "230100209", "localidad": "Miguel Hidalgo y Costilla", "pob": 862.0 }, "geometry": { "type": "Point", "coordinates": [ -88.344493999899967, 18.832695999933513 ] } },
{ "type": "Feature", "properties": { "ent": "23", "entidad": "Quintana Roo", "mun": "23010", "municipio": "Bacalar", "loc": "230100211", "localidad": "Monte Olivo", "pob": 65.0 }, "geometry": { "type": "Point", "coordinates": [ -88.762857999671056, 19.179441000357507 ] } },
{ "type": "Feature", "properties": { "ent": "23", "entidad": "Quintana Roo", "mun": "23010", "municipio": "Bacalar", "loc": "230100240", "localidad": "Nuevo Hoctún", "pob": 38.0 }, "geometry": { "type": "Point", "coordinates": [ -88.72058000042648, 19.075171000298663 ] } },
{ "type": "Feature", "properties": { "ent": "23", "entidad": "Quintana Roo", "mun": "23010", "municipio": "Bacalar", "loc": "230100241", "localidad": "Nuevo Jerusalén", "pob": 460.0 }, "geometry": { "type": "Point", "coordinates": [ -88.570087000098795, 18.996751000153587 ] } },
{ "type": "Feature", "properties": { "ent": "23", "entidad": "Quintana Roo", "mun": "23010", "municipio": "Bacalar", "loc": "230100242", "localidad": "Nuevo Tabasco", "pob": 81.0 }, "geometry": { "type": "Point", "coordinates": [ -89.047214000368356, 19.138563999662637 ] } },
{ "type": "Feature", "properties": { "ent": "23", "entidad": "Quintana Roo", "mun": "23010", "municipio": "Bacalar", "loc": "230100245", "localidad": "Otilio Montaño", "pob": 454.0 }, "geometry": { "type": "Point", "coordinates": [ -88.83233499977338, 19.008635999702587 ] } },
{ "type": "Feature", "properties": { "ent": "23", "entidad": "Quintana Roo", "mun": "23010", "municipio": "Bacalar", "loc": "230100250", "localidad": "Payo Obispo", "pob": 156.0 }, "geometry": { "type": "Point", "coordinates": [ -88.92529900036223, 18.868837000466876 ] } },
{ "type": "Feature", "properties": { "ent": "23", "entidad": "Quintana Roo", "mun": "23010", "municipio": "Bacalar", "loc": "230100251", "localidad": "Pedro Antonio Santos", "pob": 596.0 }, "geometry": { "type": "Point", "coordinates": [ -88.165516999763113, 18.954055999592249 ] } },
{ "type": "Feature", "properties": { "ent": "23", "entidad": "Quintana Roo", "mun": "23010", "municipio": "Bacalar", "loc": "230100258", "localidad": "Punta Pulticub", "pob": 12.0 }, "geometry": { "type": "Point", "coordinates": [ -87.564166999764709, 19.066667000113391 ] } },
{ "type": "Feature", "properties": { "ent": "23", "entidad": "Quintana Roo", "mun": "23010", "municipio": "Bacalar", "loc": "230100271", "localidad": "Reforma", "pob": 1213.0 }, "geometry": { "type": "Point", "coordinates": [ -88.572116000282264, 18.813231999694448 ] } },
{ "type": "Feature", "properties": { "ent": "23", "entidad": "Quintana Roo", "mun": "23010", "municipio": "Bacalar", "loc": "230100275", "localidad": "Río Escondido", "pob": 334.0 }, "geometry": { "type": "Point", "coordinates": [ -88.753890000196449, 18.881914000465404 ] } },
{ "type": "Feature", "properties": { "ent": "23", "entidad": "Quintana Roo", "mun": "23010", "municipio": "Bacalar", "loc": "230100276", "localidad": "Río Verde", "pob": 534.0 }, "geometry": { "type": "Point", "coordinates": [ -89.037550000123446, 19.038670999687131 ] } },
{ "type": "Feature", "properties": { "ent": "23", "entidad": "Quintana Roo", "mun": "23010", "municipio": "Bacalar", "loc": "230100279", "localidad": "Salamanca", "pob": 1175.0 }, "geometry": { "type": "Point", "coordinates": [ -88.472778000233902, 18.674166999847678 ] } },
{ "type": "Feature", "properties": { "ent": "23", "entidad": "Quintana Roo", "mun": "23010", "municipio": "Bacalar", "loc": "230100288", "localidad": "San Fernando", "pob": 299.0 }, "geometry": { "type": "Point", "coordinates": [ -88.612127000208588, 18.990008999695803 ] } },
{ "type": "Feature", "properties": { "ent": "23", "entidad": "Quintana Roo", "mun": "23010", "municipio": "Bacalar", "loc": "230100292", "localidad": "San Isidro la Laguna", "pob": 1084.0 }, "geometry": { "type": "Point", "coordinates": [ -88.370286999858109, 18.810641999600566 ] } },
{ "type": "Feature", "properties": { "ent": "23", "entidad": "Quintana Roo", "mun": "23010", "municipio": "Bacalar", "loc": "230100297", "localidad": "San José los Lirios", "pob": 13.0 }, "geometry": { "type": "Point", "coordinates": [ -88.673130999725032, 19.00874399992087 ] } },
{ "type": "Feature", "properties": { "ent": "23", "entidad": "Quintana Roo", "mun": "23010", "municipio": "Bacalar", "loc": "230100310", "localidad": "San Román", "pob": 580.0 }, "geometry": { "type": "Point", "coordinates": [ -88.727802000376585, 18.79679500018468 ] } },
{ "type": "Feature", "properties": { "ent": "23", "entidad": "Quintana Roo", "mun": "23010", "municipio": "Bacalar", "loc": "230100326", "localidad": "Tierra Negra", "pob": 208.0 }, "geometry": { "type": "Point", "coordinates": [ -88.715482999724969, 18.938474000012022 ] } },
{ "type": "Feature", "properties": { "ent": "23", "entidad": "Quintana Roo", "mun": "23010", "municipio": "Bacalar", "loc": "230100330", "localidad": "Valentín Gómez Farías", "pob": 70.0 }, "geometry": { "type": "Point", "coordinates": [ -88.96093699977034, 19.124277000368224 ] } },
{ "type": "Feature", "properties": { "ent": "23", "entidad": "Quintana Roo", "mun": "23010", "municipio": "Bacalar", "loc": "230100331", "localidad": "Vallehermoso", "pob": 466.0 }, "geometry": { "type": "Point", "coordinates": [ -88.523865000074693, 19.183874000195797 ] } },
{ "type": "Feature", "properties": { "ent": "23", "entidad": "Quintana Roo", "mun": "23010", "municipio": "Bacalar", "loc": "230100335", "localidad": "Xtomoc Uno", "pob": 10.0 }, "geometry": { "type": "Point", "coordinates": [ -88.320230999890939, 18.790593999977833 ] } },
{ "type": "Feature", "properties": { "ent": "23", "entidad": "Quintana Roo", "mun": "23010", "municipio": "Bacalar", "loc": "230100338", "localidad": "Zamora", "pob": 437.0 }, "geometry": { "type": "Point", "coordinates": [ -88.79101899963932, 19.081741999808699 ] } },
{ "type": "Feature", "properties": { "ent": "23", "entidad": "Quintana Roo", "mun": "23010", "municipio": "Bacalar", "loc": "230100356", "localidad": "Kilómetro 49 más 870", "pob": 18.0 }, "geometry": { "type": "Point", "coordinates": [ -88.230176000090779, 18.897101999662443 ] } },
{ "type": "Feature", "properties": { "ent": "23", "entidad": "Quintana Roo", "mun": "23010", "municipio": "Bacalar", "loc": "230100401", "localidad": "El Cocal", "pob": 10.0 }, "geometry": { "type": "Point", "coordinates": [ -88.440810000408447, 18.729118999667008 ] } },
{ "type": "Feature", "properties": { "ent": "23", "entidad": "Quintana Roo", "mun": "23010", "municipio": "Bacalar", "loc": "230100423", "localidad": "Antorcha Bacalar", "pob": 147.0 }, "geometry": { "type": "Point", "coordinates": [ -88.405091000203015, 18.703725000416551 ] } },
{ "type": "Feature", "properties": { "ent": "23", "entidad": "Quintana Roo", "mun": "23011", "municipio": "Puerto Morelos", "loc": "230110001", "localidad": "Puerto Morelos", "pob": 19205.0 }, "geometry": { "type": "Point", "coordinates": [ -86.876176999722048, 20.848451999862846 ] } },
{ "type": "Feature", "properties": { "ent": "23", "entidad": "Quintana Roo", "mun": "23011", "municipio": "Puerto Morelos", "loc": "230110033", "localidad": "Central Vallarta", "pob": 57.0 }, "geometry": { "type": "Point", "coordinates": [ -87.04894499963585, 20.863038999642136 ] } },
{ "type": "Feature", "properties": { "ent": "23", "entidad": "Quintana Roo", "mun": "23011", "municipio": "Puerto Morelos", "loc": "230110091", "localidad": "El Potrillo", "pob": 10.0 }, "geometry": { "type": "Point", "coordinates": [ -86.940950000363401, 20.854792999729071 ] } },
{ "type": "Feature", "properties": { "ent": "23", "entidad": "Quintana Roo", "mun": "23011", "municipio": "Puerto Morelos", "loc": "230110187", "localidad": "Las Sábilas [Rancho]", "pob": 21.0 }, "geometry": { "type": "Point", "coordinates": [ -86.921795000136115, 20.840365999918802 ] } },
{ "type": "Feature", "properties": { "ent": "23", "entidad": "Quintana Roo", "mun": "23011", "municipio": "Puerto Morelos", "loc": "230110193", "localidad": "Leona Vicario", "pob": 7028.0 }, "geometry": { "type": "Point", "coordinates": [ -87.20452700016736, 20.987578999659007 ] } },
{ "type": "Feature", "properties": { "ent": "23", "entidad": "Quintana Roo", "mun": "23011", "municipio": "Puerto Morelos", "loc": "230110359", "localidad": "Reserva Toh", "pob": 10.0 }, "geometry": { "type": "Point", "coordinates": [ -87.087207000244348, 20.870180999612135 ] } },
{ "type": "Feature", "properties": { "ent": "23", "entidad": "Quintana Roo", "mun": "23011", "municipio": "Puerto Morelos", "loc": "230110460", "localidad": "Rogelio Molina", "pob": 18.0 }, "geometry": { "type": "Point", "coordinates": [ -86.95301799957241, 20.858847000319589 ] } },
{ "type": "Feature", "properties": { "ent": "23", "entidad": "Quintana Roo", "mun": "23011", "municipio": "Puerto Morelos", "loc": "230110540", "localidad": "Aldea Kin", "pob": 16.0 }, "geometry": { "type": "Point", "coordinates": [ -86.876940999682631, 20.906103999880855 ] } },
{ "type": "Feature", "properties": { "ent": "23", "entidad": "Quintana Roo", "mun": "23011", "municipio": "Puerto Morelos", "loc": "230110562", "localidad": "José Cruz", "pob": 37.0 }, "geometry": { "type": "Point", "coordinates": [ -87.199079000017804, 21.00453400015671 ] } },
{ "type": "Feature", "properties": { "ent": "31", "entidad": "Yucatán", "mun": "31001", "municipio": "Abalá", "loc": "310010001", "localidad": "Abalá", "pob": 2039.0 }, "geometry": { "type": "Point", "coordinates": [ -89.680886000359536, 20.647577999971091 ] } },
{ "type": "Feature", "properties": { "ent": "31", "entidad": "Yucatán", "mun": "31001", "municipio": "Abalá", "loc": "310010003", "localidad": "Mucuyché", "pob": 490.0 }, "geometry": { "type": "Point", "coordinates": [ -89.604005999663769, 20.623662999832632 ] } },
{ "type": "Feature", "properties": { "ent": "31", "entidad": "Yucatán", "mun": "31001", "municipio": "Abalá", "loc": "310010005", "localidad": "Sihunchén", "pob": 282.0 }, "geometry": { "type": "Point", "coordinates": [ -89.68268200008697, 20.69413700024765 ] } },
{ "type": "Feature", "properties": { "ent": "31", "entidad": "Yucatán", "mun": "31001", "municipio": "Abalá", "loc": "310010006", "localidad": "Temozón", "pob": 668.0 }, "geometry": { "type": "Point", "coordinates": [ -89.652398999778342, 20.688543000164199 ] } },
{ "type": "Feature", "properties": { "ent": "31", "entidad": "Yucatán", "mun": "31001", "municipio": "Abalá", "loc": "310010007", "localidad": "Uayalceh", "pob": 2608.0 }, "geometry": { "type": "Point", "coordinates": [ -89.594124999594982, 20.695558999631277 ] } },
{ "type": "Feature", "properties": { "ent": "31", "entidad": "Yucatán", "mun": "31001", "municipio": "Abalá", "loc": "310010008", "localidad": "Peba", "pob": 239.0 }, "geometry": { "type": "Point", "coordinates": [ -89.686906999573736, 20.719429000251804 ] } },
{ "type": "Feature", "properties": { "ent": "31", "entidad": "Yucatán", "mun": "31001", "municipio": "Abalá", "loc": "310010009", "localidad": "Cacao", "pob": 220.0 }, "geometry": { "type": "Point", "coordinates": [ -89.747530999515661, 20.692984000046721 ] } },
{ "type": "Feature", "properties": { "ent": "31", "entidad": "Yucatán", "mun": "31002", "municipio": "Acanceh", "loc": "310020001", "localidad": "Acanceh", "pob": 11917.0 }, "geometry": { "type": "Point", "coordinates": [ -89.453546999919581, 20.812421999728034 ] } },
{ "type": "Feature", "properties": { "ent": "31", "entidad": "Yucatán", "mun": "31002", "municipio": "Acanceh", "loc": "310020002", "localidad": "Canicab", "pob": 855.0 }, "geometry": { "type": "Point", "coordinates": [ -89.431566000404516, 20.860273000170881 ] } },
{ "type": "Feature", "properties": { "ent": "31", "entidad": "Yucatán", "mun": "31002", "municipio": "Acanceh", "loc": "310020003", "localidad": "Cibceh", "pob": 52.0 }, "geometry": { "type": "Point", "coordinates": [ -89.487210000261953, 20.820370999999085 ] } },
{ "type": "Feature", "properties": { "ent": "31", "entidad": "Yucatán", "mun": "31002", "municipio": "Acanceh", "loc": "310020005", "localidad": "Petectunich", "pob": 695.0 }, "geometry": { "type": "Point", "coordinates": [ -89.47613399973315, 20.841557999981006 ] } },
{ "type": "Feature", "properties": { "ent": "31", "entidad": "Yucatán", "mun": "31002", "municipio": "Acanceh", "loc": "310020006", "localidad": "Sacchich", "pob": 262.0 }, "geometry": { "type": "Point", "coordinates": [ -89.438030999704267, 20.832770000289635 ] } },
{ "type": "Feature", "properties": { "ent": "31", "entidad": "Yucatán", "mun": "31002", "municipio": "Acanceh", "loc": "310020010", "localidad": "Tepich Carrillo", "pob": 965.0 }, "geometry": { "type": "Point", "coordinates": [ -89.498231000152742, 20.876638999926136 ] } },
{ "type": "Feature", "properties": { "ent": "31", "entidad": "Yucatán", "mun": "31002", "municipio": "Acanceh", "loc": "310020011", "localidad": "Ticopó", "pob": 1869.0 }, "geometry": { "type": "Point", "coordinates": [ -89.441198999971064, 20.889389999947753 ] } },
{ "type": "Feature", "properties": { "ent": "31", "entidad": "Yucatán", "mun": "31002", "municipio": "Acanceh", "loc": "310020014", "localidad": "Dzitiná", "pob": 111.0 }, "geometry": { "type": "Point", "coordinates": [ -89.400368000068823, 20.784237000171895 ] } },
{ "type": "Feature", "properties": { "ent": "31", "entidad": "Yucatán", "mun": "31002", "municipio": "Acanceh", "loc": "310020088", "localidad": "Garrido [Quinta]", "pob": 15.0 }, "geometry": { "type": "Point", "coordinates": [ -89.44128900024306, 20.829577999775502 ] } },
{ "type": "Feature", "properties": { "ent": "31", "entidad": "Yucatán", "mun": "31003", "municipio": "Akil", "loc": "310030001", "localidad": "Akil", "pob": 12022.0 }, "geometry": { "type": "Point", "coordinates": [ -89.346825999612292, 20.267052999850282 ] } },
{ "type": "Feature", "properties": { "ent": "31", "entidad": "Yucatán", "mun": "31003", "municipio": "Akil", "loc": "310030003", "localidad": "San Diego", "pob": 98.0 }, "geometry": { "type": "Point", "coordinates": [ -89.362508999700609, 20.255978999603741 ] } },
{ "type": "Feature", "properties": { "ent": "31", "entidad": "Yucatán", "mun": "31003", "municipio": "Akil", "loc": "310030013", "localidad": "Plan Chac Pozo Tres", "pob": 37.0 }, "geometry": { "type": "Point", "coordinates": [ -89.323739000078334, 20.248462999731355 ] } },
{ "type": "Feature", "properties": { "ent": "31", "entidad": "Yucatán", "mun": "31003", "municipio": "Akil", "loc": "310030043", "localidad": "Plan Chac Pozo Cuatro", "pob": 12.0 }, "geometry": { "type": "Point", "coordinates": [ -89.317927000191077, 20.250830000183154 ] } },
{ "type": "Feature", "properties": { "ent": "31", "entidad": "Yucatán", "mun": "31003", "municipio": "Akil", "loc": "310030044", "localidad": "San Bernardo", "pob": 16.0 }, "geometry": { "type": "Point", "coordinates": [ -89.353183999813155, 20.243413999767636 ] } },
{ "type": "Feature", "properties": { "ent": "31", "entidad": "Yucatán", "mun": "31003", "municipio": "Akil", "loc": "310030051", "localidad": "Cinco de Mayo", "pob": 57.0 }, "geometry": { "type": "Point", "coordinates": [ -89.351462000132898, 20.277339999883299 ] } },
{ "type": "Feature", "properties": { "ent": "31", "entidad": "Yucatán", "mun": "31003", "municipio": "Akil", "loc": "310030054", "localidad": "Luis Echeverría Álvarez", "pob": 12.0 }, "geometry": { "type": "Point", "coordinates": [ -89.339107999652626, 20.276795999598818 ] } },
{ "type": "Feature", "properties": { "ent": "31", "entidad": "Yucatán", "mun": "31004", "municipio": "Baca", "loc": "310040001", "localidad": "Baca", "pob": 4997.0 }, "geometry": { "type": "Point", "coordinates": [ -89.399382000220371, 21.109547999850601 ] } },
{ "type": "Feature", "properties": { "ent": "31", "entidad": "Yucatán", "mun": "31004", "municipio": "Baca", "loc": "310040004", "localidad": "San Isidro Kuxub", "pob": 179.0 }, "geometry": { "type": "Point", "coordinates": [ -89.392822000160166, 21.126896999741341 ] } },
{ "type": "Feature", "properties": { "ent": "31", "entidad": "Yucatán", "mun": "31004", "municipio": "Baca", "loc": "310040010", "localidad": "Tixkuncheil", "pob": 889.0 }, "geometry": { "type": "Point", "coordinates": [ -89.397740999566253, 21.079800000005083 ] } },
{ "type": "Feature", "properties": { "ent": "31", "entidad": "Yucatán", "mun": "31004", "municipio": "Baca", "loc": "310040012", "localidad": "Kankabchén Gamboa", "pob": 34.0 }, "geometry": { "type": "Point", "coordinates": [ -89.380648999847836, 21.084153999831337 ] } },
{ "type": "Feature", "properties": { "ent": "31", "entidad": "Yucatán", "mun": "31005", "municipio": "Bokobá", "loc": "310050001", "localidad": "Bokobá", "pob": 2167.0 }, "geometry": { "type": "Point", "coordinates": [ -89.17952500035446, 21.006939999628514 ] } },
{ "type": "Feature", "properties": { "ent": "31", "entidad": "Yucatán", "mun": "31006", "municipio": "Buctzotz", "loc": "310060001", "localidad": "Buctzotz", "pob": 7973.0 }, "geometry": { "type": "Point", "coordinates": [ -88.794461999837509, 21.201896999941887 ] } },
{ "type": "Feature", "properties": { "ent": "31", "entidad": "Yucatán", "mun": "31006", "municipio": "Buctzotz", "loc": "310060002", "localidad": "X-Bec", "pob": 493.0 }, "geometry": { "type": "Point", "coordinates": [ -88.825312000183686, 21.250243000290649 ] } },
{ "type": "Feature", "properties": { "ent": "31", "entidad": "Yucatán", "mun": "31006", "municipio": "Buctzotz", "loc": "310060003", "localidad": "Santo Domingo", "pob": 217.0 }, "geometry": { "type": "Point", "coordinates": [ -88.666159000434305, 21.141878999619777 ] } },
{ "type": "Feature", "properties": { "ent": "31", "entidad": "Yucatán", "mun": "31006", "municipio": "Buctzotz", "loc": "310060004", "localidad": "La Gran Lucha", "pob": 241.0 }, "geometry": { "type": "Point", "coordinates": [ -88.554763999951703, 21.208879999964815 ] } },
{ "type": "Feature", "properties": { "ent": "31", "entidad": "Yucatán", "mun": "31006", "municipio": "Buctzotz", "loc": "310060080", "localidad": "San Francisco", "pob": 188.0 }, "geometry": { "type": "Point", "coordinates": [ -88.482660000016892, 21.244522000366111 ] } },
{ "type": "Feature", "properties": { "ent": "31", "entidad": "Yucatán", "mun": "31007", "municipio": "Cacalchén", "loc": "310070001", "localidad": "Cacalchén", "pob": 7460.0 }, "geometry": { "type": "Point", "coordinates": [ -89.228179999986097, 20.983098999562117 ] } },
{ "type": "Feature", "properties": { "ent": "31", "entidad": "Yucatán", "mun": "31008", "municipio": "Calotmul", "loc": "310080001", "localidad": "Calotmul", "pob": 2584.0 }, "geometry": { "type": "Point", "coordinates": [ -88.17704600008021, 21.019288999899359 ] } },
{ "type": "Feature", "properties": { "ent": "31", "entidad": "Yucatán", "mun": "31008", "municipio": "Calotmul", "loc": "310080006", "localidad": "Pocoboch", "pob": 898.0 }, "geometry": { "type": "Point", "coordinates": [ -88.116020000262097, 20.973711999835771 ] } },
{ "type": "Feature", "properties": { "ent": "31", "entidad": "Yucatán", "mun": "31008", "municipio": "Calotmul", "loc": "310080013", "localidad": "Tahcabo", "pob": 442.0 }, "geometry": { "type": "Point", "coordinates": [ -88.081776999790137, 21.055993999707425 ] } },
{ "type": "Feature", "properties": { "ent": "31", "entidad": "Yucatán", "mun": "31009", "municipio": "Cansahcab", "loc": "310090001", "localidad": "Cansahcab", "pob": 4065.0 }, "geometry": { "type": "Point", "coordinates": [ -89.102341000332459, 21.158103000003887 ] } },
{ "type": "Feature", "properties": { "ent": "31", "entidad": "Yucatán", "mun": "31009", "municipio": "Cansahcab", "loc": "310090003", "localidad": "San Antonio Xiat", "pob": 212.0 }, "geometry": { "type": "Point", "coordinates": [ -89.160817999865344, 21.130500999812504 ] } },
{ "type": "Feature", "properties": { "ent": "31", "entidad": "Yucatán", "mun": "31009", "municipio": "Cansahcab", "loc": "310090004", "localidad": "Santa María", "pob": 170.0 }, "geometry": { "type": "Point", "coordinates": [ -89.071934999977955, 21.1504149998324 ] } },
{ "type": "Feature", "properties": { "ent": "31", "entidad": "Yucatán", "mun": "31009", "municipio": "Cansahcab", "loc": "310090006", "localidad": "Sahcatzín", "pob": 10.0 }, "geometry": { "type": "Point", "coordinates": [ -89.114783999839872, 21.205314999978466 ] } },
{ "type": "Feature", "properties": { "ent": "31", "entidad": "Yucatán", "mun": "31010", "municipio": "Cantamayec", "loc": "310100001", "localidad": "Cantamayec", "pob": 1913.0 }, "geometry": { "type": "Point", "coordinates": [ -89.080943999907433, 20.470556000395423 ] } },
{ "type": "Feature", "properties": { "ent": "31", "entidad": "Yucatán", "mun": "31010", "municipio": "Cantamayec", "loc": "310100012", "localidad": "Cholul", "pob": 462.0 }, "geometry": { "type": "Point", "coordinates": [ -89.154460999719731, 20.442621999764537 ] } },
{ "type": "Feature", "properties": { "ent": "31", "entidad": "Yucatán", "mun": "31010", "municipio": "Cantamayec", "loc": "310100023", "localidad": "Nenelá", "pob": 350.0 }, "geometry": { "type": "Point", "coordinates": [ -89.020436999638633, 20.349726000166527 ] } },
{ "type": "Feature", "properties": { "ent": "31", "entidad": "Yucatán", "mun": "31011", "municipio": "Celestún", "loc": "310110001", "localidad": "Celestún", "pob": 8366.0 }, "geometry": { "type": "Point", "coordinates": [ -90.399464000171079, 20.860092000180426 ] } },
{ "type": "Feature", "properties": { "ent": "31", "entidad": "Yucatán", "mun": "31011", "municipio": "Celestún", "loc": "310110059", "localidad": "Flamingos", "pob": 14.0 }, "geometry": { "type": "Point", "coordinates": [ -90.390649999694418, 20.882622999892288 ] } },
{ "type": "Feature", "properties": { "ent": "31", "entidad": "Yucatán", "mun": "31012", "municipio": "Cenotillo", "loc": "310120001", "localidad": "Cenotillo", "pob": 3328.0 }, "geometry": { "type": "Point", "coordinates": [ -88.604419999846883, 20.96577199993326 ] } },
{ "type": "Feature", "properties": { "ent": "31", "entidad": "Yucatán", "mun": "31012", "municipio": "Cenotillo", "loc": "310120009", "localidad": "Tixbacab", "pob": 371.0 }, "geometry": { "type": "Point", "coordinates": [ -88.51360399952685, 21.094784000371799 ] } },
{ "type": "Feature", "properties": { "ent": "31", "entidad": "Yucatán", "mun": "31013", "municipio": "Conkal", "loc": "310130001", "localidad": "Conkal", "pob": 13944.0 }, "geometry": { "type": "Point", "coordinates": [ -89.521284000273866, 21.073894000380548 ] } },
{ "type": "Feature", "properties": { "ent": "31", "entidad": "Yucatán", "mun": "31013", "municipio": "Conkal", "loc": "310130002", "localidad": "Kantoyna", "pob": 141.0 }, "geometry": { "type": "Point", "coordinates": [ -89.523546000407109, 21.110748000032057 ] } },
{ "type": "Feature", "properties": { "ent": "31", "entidad": "Yucatán", "mun": "31013", "municipio": "Conkal", "loc": "310130006", "localidad": "X-Cuyum", "pob": 1957.0 }, "geometry": { "type": "Point", "coordinates": [ -89.495636000122587, 21.05094899996649 ] } },
{ "type": "Feature", "properties": { "ent": "31", "entidad": "Yucatán", "mun": "31013", "municipio": "Conkal", "loc": "310130028", "localidad": "San Diego Cutz Dos", "pob": 277.0 }, "geometry": { "type": "Point", "coordinates": [ -89.556998000281538, 21.087802999807483 ] } },
{ "type": "Feature", "properties": { "ent": "31", "entidad": "Yucatán", "mun": "31013", "municipio": "Conkal", "loc": "310130081", "localidad": "La Triple Z", "pob": 11.0 }, "geometry": { "type": "Point", "coordinates": [ -89.526579999600514, 21.052932999785533 ] } },
{ "type": "Feature", "properties": { "ent": "31", "entidad": "Yucatán", "mun": "31013", "municipio": "Conkal", "loc": "310130111", "localidad": "Lirium", "pob": 37.0 }, "geometry": { "type": "Point", "coordinates": [ -89.523526999858703, 21.103978999962568 ] } },
{ "type": "Feature", "properties": { "ent": "31", "entidad": "Yucatán", "mun": "31013", "municipio": "Conkal", "loc": "310130118", "localidad": "Villas Conkal", "pob": 35.0 }, "geometry": { "type": "Point", "coordinates": [ -89.495984000369219, 21.083529000011097 ] } },
{ "type": "Feature", "properties": { "ent": "31", "entidad": "Yucatán", "mun": "31013", "municipio": "Conkal", "loc": "310130148", "localidad": "Paseos del Mayab", "pob": 99.0 }, "geometry": { "type": "Point", "coordinates": [ -89.537667000163466, 21.098127999765303 ] } },
{ "type": "Feature", "properties": { "ent": "31", "entidad": "Yucatán", "mun": "31013", "municipio": "Conkal", "loc": "310130149", "localidad": "Praderas del Mayab", "pob": 53.0 }, "geometry": { "type": "Point", "coordinates": [ -89.532324999680796, 21.097933000425687 ] } },
{ "type": "Feature", "properties": { "ent": "31", "entidad": "Yucatán", "mun": "31014", "municipio": "Cuncunul", "loc": "310140001", "localidad": "Cuncunul", "pob": 1444.0 }, "geometry": { "type": "Point", "coordinates": [ -88.29663099998416, 20.641162999589891 ] } },
{ "type": "Feature", "properties": { "ent": "31", "entidad": "Yucatán", "mun": "31014", "municipio": "Cuncunul", "loc": "310140010", "localidad": "San Francisco", "pob": 38.0 }, "geometry": { "type": "Point", "coordinates": [ -88.344412000104384, 20.651995000113139 ] } },
{ "type": "Feature", "properties": { "ent": "31", "entidad": "Yucatán", "mun": "31014", "municipio": "Cuncunul", "loc": "310140013", "localidad": "Chebalam", "pob": 70.0 }, "geometry": { "type": "Point", "coordinates": [ -88.415866999991238, 20.54916899977011 ] } },
{ "type": "Feature", "properties": { "ent": "31", "entidad": "Yucatán", "mun": "31014", "municipio": "Cuncunul", "loc": "310140025", "localidad": "San Diego", "pob": 124.0 }, "geometry": { "type": "Point", "coordinates": [ -88.33412399983338, 20.638517000398835 ] } },
{ "type": "Feature", "properties": { "ent": "31", "entidad": "Yucatán", "mun": "31014", "municipio": "Cuncunul", "loc": "310140040", "localidad": "X-Akabchén", "pob": 38.0 }, "geometry": { "type": "Point", "coordinates": [ -88.521606999937589, 20.511389999606006 ] } },
{ "type": "Feature", "properties": { "ent": "31", "entidad": "Yucatán", "mun": "31015", "municipio": "Cuzamá", "loc": "310150001", "localidad": "Cuzamá", "pob": 4208.0 }, "geometry": { "type": "Point", "coordinates": [ -89.316960999580047, 20.741484000121723 ] } },
{ "type": "Feature", "properties": { "ent": "31", "entidad": "Yucatán", "mun": "31015", "municipio": "Cuzamá", "loc": "310150003", "localidad": "Chunkanán", "pob": 452.0 }, "geometry": { "type": "Point", "coordinates": [ -89.326669999943775, 20.711437000306386 ] } },
{ "type": "Feature", "properties": { "ent": "31", "entidad": "Yucatán", "mun": "31015", "municipio": "Cuzamá", "loc": "310150005", "localidad": "Eknakán", "pob": 685.0 }, "geometry": { "type": "Point", "coordinates": [ -89.370011000176163, 20.758747000444998 ] } },
{ "type": "Feature", "properties": { "ent": "31", "entidad": "Yucatán", "mun": "31015", "municipio": "Cuzamá", "loc": "310150006", "localidad": "Nohchakán", "pob": 207.0 }, "geometry": { "type": "Point", "coordinates": [ -89.336336000360561, 20.746841999917127 ] } },
{ "type": "Feature", "properties": { "ent": "31", "entidad": "Yucatán", "mun": "31016", "municipio": "Chacsinkín", "loc": "310160001", "localidad": "Chacsinkín", "pob": 2860.0 }, "geometry": { "type": "Point", "coordinates": [ -89.01640900023024, 20.172601000314888 ] } },
{ "type": "Feature", "properties": { "ent": "31", "entidad": "Yucatán", "mun": "31016", "municipio": "Chacsinkín", "loc": "310160009", "localidad": "X-Box", "pob": 203.0 }, "geometry": { "type": "Point", "coordinates": [ -89.004817999928534, 20.20454799965708 ] } },
{ "type": "Feature", "properties": { "ent": "31", "entidad": "Yucatán", "mun": "31016", "municipio": "Chacsinkín", "loc": "310160012", "localidad": "Xno-Huayab", "pob": 32.0 }, "geometry": { "type": "Point", "coordinates": [ -88.990301999605364, 20.189121999556136 ] } },
{ "type": "Feature", "properties": { "ent": "31", "entidad": "Yucatán", "mun": "31017", "municipio": "Chankom", "loc": "310170001", "localidad": "Chankom", "pob": 772.0 }, "geometry": { "type": "Point", "coordinates": [ -88.512346000432714, 20.568583000179153 ] } },
{ "type": "Feature", "properties": { "ent": "31", "entidad": "Yucatán", "mun": "31017", "municipio": "Chankom", "loc": "310170003", "localidad": "Nicte-Há", "pob": 88.0 }, "geometry": { "type": "Point", "coordinates": [ -88.591497000084914, 20.597553000405416 ] } },
{ "type": "Feature", "properties": { "ent": "31", "entidad": "Yucatán", "mun": "31017", "municipio": "Chankom", "loc": "310170011", "localidad": "Ticimul", "pob": 882.0 }, "geometry": { "type": "Point", "coordinates": [ -88.552585999512758, 20.596968000150273 ] } },
{ "type": "Feature", "properties": { "ent": "31", "entidad": "Yucatán", "mun": "31017", "municipio": "Chankom", "loc": "310170012", "localidad": "Tzukmuc", "pob": 189.0 }, "geometry": { "type": "Point", "coordinates": [ -88.456860999584634, 20.590664000330275 ] } },
{ "type": "Feature", "properties": { "ent": "31", "entidad": "Yucatán", "mun": "31017", "municipio": "Chankom", "loc": "310170013", "localidad": "Xanlá", "pob": 381.0 }, "geometry": { "type": "Point", "coordinates": [ -88.49404200035498, 20.517951000048235 ] } },
{ "type": "Feature", "properties": { "ent": "31", "entidad": "Yucatán", "mun": "31017", "municipio": "Chankom", "loc": "310170014", "localidad": "X-Bohom", "pob": 103.0 }, "geometry": { "type": "Point", "coordinates": [ -88.475650999524717, 20.558378999988527 ] } },
{ "type": "Feature", "properties": { "ent": "31", "entidad": "Yucatán", "mun": "31017", "municipio": "Chankom", "loc": "310170015", "localidad": "Xkalakdzonot", "pob": 761.0 }, "geometry": { "type": "Point", "coordinates": [ -88.569647999717176, 20.439462999860535 ] } },
{ "type": "Feature", "properties": { "ent": "31", "entidad": "Yucatán", "mun": "31017", "municipio": "Chankom", "loc": "310170016", "localidad": "X-Cocail", "pob": 200.0 }, "geometry": { "type": "Point", "coordinates": [ -88.56445799973153, 20.572645999742168 ] } },
{ "type": "Feature", "properties": { "ent": "31", "entidad": "Yucatán", "mun": "31017", "municipio": "Chankom", "loc": "310170017", "localidad": "Xkopteil", "pob": 742.0 }, "geometry": { "type": "Point", "coordinates": [ -88.582061000035679, 20.513455000296169 ] } },
{ "type": "Feature", "properties": { "ent": "31", "entidad": "Yucatán", "mun": "31017", "municipio": "Chankom", "loc": "310170018", "localidad": "Xkatún", "pob": 178.0 }, "geometry": { "type": "Point", "coordinates": [ -88.543009000034999, 20.632308999739308 ] } },
{ "type": "Feature", "properties": { "ent": "31", "entidad": "Yucatán", "mun": "31017", "municipio": "Chankom", "loc": "310170035", "localidad": "San Juan Xkalakdzonot", "pob": 17.0 }, "geometry": { "type": "Point", "coordinates": [ -88.614644999830702, 20.346506999898114 ] } },
{ "type": "Feature", "properties": { "ent": "31", "entidad": "Yucatán", "mun": "31017", "municipio": "Chankom", "loc": "310170083", "localidad": "Muchucuxcáh", "pob": 354.0 }, "geometry": { "type": "Point", "coordinates": [ -88.45103699989815, 20.477713000387499 ] } },
{ "type": "Feature", "properties": { "ent": "31", "entidad": "Yucatán", "mun": "31017", "municipio": "Chankom", "loc": "310170089", "localidad": "Najilcab", "pob": 10.0 }, "geometry": { "type": "Point", "coordinates": [ -88.501947000202577, 20.567455000468492 ] } },
{ "type": "Feature", "properties": { "ent": "31", "entidad": "Yucatán", "mun": "31018", "municipio": "Chapab", "loc": "310180001", "localidad": "Chapab", "pob": 2370.0 }, "geometry": { "type": "Point", "coordinates": [ -89.456551999614135, 20.458751000263661 ] } },
{ "type": "Feature", "properties": { "ent": "31", "entidad": "Yucatán", "mun": "31018", "municipio": "Chapab", "loc": "310180003", "localidad": "Citincabchén", "pob": 965.0 }, "geometry": { "type": "Point", "coordinates": [ -89.535959999713327, 20.518686999979042 ] } },
{ "type": "Feature", "properties": { "ent": "31", "entidad": "Yucatán", "mun": "31018", "municipio": "Chapab", "loc": "310180004", "localidad": "Hunabchén", "pob": 32.0 }, "geometry": { "type": "Point", "coordinates": [ -89.51358899995131, 20.532915000199552 ] } },
{ "type": "Feature", "properties": { "ent": "31", "entidad": "Yucatán", "mun": "31019", "municipio": "Chemax", "loc": "310190001", "localidad": "Chemax", "pob": 17502.0 }, "geometry": { "type": "Point", "coordinates": [ -87.937328000407376, 20.655015999856477 ] } },
{ "type": "Feature", "properties": { "ent": "31", "entidad": "Yucatán", "mun": "31019", "municipio": "Chemax", "loc": "310190005", "localidad": "X-Catzín (Catzín)", "pob": 2459.0 }, "geometry": { "type": "Point", "coordinates": [ -87.866241000406049, 20.716929000088321 ] } },
{ "type": "Feature", "properties": { "ent": "31", "entidad": "Yucatán", "mun": "31019", "municipio": "Chemax", "loc": "310190006", "localidad": "Cocoyol", "pob": 725.0 }, "geometry": { "type": "Point", "coordinates": [ -87.751390000217199, 20.791890000033483 ] } },
{ "type": "Feature", "properties": { "ent": "31", "entidad": "Yucatán", "mun": "31019", "municipio": "Chemax", "loc": "310190016", "localidad": "Cholul", "pob": 160.0 }, "geometry": { "type": "Point", "coordinates": [ -87.793851999606716, 20.773388999909905 ] } },
{ "type": "Feature", "properties": { "ent": "31", "entidad": "Yucatán", "mun": "31019", "municipio": "Chemax", "loc": "310190019", "localidad": "Chulután", "pob": 607.0 }, "geometry": { "type": "Point", "coordinates": [ -87.962919000014054, 20.567044999611948 ] } },
{ "type": "Feature", "properties": { "ent": "31", "entidad": "Yucatán", "mun": "31019", "municipio": "Chemax", "loc": "310190026", "localidad": "Kuxeb", "pob": 908.0 }, "geometry": { "type": "Point", "coordinates": [ -87.870415999706623, 20.856897999689657 ] } },
{ "type": "Feature", "properties": { "ent": "31", "entidad": "Yucatán", "mun": "31019", "municipio": "Chemax", "loc": "310190029", "localidad": "Mucel", "pob": 1166.0 }, "geometry": { "type": "Point", "coordinates": [ -87.838673000066024, 20.895736999587399 ] } },
{ "type": "Feature", "properties": { "ent": "31", "entidad": "Yucatán", "mun": "31019", "municipio": "Chemax", "loc": "310190041", "localidad": "San Juan Chen", "pob": 509.0 }, "geometry": { "type": "Point", "coordinates": [ -87.733085000140591, 20.926177999982162 ] } },
{ "type": "Feature", "properties": { "ent": "31", "entidad": "Yucatán", "mun": "31019", "municipio": "Chemax", "loc": "310190042", "localidad": "San Pedro Chemax", "pob": 542.0 }, "geometry": { "type": "Point", "coordinates": [ -87.787912999956461, 20.944767000050696 ] } },
{ "type": "Feature", "properties": { "ent": "31", "entidad": "Yucatán", "mun": "31019", "municipio": "Chemax", "loc": "310190043", "localidad": "San Román", "pob": 141.0 }, "geometry": { "type": "Point", "coordinates": [ -87.730241000407418, 20.957126000013908 ] } },
{ "type": "Feature", "properties": { "ent": "31", "entidad": "Yucatán", "mun": "31019", "municipio": "Chemax", "loc": "310190045", "localidad": "Santa Clara", "pob": 63.0 }, "geometry": { "type": "Point", "coordinates": [ -87.879202000078763, 20.772570999813517 ] } },
{ "type": "Feature", "properties": { "ent": "31", "entidad": "Yucatán", "mun": "31019", "municipio": "Chemax", "loc": "310190046", "localidad": "Santa Cruz", "pob": 399.0 }, "geometry": { "type": "Point", "coordinates": [ -87.747860999741292, 20.849762000338647 ] } },
{ "type": "Feature", "properties": { "ent": "31", "entidad": "Yucatán", "mun": "31019", "municipio": "Chemax", "loc": "310190054", "localidad": "Sisbichén", "pob": 2172.0 }, "geometry": { "type": "Point", "coordinates": [ -87.924461000206918, 20.822987999579759 ] } },
{ "type": "Feature", "properties": { "ent": "31", "entidad": "Yucatán", "mun": "31019", "municipio": "Chemax", "loc": "310190056", "localidad": "Kantó", "pob": 183.0 }, "geometry": { "type": "Point", "coordinates": [ -87.998245999698852, 20.704798000197307 ] } },
{ "type": "Feature", "properties": { "ent": "31", "entidad": "Yucatán", "mun": "31019", "municipio": "Chemax", "loc": "310190059", "localidad": "Uspibil", "pob": 1071.0 }, "geometry": { "type": "Point", "coordinates": [ -88.004194000120236, 20.768822999977111 ] } },
{ "type": "Feature", "properties": { "ent": "31", "entidad": "Yucatán", "mun": "31019", "municipio": "Chemax", "loc": "310190062", "localidad": "Xalaú (X-Alau)", "pob": 2631.0 }, "geometry": { "type": "Point", "coordinates": [ -88.006415999906849, 20.677463999576801 ] } },
{ "type": "Feature", "properties": { "ent": "31", "entidad": "Yucatán", "mun": "31019", "municipio": "Chemax", "loc": "310190063", "localidad": "X-Can", "pob": 5530.0 }, "geometry": { "type": "Point", "coordinates": [ -87.668873999712076, 20.858000999528358 ] } },
{ "type": "Feature", "properties": { "ent": "31", "entidad": "Yucatán", "mun": "31019", "municipio": "Chemax", "loc": "310190066", "localidad": "Chechmil", "pob": 671.0 }, "geometry": { "type": "Point", "coordinates": [ -87.964360000063706, 20.772652999563515 ] } },
{ "type": "Feature", "properties": { "ent": "31", "entidad": "Yucatán", "mun": "31019", "municipio": "Chemax", "loc": "310190069", "localidad": "X-Huech", "pob": 14.0 }, "geometry": { "type": "Point", "coordinates": [ -87.958567999629366, 20.718360000180287 ] } },
{ "type": "Feature", "properties": { "ent": "31", "entidad": "Yucatán", "mun": "31019", "municipio": "Chemax", "loc": "310190083", "localidad": "Pabalam", "pob": 163.0 }, "geometry": { "type": "Point", "coordinates": [ -87.829317000290786, 20.7369580001914 ] } },
{ "type": "Feature", "properties": { "ent": "31", "entidad": "Yucatán", "mun": "31019", "municipio": "Chemax", "loc": "310190088", "localidad": "Xuneb", "pob": 26.0 }, "geometry": { "type": "Point", "coordinates": [ -88.002113000397387, 20.699183000405718 ] } },
{ "type": "Feature", "properties": { "ent": "31", "entidad": "Yucatán", "mun": "31019", "municipio": "Chemax", "loc": "310190098", "localidad": "Lol-Bé", "pob": 246.0 }, "geometry": { "type": "Point", "coordinates": [ -87.923083000449225, 20.501071000086856 ] } },
{ "type": "Feature", "properties": { "ent": "31", "entidad": "Yucatán", "mun": "31019", "municipio": "Chemax", "loc": "310190160", "localidad": "San Pedro", "pob": 26.0 }, "geometry": { "type": "Point", "coordinates": [ -87.885692000241278, 20.780979000314609 ] } },
{ "type": "Feature", "properties": { "ent": "31", "entidad": "Yucatán", "mun": "31019", "municipio": "Chemax", "loc": "310190276", "localidad": "Buenavista", "pob": 60.0 }, "geometry": { "type": "Point", "coordinates": [ -87.71223199978084, 20.790963000140508 ] } },
{ "type": "Feature", "properties": { "ent": "31", "entidad": "Yucatán", "mun": "31019", "municipio": "Chemax", "loc": "310190296", "localidad": "La Esperanza", "pob": 43.0 }, "geometry": { "type": "Point", "coordinates": [ -87.638390000443607, 20.99066800015974 ] } },
{ "type": "Feature", "properties": { "ent": "31", "entidad": "Yucatán", "mun": "31019", "municipio": "Chemax", "loc": "310190307", "localidad": "Konsahcab", "pob": 14.0 }, "geometry": { "type": "Point", "coordinates": [ -87.936065999843279, 20.599968000232511 ] } },
{ "type": "Feature", "properties": { "ent": "31", "entidad": "Yucatán", "mun": "31019", "municipio": "Chemax", "loc": "310190309", "localidad": "Kulinché", "pob": 12.0 }, "geometry": { "type": "Point", "coordinates": [ -87.898859999796287, 20.787581000221309 ] } },
{ "type": "Feature", "properties": { "ent": "31", "entidad": "Yucatán", "mun": "31019", "municipio": "Chemax", "loc": "310190324", "localidad": "San José Chahuay", "pob": 146.0 }, "geometry": { "type": "Point", "coordinates": [ -87.838382000174704, 20.755259999980506 ] } },
{ "type": "Feature", "properties": { "ent": "31", "entidad": "Yucatán", "mun": "31019", "municipio": "Chemax", "loc": "310190339", "localidad": "Xim-Há", "pob": 23.0 }, "geometry": { "type": "Point", "coordinates": [ -87.680470999856112, 20.930763999898687 ] } },
{ "type": "Feature", "properties": { "ent": "31", "entidad": "Yucatán", "mun": "31019", "municipio": "Chemax", "loc": "310190384", "localidad": "Santa Cruz", "pob": 14.0 }, "geometry": { "type": "Point", "coordinates": [ -87.952987000146464, 20.79619199997569 ] } },
{ "type": "Feature", "properties": { "ent": "31", "entidad": "Yucatán", "mun": "31019", "municipio": "Chemax", "loc": "310190413", "localidad": "San Javier", "pob": 30.0 }, "geometry": { "type": "Point", "coordinates": [ -88.006017000254431, 20.653528000215289 ] } },
{ "type": "Feature", "properties": { "ent": "31", "entidad": "Yucatán", "mun": "31019", "municipio": "Chemax", "loc": "310190430", "localidad": "Blanca Flor", "pob": 41.0 }, "geometry": { "type": "Point", "coordinates": [ -87.958880000406168, 20.788952000333005 ] } },
{ "type": "Feature", "properties": { "ent": "31", "entidad": "Yucatán", "mun": "31019", "municipio": "Chemax", "loc": "310190460", "localidad": "Hoteoch", "pob": 246.0 }, "geometry": { "type": "Point", "coordinates": [ -87.816622000007001, 20.694357000278941 ] } },
{ "type": "Feature", "properties": { "ent": "31", "entidad": "Yucatán", "mun": "31019", "municipio": "Chemax", "loc": "310190468", "localidad": "Tulín", "pob": 121.0 }, "geometry": { "type": "Point", "coordinates": [ -88.008497999615699, 20.659808000159273 ] } },
{ "type": "Feature", "properties": { "ent": "31", "entidad": "Yucatán", "mun": "31019", "municipio": "Chemax", "loc": "310190469", "localidad": "X-Jujilchén", "pob": 59.0 }, "geometry": { "type": "Point", "coordinates": [ -88.000333999551842, 20.671163000381142 ] } },
{ "type": "Feature", "properties": { "ent": "31", "entidad": "Yucatán", "mun": "31019", "municipio": "Chemax", "loc": "310190487", "localidad": "Estrella", "pob": 62.0 }, "geometry": { "type": "Point", "coordinates": [ -87.737776999810137, 20.807815999814778 ] } },
{ "type": "Feature", "properties": { "ent": "31", "entidad": "Yucatán", "mun": "31019", "municipio": "Chemax", "loc": "310190538", "localidad": "San Juan", "pob": 10.0 }, "geometry": { "type": "Point", "coordinates": [ -88.01430699987381, 20.703541999735638 ] } },
{ "type": "Feature", "properties": { "ent": "31", "entidad": "Yucatán", "mun": "31019", "municipio": "Chemax", "loc": "310190626", "localidad": "Chemax [Centro Espiritual]", "pob": 26.0 }, "geometry": { "type": "Point", "coordinates": [ -87.947487000381727, 20.661045999687808 ] } },
{ "type": "Feature", "properties": { "ent": "31", "entidad": "Yucatán", "mun": "31020", "municipio": "Chicxulub Pueblo", "loc": "310200001", "localidad": "Chicxulub Pueblo", "pob": 4463.0 }, "geometry": { "type": "Point", "coordinates": [ -89.515076000368595, 21.137289000124518 ] } },
{ "type": "Feature", "properties": { "ent": "31", "entidad": "Yucatán", "mun": "31020", "municipio": "Chicxulub Pueblo", "loc": "310200049", "localidad": "La Candelaria [Quinta]", "pob": 12.0 }, "geometry": { "type": "Point", "coordinates": [ -89.521517999712046, 21.143672000317025 ] } },
{ "type": "Feature", "properties": { "ent": "31", "entidad": "Yucatán", "mun": "31021", "municipio": "Chichimilá", "loc": "310210001", "localidad": "Chichimilá", "pob": 6540.0 }, "geometry": { "type": "Point", "coordinates": [ -88.217396999710786, 20.63127000023411 ] } },
{ "type": "Feature", "properties": { "ent": "31", "entidad": "Yucatán", "mun": "31021", "municipio": "Chichimilá", "loc": "310210004", "localidad": "Celtún", "pob": 209.0 }, "geometry": { "type": "Point", "coordinates": [ -88.210633000289931, 20.459293999842789 ] } },
{ "type": "Feature", "properties": { "ent": "31", "entidad": "Yucatán", "mun": "31021", "municipio": "Chichimilá", "loc": "310210008", "localidad": "Dzitox", "pob": 1091.0 }, "geometry": { "type": "Point", "coordinates": [ -88.086576000062436, 20.38393399995487 ] } },
{ "type": "Feature", "properties": { "ent": "31", "entidad": "Yucatán", "mun": "31021", "municipio": "Chichimilá", "loc": "310210018", "localidad": "San Pedro", "pob": 525.0 }, "geometry": { "type": "Point", "coordinates": [ -88.215936999765646, 20.352024000155826 ] } },
{ "type": "Feature", "properties": { "ent": "31", "entidad": "Yucatán", "mun": "31021", "municipio": "Chichimilá", "loc": "310210021", "localidad": "Tixcancal Dzonot", "pob": 15.0 }, "geometry": { "type": "Point", "coordinates": [ -88.191483999543593, 20.366541000219151 ] } },
{ "type": "Feature", "properties": { "ent": "31", "entidad": "Yucatán", "mun": "31021", "municipio": "Chichimilá", "loc": "310210022", "localidad": "Chan X-Cail", "pob": 680.0 }, "geometry": { "type": "Point", "coordinates": [ -88.13873600020635, 20.356879000102481 ] } },
{ "type": "Feature", "properties": { "ent": "31", "entidad": "Yucatán", "mun": "31021", "municipio": "Chichimilá", "loc": "310210023", "localidad": "X-Chay", "pob": 13.0 }, "geometry": { "type": "Point", "coordinates": [ -88.197182999833487, 20.447031999696176 ] } },
{ "type": "Feature", "properties": { "ent": "31", "entidad": "Yucatán", "mun": "31021", "municipio": "Chichimilá", "loc": "310210024", "localidad": "Nuevo X-Habín", "pob": 129.0 }, "geometry": { "type": "Point", "coordinates": [ -88.26655299976747, 20.44728900006201 ] } },
{ "type": "Feature", "properties": { "ent": "31", "entidad": "Yucatán", "mun": "31021", "municipio": "Chichimilá", "loc": "310210033", "localidad": "Chan Pich", "pob": 96.0 }, "geometry": { "type": "Point", "coordinates": [ -88.151139000157741, 20.446841000222733 ] } },
{ "type": "Feature", "properties": { "ent": "31", "entidad": "Yucatán", "mun": "31021", "municipio": "Chichimilá", "loc": "310210064", "localidad": "Chibilub", "pob": 59.0 }, "geometry": { "type": "Point", "coordinates": [ -88.086332000138185, 20.370518000372332 ] } },
{ "type": "Feature", "properties": { "ent": "31", "entidad": "Yucatán", "mun": "31021", "municipio": "Chichimilá", "loc": "310210093", "localidad": "San Mateo", "pob": 10.0 }, "geometry": { "type": "Point", "coordinates": [ -88.137785000195578, 20.359532999607719 ] } },
{ "type": "Feature", "properties": { "ent": "31", "entidad": "Yucatán", "mun": "31022", "municipio": "Chikindzonot", "loc": "310220001", "localidad": "Chikindzonot", "pob": 3019.0 }, "geometry": { "type": "Point", "coordinates": [ -88.486485999836916, 20.333655000326221 ] } },
{ "type": "Feature", "properties": { "ent": "31", "entidad": "Yucatán", "mun": "31022", "municipio": "Chikindzonot", "loc": "310220002", "localidad": "Chan-Chichimilá", "pob": 419.0 }, "geometry": { "type": "Point", "coordinates": [ -88.474924999761058, 20.388984000100358 ] } },
{ "type": "Feature", "properties": { "ent": "31", "entidad": "Yucatán", "mun": "31022", "municipio": "Chikindzonot", "loc": "310220003", "localidad": "Ichmul", "pob": 860.0 }, "geometry": { "type": "Point", "coordinates": [ -88.609926999658128, 20.161347999799897 ] } },
{ "type": "Feature", "properties": { "ent": "31", "entidad": "Yucatán", "mun": "31022", "municipio": "Chikindzonot", "loc": "310220012", "localidad": "Chan Santa María", "pob": 24.0 }, "geometry": { "type": "Point", "coordinates": [ -88.557107000083789, 20.381789000405526 ] } },
{ "type": "Feature", "properties": { "ent": "31", "entidad": "Yucatán", "mun": "31022", "municipio": "Chikindzonot", "loc": "310220023", "localidad": "Chucteil", "pob": 17.0 }, "geometry": { "type": "Point", "coordinates": [ -88.543359000193007, 20.223673999892753 ] } },
{ "type": "Feature", "properties": { "ent": "31", "entidad": "Yucatán", "mun": "31022", "municipio": "Chikindzonot", "loc": "310220062", "localidad": "San Isidro", "pob": 17.0 }, "geometry": { "type": "Point", "coordinates": [ -88.480281000378241, 20.330040000410577 ] } },
{ "type": "Feature", "properties": { "ent": "31", "entidad": "Yucatán", "mun": "31023", "municipio": "Chocholá", "loc": "310230001", "localidad": "Chocholá", "pob": 4847.0 }, "geometry": { "type": "Point", "coordinates": [ -89.83069899995985, 20.75023100015034 ] } },
{ "type": "Feature", "properties": { "ent": "31", "entidad": "Yucatán", "mun": "31024", "municipio": "Chumayel", "loc": "310240001", "localidad": "Chumayel", "pob": 3237.0 }, "geometry": { "type": "Point", "coordinates": [ -89.302518999710443, 20.429535000002353 ] } },
{ "type": "Feature", "properties": { "ent": "31", "entidad": "Yucatán", "mun": "31025", "municipio": "Dzán", "loc": "310250001", "localidad": "Dzan", "pob": 6001.0 }, "geometry": { "type": "Point", "coordinates": [ -89.468871000040565, 20.387764000051689 ] } },
{ "type": "Feature", "properties": { "ent": "31", "entidad": "Yucatán", "mun": "31026", "municipio": "Dzemul", "loc": "310260001", "localidad": "Dzemul", "pob": 3467.0 }, "geometry": { "type": "Point", "coordinates": [ -89.308814000333669, 21.211503000228056 ] } },
{ "type": "Feature", "properties": { "ent": "31", "entidad": "Yucatán", "mun": "31026", "municipio": "Dzemul", "loc": "310260004", "localidad": "San Bruno", "pob": 10.0 }, "geometry": { "type": "Point", "coordinates": [ -89.391089999780689, 21.330438000212606 ] } },
{ "type": "Feature", "properties": { "ent": "31", "entidad": "Yucatán", "mun": "31026", "municipio": "Dzemul", "loc": "310260005", "localidad": "San Diego", "pob": 25.0 }, "geometry": { "type": "Point", "coordinates": [ -89.305490000319807, 21.237484999851567 ] } },
{ "type": "Feature", "properties": { "ent": "31", "entidad": "Yucatán", "mun": "31026", "municipio": "Dzemul", "loc": "310260006", "localidad": "San Eduardo", "pob": 57.0 }, "geometry": { "type": "Point", "coordinates": [ -89.276285000057086, 21.233117999796306 ] } },
{ "type": "Feature", "properties": { "ent": "31", "entidad": "Yucatán", "mun": "31026", "municipio": "Dzemul", "loc": "310260035", "localidad": "San Benito", "pob": 42.0 }, "geometry": { "type": "Point", "coordinates": [ -89.439901000072652, 21.323737999859013 ] } },
{ "type": "Feature", "properties": { "ent": "31", "entidad": "Yucatán", "mun": "31026", "municipio": "Dzemul", "loc": "310260069", "localidad": "Xtampú", "pob": 10.0 }, "geometry": { "type": "Point", "coordinates": [ -89.354171000424387, 21.334006999700737 ] } },
{ "type": "Feature", "properties": { "ent": "31", "entidad": "Yucatán", "mun": "31027", "municipio": "Dzidzantún", "loc": "310270001", "localidad": "Dzidzantún", "pob": 7530.0 }, "geometry": { "type": "Point", "coordinates": [ -89.042974999770692, 21.246678000004511 ] } },
{ "type": "Feature", "properties": { "ent": "31", "entidad": "Yucatán", "mun": "31027", "municipio": "Dzidzantún", "loc": "310270002", "localidad": "San Francisco Manzanilla", "pob": 734.0 }, "geometry": { "type": "Point", "coordinates": [ -89.022985999890395, 21.253221999803461 ] } },
{ "type": "Feature", "properties": { "ent": "31", "entidad": "Yucatán", "mun": "31027", "municipio": "Dzidzantún", "loc": "310270004", "localidad": "Santa Clara", "pob": 38.0 }, "geometry": { "type": "Point", "coordinates": [ -89.013754000372501, 21.373820000151941 ] } },
{ "type": "Feature", "properties": { "ent": "31", "entidad": "Yucatán", "mun": "31028", "municipio": "Dzilam de Bravo", "loc": "310280001", "localidad": "Dzilam de Bravo", "pob": 2455.0 }, "geometry": { "type": "Point", "coordinates": [ -88.891880000257174, 21.393229000435703 ] } },
{ "type": "Feature", "properties": { "ent": "31", "entidad": "Yucatán", "mun": "31028", "municipio": "Dzilam de Bravo", "loc": "310280080", "localidad": "Pueblo Nuevo", "pob": 228.0 }, "geometry": { "type": "Point", "coordinates": [ -88.890730999801264, 21.382668999533038 ] } },
{ "type": "Feature", "properties": { "ent": "31", "entidad": "Yucatán", "mun": "31028", "municipio": "Dzilam de Bravo", "loc": "310280139", "localidad": "Dzilam de Bravo [Unidad Habitacional]", "pob": 200.0 }, "geometry": { "type": "Point", "coordinates": [ -88.895969000099868, 21.375412999584988 ] } },
{ "type": "Feature", "properties": { "ent": "31", "entidad": "Yucatán", "mun": "31028", "municipio": "Dzilam de Bravo", "loc": "310280166", "localidad": "FONDEN [Unidad Habitacional]", "pob": 18.0 }, "geometry": { "type": "Point", "coordinates": [ -88.895380000273647, 21.378251999881318 ] } },
{ "type": "Feature", "properties": { "ent": "31", "entidad": "Yucatán", "mun": "31029", "municipio": "Dzilam González", "loc": "310290001", "localidad": "Dzilam González", "pob": 6169.0 }, "geometry": { "type": "Point", "coordinates": [ -88.929741000402473, 21.280125000040734 ] } },
{ "type": "Feature", "properties": { "ent": "31", "entidad": "Yucatán", "mun": "31030", "municipio": "Dzitás", "loc": "310300001", "localidad": "Dzitás", "pob": 3204.0 }, "geometry": { "type": "Point", "coordinates": [ -88.527821999626809, 20.839865999624628 ] } },
{ "type": "Feature", "properties": { "ent": "31", "entidad": "Yucatán", "mun": "31030", "municipio": "Dzitás", "loc": "310300008", "localidad": "Xocempich", "pob": 749.0 }, "geometry": { "type": "Point", "coordinates": [ -88.571808999747006, 20.771369999763724 ] } },
{ "type": "Feature", "properties": { "ent": "31", "entidad": "Yucatán", "mun": "31030", "municipio": "Dzitás", "loc": "310300076", "localidad": "Yaxché", "pob": 58.0 }, "geometry": { "type": "Point", "coordinates": [ -88.547568999977472, 20.729411000452469 ] } },
{ "type": "Feature", "properties": { "ent": "31", "entidad": "Yucatán", "mun": "31031", "municipio": "Dzoncauich", "loc": "310310001", "localidad": "Dzoncauich", "pob": 2352.0 }, "geometry": { "type": "Point", "coordinates": [ -88.890931000361078, 21.129163999579429 ] } },
{ "type": "Feature", "properties": { "ent": "31", "entidad": "Yucatán", "mun": "31031", "municipio": "Dzoncauich", "loc": "310310002", "localidad": "Chacmay", "pob": 459.0 }, "geometry": { "type": "Point", "coordinates": [ -88.892508999827115, 21.050990999746979 ] } },
{ "type": "Feature", "properties": { "ent": "31", "entidad": "Yucatán", "mun": "31032", "municipio": "Espita", "loc": "310320001", "localidad": "Espita", "pob": 12320.0 }, "geometry": { "type": "Point", "coordinates": [ -88.306822999691732, 21.011051999595743 ] } },
{ "type": "Feature", "properties": { "ent": "31", "entidad": "Yucatán", "mun": "31032", "municipio": "Espita", "loc": "310320002", "localidad": "Holcá", "pob": 621.0 }, "geometry": { "type": "Point", "coordinates": [ -88.268716000260582, 21.091863999719834 ] } },
{ "type": "Feature", "properties": { "ent": "31", "entidad": "Yucatán", "mun": "31032", "municipio": "Espita", "loc": "310320003", "localidad": "Kunché", "pob": 894.0 }, "geometry": { "type": "Point", "coordinates": [ -88.304143999660425, 20.909831999553361 ] } },
{ "type": "Feature", "properties": { "ent": "31", "entidad": "Yucatán", "mun": "31032", "municipio": "Espita", "loc": "310320004", "localidad": "Nacuché", "pob": 1403.0 }, "geometry": { "type": "Point", "coordinates": [ -88.296483000069443, 20.923229000242863 ] } },
{ "type": "Feature", "properties": { "ent": "31", "entidad": "Yucatán", "mun": "31032", "municipio": "Espita", "loc": "310320005", "localidad": "San Pedro Chenchelá", "pob": 321.0 }, "geometry": { "type": "Point", "coordinates": [ -88.314080999567366, 20.874801999544054 ] } },
{ "type": "Feature", "properties": { "ent": "31", "entidad": "Yucatán", "mun": "31032", "municipio": "Espita", "loc": "310320006", "localidad": "Santa Cruz Regadío", "pob": 25.0 }, "geometry": { "type": "Point", "coordinates": [ -88.296808999581529, 21.092990999937975 ] } },
{ "type": "Feature", "properties": { "ent": "31", "entidad": "Yucatán", "mun": "31032", "municipio": "Espita", "loc": "310320007", "localidad": "Tuzik", "pob": 399.0 }, "geometry": { "type": "Point", "coordinates": [ -88.472069000411381, 21.11301999982194 ] } },
{ "type": "Feature", "properties": { "ent": "31", "entidad": "Yucatán", "mun": "31032", "municipio": "Espita", "loc": "310320008", "localidad": "X-Ualtez", "pob": 314.0 }, "geometry": { "type": "Point", "coordinates": [ -88.472327000268123, 21.12336800034425 ] } },
{ "type": "Feature", "properties": { "ent": "31", "entidad": "Yucatán", "mun": "31032", "municipio": "Espita", "loc": "310320009", "localidad": "Xuilub", "pob": 437.0 }, "geometry": { "type": "Point", "coordinates": [ -88.42057400038729, 20.916802000388959 ] } },
{ "type": "Feature", "properties": { "ent": "31", "entidad": "Yucatán", "mun": "31033", "municipio": "Halachó", "loc": "310330001", "localidad": "Halachó", "pob": 10183.0 }, "geometry": { "type": "Point", "coordinates": [ -90.082229000217993, 20.477746000405244 ] } },
{ "type": "Feature", "properties": { "ent": "31", "entidad": "Yucatán", "mun": "31033", "municipio": "Halachó", "loc": "310330002", "localidad": "Cepeda", "pob": 3685.0 }, "geometry": { "type": "Point", "coordinates": [ -90.10961200007803, 20.506149000057018 ] } },
{ "type": "Feature", "properties": { "ent": "31", "entidad": "Yucatán", "mun": "31033", "municipio": "Halachó", "loc": "310330003", "localidad": "Cuch Holoch", "pob": 2404.0 }, "geometry": { "type": "Point", "coordinates": [ -90.097453000277056, 20.435433999619498 ] } },
{ "type": "Feature", "properties": { "ent": "31", "entidad": "Yucatán", "mun": "31033", "municipio": "Halachó", "loc": "310330004", "localidad": "Kancabchén", "pob": 541.0 }, "geometry": { "type": "Point", "coordinates": [ -90.138144000181612, 20.525927000201708 ] } },
{ "type": "Feature", "properties": { "ent": "31", "entidad": "Yucatán", "mun": "31033", "municipio": "Halachó", "loc": "310330005", "localidad": "San Mateo", "pob": 312.0 }, "geometry": { "type": "Point", "coordinates": [ -90.212992000098907, 20.590814000397664 ] } },
{ "type": "Feature", "properties": { "ent": "31", "entidad": "Yucatán", "mun": "31033", "municipio": "Halachó", "loc": "310330006", "localidad": "Santa María Acú", "pob": 1512.0 }, "geometry": { "type": "Point", "coordinates": [ -90.163536999927814, 20.54778199954281 ] } },
{ "type": "Feature", "properties": { "ent": "31", "entidad": "Yucatán", "mun": "31033", "municipio": "Halachó", "loc": "310330007", "localidad": "Sihó", "pob": 1735.0 }, "geometry": { "type": "Point", "coordinates": [ -90.163110000438309, 20.486623999900605 ] } },
{ "type": "Feature", "properties": { "ent": "31", "entidad": "Yucatán", "mun": "31033", "municipio": "Halachó", "loc": "310330008", "localidad": "Dzidzibachí", "pob": 850.0 }, "geometry": { "type": "Point", "coordinates": [ -90.126421000002068, 20.570234999936879 ] } },
{ "type": "Feature", "properties": { "ent": "31", "entidad": "Yucatán", "mun": "31033", "municipio": "Halachó", "loc": "310330044", "localidad": "San Pedro", "pob": 13.0 }, "geometry": { "type": "Point", "coordinates": [ -90.087747000197695, 20.447681000270368 ] } },
{ "type": "Feature", "properties": { "ent": "31", "entidad": "Yucatán", "mun": "31034", "municipio": "Hocabá", "loc": "310340001", "localidad": "Hocabá", "pob": 4397.0 }, "geometry": { "type": "Point", "coordinates": [ -89.245099000407279, 20.816239999898578 ] } },
{ "type": "Feature", "properties": { "ent": "31", "entidad": "Yucatán", "mun": "31034", "municipio": "Hocabá", "loc": "310340003", "localidad": "Sahcabá", "pob": 2085.0 }, "geometry": { "type": "Point", "coordinates": [ -89.182381000221469, 20.792164000101529 ] } },
{ "type": "Feature", "properties": { "ent": "31", "entidad": "Yucatán", "mun": "31035", "municipio": "Hoctún", "loc": "310350001", "localidad": "Hoctún", "pob": 5151.0 }, "geometry": { "type": "Point", "coordinates": [ -89.202065999666672, 20.86521199963461 ] } },
{ "type": "Feature", "properties": { "ent": "31", "entidad": "Yucatán", "mun": "31035", "municipio": "Hoctún", "loc": "310350007", "localidad": "San José Oriente", "pob": 1217.0 }, "geometry": { "type": "Point", "coordinates": [ -89.102931999701411, 20.859353000004269 ] } },
{ "type": "Feature", "properties": { "ent": "31", "entidad": "Yucatán", "mun": "31036", "municipio": "Homún", "loc": "310360001", "localidad": "Homún", "pob": 6810.0 }, "geometry": { "type": "Point", "coordinates": [ -89.285753999735377, 20.739515000240885 ] } },
{ "type": "Feature", "properties": { "ent": "31", "entidad": "Yucatán", "mun": "31036", "municipio": "Homún", "loc": "310360007", "localidad": "Kampepén", "pob": 30.0 }, "geometry": { "type": "Point", "coordinates": [ -89.260960999887615, 20.729684000223529 ] } },
{ "type": "Feature", "properties": { "ent": "31", "entidad": "Yucatán", "mun": "31036", "municipio": "Homún", "loc": "310360010", "localidad": "Polabán", "pob": 100.0 }, "geometry": { "type": "Point", "coordinates": [ -89.219589999902581, 20.732709999793624 ] } },
{ "type": "Feature", "properties": { "ent": "31", "entidad": "Yucatán", "mun": "31036", "municipio": "Homún", "loc": "310360012", "localidad": "San Isidro Ochil", "pob": 1104.0 }, "geometry": { "type": "Point", "coordinates": [ -89.342086999829931, 20.63650200017365 ] } },
{ "type": "Feature", "properties": { "ent": "31", "entidad": "Yucatán", "mun": "31036", "municipio": "Homún", "loc": "310360046", "localidad": "Kankabchén", "pob": 11.0 }, "geometry": { "type": "Point", "coordinates": [ -89.140396000277264, 20.581926999853689 ] } },
{ "type": "Feature", "properties": { "ent": "31", "entidad": "Yucatán", "mun": "31037", "municipio": "Huhí", "loc": "310370001", "localidad": "Huhí", "pob": 5194.0 }, "geometry": { "type": "Point", "coordinates": [ -89.162199000310792, 20.724990999731634 ] } },
{ "type": "Feature", "properties": { "ent": "31", "entidad": "Yucatán", "mun": "31037", "municipio": "Huhí", "loc": "310370002", "localidad": "Tixcacal Quintero", "pob": 55.0 }, "geometry": { "type": "Point", "coordinates": [ -89.123932999939527, 20.638474000100981 ] } },
{ "type": "Feature", "properties": { "ent": "31", "entidad": "Yucatán", "mun": "31038", "municipio": "Hunucmá", "loc": "310380001", "localidad": "Hunucmá", "pob": 28412.0 }, "geometry": { "type": "Point", "coordinates": [ -89.877052000180541, 21.016153999580567 ] } },
{ "type": "Feature", "properties": { "ent": "31", "entidad": "Yucatán", "mun": "31038", "municipio": "Hunucmá", "loc": "310380002", "localidad": "Hunkanab", "pob": 619.0 }, "geometry": { "type": "Point", "coordinates": [ -89.857070999650688, 20.964753000182828 ] } },
{ "type": "Feature", "properties": { "ent": "31", "entidad": "Yucatán", "mun": "31038", "municipio": "Hunucmá", "loc": "310380003", "localidad": "San Antonio Chel", "pob": 202.0 }, "geometry": { "type": "Point", "coordinates": [ -89.813892999573099, 20.996854999660993 ] } },
{ "type": "Feature", "properties": { "ent": "31", "entidad": "Yucatán", "mun": "31038", "municipio": "Hunucmá", "loc": "310380004", "localidad": "Sisal", "pob": 2078.0 }, "geometry": { "type": "Point", "coordinates": [ -90.032540000232856, 21.164896999986034 ] } },
{ "type": "Feature", "properties": { "ent": "31", "entidad": "Yucatán", "mun": "31038", "municipio": "Hunucmá", "loc": "310380005", "localidad": "Texán de Palomeque", "pob": 3812.0 }, "geometry": { "type": "Point", "coordinates": [ -89.829730999631678, 20.932052000324987 ] } },
{ "type": "Feature", "properties": { "ent": "31", "entidad": "Yucatán", "mun": "31039", "municipio": "Ixil", "loc": "310390001", "localidad": "Ixil", "pob": 4115.0 }, "geometry": { "type": "Point", "coordinates": [ -89.48121100002497, 21.153000000334689 ] } },
{ "type": "Feature", "properties": { "ent": "31", "entidad": "Yucatán", "mun": "31039", "municipio": "Ixil", "loc": "310390022", "localidad": "San Isidro Dos", "pob": 10.0 }, "geometry": { "type": "Point", "coordinates": [ -89.488805999583619, 21.147580000371129 ] } },
{ "type": "Feature", "properties": { "ent": "31", "entidad": "Yucatán", "mun": "31039", "municipio": "Ixil", "loc": "310390023", "localidad": "El Faro", "pob": 27.0 }, "geometry": { "type": "Point", "coordinates": [ -89.471038000427498, 21.319250999769203 ] } },
{ "type": "Feature", "properties": { "ent": "31", "entidad": "Yucatán", "mun": "31039", "municipio": "Ixil", "loc": "310390035", "localidad": "Santa Cruz", "pob": 18.0 }, "geometry": { "type": "Point", "coordinates": [ -89.481909000273461, 21.140612000123543 ] } },
{ "type": "Feature", "properties": { "ent": "31", "entidad": "Yucatán", "mun": "31040", "municipio": "Izamal", "loc": "310400001", "localidad": "Izamal", "pob": 17841.0 }, "geometry": { "type": "Point", "coordinates": [ -89.019715000462426, 20.932996999926932 ] } },
{ "type": "Feature", "properties": { "ent": "31", "entidad": "Yucatán", "mun": "31040", "municipio": "Izamal", "loc": "310400003", "localidad": "Citilcum", "pob": 2339.0 }, "geometry": { "type": "Point", "coordinates": [ -89.118540000502335, 20.95177599975035 ] } },
{ "type": "Feature", "properties": { "ent": "31", "entidad": "Yucatán", "mun": "31040", "municipio": "Izamal", "loc": "310400004", "localidad": "Cuauhtémoc", "pob": 721.0 }, "geometry": { "type": "Point", "coordinates": [ -89.000787999995552, 20.887582999745238 ] } },
{ "type": "Feature", "properties": { "ent": "31", "entidad": "Yucatán", "mun": "31040", "municipio": "Izamal", "loc": "310400024", "localidad": "Sitilpech", "pob": 1923.0 }, "geometry": { "type": "Point", "coordinates": [ -88.957457999928721, 20.940718999938845 ] } },
{ "type": "Feature", "properties": { "ent": "31", "entidad": "Yucatán", "mun": "31040", "municipio": "Izamal", "loc": "310400028", "localidad": "Xanabá", "pob": 1538.0 }, "geometry": { "type": "Point", "coordinates": [ -89.014114000220857, 20.836272000334564 ] } },
{ "type": "Feature", "properties": { "ent": "31", "entidad": "Yucatán", "mun": "31040", "municipio": "Izamal", "loc": "310400041", "localidad": "Kimbilá", "pob": 4130.0 }, "geometry": { "type": "Point", "coordinates": [ -89.125231999813607, 20.934634000366025 ] } },
{ "type": "Feature", "properties": { "ent": "31", "entidad": "Yucatán", "mun": "31041", "municipio": "Kanasín", "loc": "310410001", "localidad": "Kanasín", "pob": 139753.0 }, "geometry": { "type": "Point", "coordinates": [ -89.558059000403148, 20.934640000327217 ] } },
{ "type": "Feature", "properties": { "ent": "31", "entidad": "Yucatán", "mun": "31041", "municipio": "Kanasín", "loc": "310410003", "localidad": "San Antonio Tehuitz", "pob": 712.0 }, "geometry": { "type": "Point", "coordinates": [ -89.520709999813448, 20.900422000263191 ] } },
{ "type": "Feature", "properties": { "ent": "31", "entidad": "Yucatán", "mun": "31041", "municipio": "Kanasín", "loc": "310410006", "localidad": "Teya", "pob": 750.0 }, "geometry": { "type": "Point", "coordinates": [ -89.522752000352483, 20.936378000431109 ] } },
{ "type": "Feature", "properties": { "ent": "31", "entidad": "Yucatán", "mun": "31041", "municipio": "Kanasín", "loc": "310410135", "localidad": "Dzoyolá", "pob": 469.0 }, "geometry": { "type": "Point", "coordinates": [ -89.585153999786783, 20.903090999913676 ] } },
{ "type": "Feature", "properties": { "ent": "31", "entidad": "Yucatán", "mun": "31041", "municipio": "Kanasín", "loc": "310410243", "localidad": "Jardines de Tahdzibichén", "pob": 183.0 }, "geometry": { "type": "Point", "coordinates": [ -89.595448999808113, 20.901522000354021 ] } },
{ "type": "Feature", "properties": { "ent": "31", "entidad": "Yucatán", "mun": "31042", "municipio": "Kantunil", "loc": "310420001", "localidad": "Kantunil", "pob": 3573.0 }, "geometry": { "type": "Point", "coordinates": [ -89.03651899982242, 20.796439999815544 ] } },
{ "type": "Feature", "properties": { "ent": "31", "entidad": "Yucatán", "mun": "31042", "municipio": "Kantunil", "loc": "310420002", "localidad": "Holcá", "pob": 1964.0 }, "geometry": { "type": "Point", "coordinates": [ -88.929408999655507, 20.756660999778646 ] } },
{ "type": "Feature", "properties": { "ent": "31", "entidad": "Yucatán", "mun": "31043", "municipio": "Kaua", "loc": "310430001", "localidad": "Kaua", "pob": 2879.0 }, "geometry": { "type": "Point", "coordinates": [ -88.414616999823494, 20.62008600012582 ] } },
{ "type": "Feature", "properties": { "ent": "31", "entidad": "Yucatán", "mun": "31043", "municipio": "Kaua", "loc": "310430003", "localidad": "Dzibiac", "pob": 20.0 }, "geometry": { "type": "Point", "coordinates": [ -88.441215000160213, 20.574288999638441 ] } },
{ "type": "Feature", "properties": { "ent": "31", "entidad": "Yucatán", "mun": "31043", "municipio": "Kaua", "loc": "310430006", "localidad": "Dzeal", "pob": 457.0 }, "geometry": { "type": "Point", "coordinates": [ -88.431727999958028, 20.566317000401103 ] } },
{ "type": "Feature", "properties": { "ent": "31", "entidad": "Yucatán", "mun": "31043", "municipio": "Kaua", "loc": "310430012", "localidad": "Yaxlé", "pob": 10.0 }, "geometry": { "type": "Point", "coordinates": [ -88.443018999907366, 20.5975720002854 ] } },
{ "type": "Feature", "properties": { "ent": "31", "entidad": "Yucatán", "mun": "31043", "municipio": "Kaua", "loc": "310430023", "localidad": "San Esteban", "pob": 10.0 }, "geometry": { "type": "Point", "coordinates": [ -88.410886999871678, 20.658852000134935 ] } },
{ "type": "Feature", "properties": { "ent": "31", "entidad": "Yucatán", "mun": "31043", "municipio": "Kaua", "loc": "310430044", "localidad": "Pambá", "pob": 15.0 }, "geometry": { "type": "Point", "coordinates": [ -88.530963000402082, 20.529254000044144 ] } },
{ "type": "Feature", "properties": { "ent": "31", "entidad": "Yucatán", "mun": "31044", "municipio": "Kinchil", "loc": "310440001", "localidad": "Kinchil", "pob": 7190.0 }, "geometry": { "type": "Point", "coordinates": [ -89.947582999578302, 20.91646200021383 ] } },
{ "type": "Feature", "properties": { "ent": "31", "entidad": "Yucatán", "mun": "31044", "municipio": "Kinchil", "loc": "310440002", "localidad": "Tamchén", "pob": 333.0 }, "geometry": { "type": "Point", "coordinates": [ -89.931639000030103, 20.875440999648919 ] } },
{ "type": "Feature", "properties": { "ent": "31", "entidad": "Yucatán", "mun": "31045", "municipio": "Kopomá", "loc": "310450001", "localidad": "Kopomá", "pob": 2211.0 }, "geometry": { "type": "Point", "coordinates": [ -89.899525999594204, 20.648969999524031 ] } },
{ "type": "Feature", "properties": { "ent": "31", "entidad": "Yucatán", "mun": "31045", "municipio": "Kopomá", "loc": "310450002", "localidad": "San Bernardo", "pob": 466.0 }, "geometry": { "type": "Point", "coordinates": [ -89.95219799958177, 20.636280000331151 ] } },
{ "type": "Feature", "properties": { "ent": "31", "entidad": "Yucatán", "mun": "31046", "municipio": "Mama", "loc": "310460001", "localidad": "Mama", "pob": 3189.0 }, "geometry": { "type": "Point", "coordinates": [ -89.365578999659789, 20.47739799971658 ] } },
{ "type": "Feature", "properties": { "ent": "31", "entidad": "Yucatán", "mun": "31046", "municipio": "Mama", "loc": "310460065", "localidad": "Nuevo San Juan", "pob": 99.0 }, "geometry": { "type": "Point", "coordinates": [ -89.338429000450475, 20.525859999676602 ] } },
{ "type": "Feature", "properties": { "ent": "31", "entidad": "Yucatán", "mun": "31047", "municipio": "Maní", "loc": "310470001", "localidad": "Maní", "pob": 4715.0 }, "geometry": { "type": "Point", "coordinates": [ -89.392971000255415, 20.387700999756174 ] } },
{ "type": "Feature", "properties": { "ent": "31", "entidad": "Yucatán", "mun": "31047", "municipio": "Maní", "loc": "310470009", "localidad": "Tipikal", "pob": 1047.0 }, "geometry": { "type": "Point", "coordinates": [ -89.344686999801439, 20.406750999790169 ] } },
{ "type": "Feature", "properties": { "ent": "31", "entidad": "Yucatán", "mun": "31047", "municipio": "Maní", "loc": "310470058", "localidad": "Pozo Nueve", "pob": 178.0 }, "geometry": { "type": "Point", "coordinates": [ -89.400459999568795, 20.321263999850697 ] } },
{ "type": "Feature", "properties": { "ent": "31", "entidad": "Yucatán", "mun": "31048", "municipio": "Maxcanú", "loc": "310480001", "localidad": "Maxcanú", "pob": 13965.0 }, "geometry": { "type": "Point", "coordinates": [ -90.000639999726999, 20.585058999645295 ] } },
{ "type": "Feature", "properties": { "ent": "31", "entidad": "Yucatán", "mun": "31048", "municipio": "Maxcanú", "loc": "310480002", "localidad": "Coahuila (Santa Teresa Coahuila)", "pob": 552.0 }, "geometry": { "type": "Point", "coordinates": [ -90.169864999864217, 20.66544500009919 ] } },
{ "type": "Feature", "properties": { "ent": "31", "entidad": "Yucatán", "mun": "31048", "municipio": "Maxcanú", "loc": "310480003", "localidad": "Chactún (San José Chactún)", "pob": 125.0 }, "geometry": { "type": "Point", "coordinates": [ -90.008749000057875, 20.523864999766108 ] } },
{ "type": "Feature", "properties": { "ent": "31", "entidad": "Yucatán", "mun": "31048", "municipio": "Maxcanú", "loc": "310480004", "localidad": "Chan Chocholá (Santa Eduviges Chan Chocholá)", "pob": 435.0 }, "geometry": { "type": "Point", "coordinates": [ -90.038300000053098, 20.523579000203718 ] } },
{ "type": "Feature", "properties": { "ent": "31", "entidad": "Yucatán", "mun": "31048", "municipio": "Maxcanú", "loc": "310480006", "localidad": "Chunchucmil", "pob": 1135.0 }, "geometry": { "type": "Point", "coordinates": [ -90.212733000381647, 20.643635000169514 ] } },
{ "type": "Feature", "properties": { "ent": "31", "entidad": "Yucatán", "mun": "31048", "municipio": "Maxcanú", "loc": "310480007", "localidad": "Granada (Chican Granada)", "pob": 538.0 }, "geometry": { "type": "Point", "coordinates": [ -90.047450999563594, 20.578733000354024 ] } },
{ "type": "Feature", "properties": { "ent": "31", "entidad": "Yucatán", "mun": "31048", "municipio": "Maxcanú", "loc": "310480010", "localidad": "Kanachén", "pob": 332.0 }, "geometry": { "type": "Point", "coordinates": [ -89.888204000012422, 20.605635000263977 ] } },
{ "type": "Feature", "properties": { "ent": "31", "entidad": "Yucatán", "mun": "31048", "municipio": "Maxcanú", "loc": "310480011", "localidad": "Kochol", "pob": 1767.0 }, "geometry": { "type": "Point", "coordinates": [ -90.15921900007514, 20.620161000296356 ] } },
{ "type": "Feature", "properties": { "ent": "31", "entidad": "Yucatán", "mun": "31048", "municipio": "Maxcanú", "loc": "310480012", "localidad": "Paraíso", "pob": 723.0 }, "geometry": { "type": "Point", "coordinates": [ -90.117705000011199, 20.675400000002067 ] } },
{ "type": "Feature", "properties": { "ent": "31", "entidad": "Yucatán", "mun": "31048", "municipio": "Maxcanú", "loc": "310480014", "localidad": "San Fernando", "pob": 303.0 }, "geometry": { "type": "Point", "coordinates": [ -90.067627999746151, 20.650375000286072 ] } },
{ "type": "Feature", "properties": { "ent": "31", "entidad": "Yucatán", "mun": "31048", "municipio": "Maxcanú", "loc": "310480017", "localidad": "San Rafael", "pob": 1560.0 }, "geometry": { "type": "Point", "coordinates": [ -90.157790999618058, 20.705136999766001 ] } },
{ "type": "Feature", "properties": { "ent": "31", "entidad": "Yucatán", "mun": "31048", "municipio": "Maxcanú", "loc": "310480018", "localidad": "Santa Cruz", "pob": 151.0 }, "geometry": { "type": "Point", "coordinates": [ -89.958333000269803, 20.58542099975995 ] } },
{ "type": "Feature", "properties": { "ent": "31", "entidad": "Yucatán", "mun": "31048", "municipio": "Maxcanú", "loc": "310480020", "localidad": "Santa Rosa (Santa Rosa de Lima)", "pob": 1022.0 }, "geometry": { "type": "Point", "coordinates": [ -90.088372999575384, 20.606176000225989 ] } },
{ "type": "Feature", "properties": { "ent": "31", "entidad": "Yucatán", "mun": "31048", "municipio": "Maxcanú", "loc": "310480021", "localidad": "Santo Domingo", "pob": 1346.0 }, "geometry": { "type": "Point", "coordinates": [ -90.115032999845482, 20.600155999803039 ] } },
{ "type": "Feature", "properties": { "ent": "31", "entidad": "Yucatán", "mun": "31049", "municipio": "Mayapán", "loc": "310490001", "localidad": "Mayapán", "pob": 3956.0 }, "geometry": { "type": "Point", "coordinates": [ -89.215171000078783, 20.468743999932073 ] } },
{ "type": "Feature", "properties": { "ent": "31", "entidad": "Yucatán", "mun": "31050", "municipio": "Mérida", "loc": "310500001", "localidad": "Mérida", "pob": 921771.0 }, "geometry": { "type": "Point", "coordinates": [ -89.624391999738947, 20.96753700034542 ] } },
{ "type": "Feature", "properties": { "ent": "31", "entidad": "Yucatán", "mun": "31050", "municipio": "Mérida", "loc": "310500075", "localidad": "Caucel", "pob": 8823.0 }, "geometry": { "type": "Point", "coordinates": [ -89.70603300013866, 21.01566400017245 ] } },
{ "type": "Feature", "properties": { "ent": "31", "entidad": "Yucatán", "mun": "31050", "municipio": "Mérida", "loc": "310500076", "localidad": "Cosgaya", "pob": 809.0 }, "geometry": { "type": "Point", "coordinates": [ -89.70476100031685, 21.097904999597258 ] } },
{ "type": "Feature", "properties": { "ent": "31", "entidad": "Yucatán", "mun": "31050", "municipio": "Mérida", "loc": "310500077", "localidad": "Chablekal", "pob": 5034.0 }, "geometry": { "type": "Point", "coordinates": [ -89.576666000332239, 21.096041000145696 ] } },
{ "type": "Feature", "properties": { "ent": "31", "entidad": "Yucatán", "mun": "31050", "municipio": "Mérida", "loc": "310500079", "localidad": "Chalmuch", "pob": 591.0 }, "geometry": { "type": "Point", "coordinates": [ -89.728966999802296, 20.972687999786132 ] } },
{ "type": "Feature", "properties": { "ent": "31", "entidad": "Yucatán", "mun": "31050", "municipio": "Mérida", "loc": "310500081", "localidad": "Cheumán", "pob": 218.0 }, "geometry": { "type": "Point", "coordinates": [ -89.706532000278514, 21.067078999742161 ] } },
{ "type": "Feature", "properties": { "ent": "31", "entidad": "Yucatán", "mun": "31050", "municipio": "Mérida", "loc": "310500084", "localidad": "Cholul", "pob": 11745.0 }, "geometry": { "type": "Point", "coordinates": [ -89.556996000270487, 21.042942000346539 ] } },
{ "type": "Feature", "properties": { "ent": "31", "entidad": "Yucatán", "mun": "31050", "municipio": "Mérida", "loc": "310500086", "localidad": "Dzibilchaltún", "pob": 152.0 }, "geometry": { "type": "Point", "coordinates": [ -89.598535999967424, 21.098455999694622 ] } },
{ "type": "Feature", "properties": { "ent": "31", "entidad": "Yucatán", "mun": "31050", "municipio": "Mérida", "loc": "310500087", "localidad": "Dzidzilché", "pob": 267.0 }, "geometry": { "type": "Point", "coordinates": [ -89.689656999570104, 21.152365000167418 ] } },
{ "type": "Feature", "properties": { "ent": "31", "entidad": "Yucatán", "mun": "31050", "municipio": "Mérida", "loc": "310500088", "localidad": "Dzityá", "pob": 2369.0 }, "geometry": { "type": "Point", "coordinates": [ -89.679216999830246, 21.050232999924404 ] } },
{ "type": "Feature", "properties": { "ent": "31", "entidad": "Yucatán", "mun": "31050", "municipio": "Mérida", "loc": "310500089", "localidad": "Dzoyaxché", "pob": 533.0 }, "geometry": { "type": "Point", "coordinates": [ -89.590388999729157, 20.789369000225459 ] } },
{ "type": "Feature", "properties": { "ent": "31", "entidad": "Yucatán", "mun": "31050", "municipio": "Mérida", "loc": "310500090", "localidad": "Dzununcán", "pob": 2388.0 }, "geometry": { "type": "Point", "coordinates": [ -89.65347799994494, 20.865709000170057 ] } },
{ "type": "Feature", "properties": { "ent": "31", "entidad": "Yucatán", "mun": "31050", "municipio": "Mérida", "loc": "310500092", "localidad": "Kikteil", "pob": 243.0 }, "geometry": { "type": "Point", "coordinates": [ -89.693569000223661, 21.129690999867098 ] } },
{ "type": "Feature", "properties": { "ent": "31", "entidad": "Yucatán", "mun": "31050", "municipio": "Mérida", "loc": "310500093", "localidad": "Komchén", "pob": 5598.0 }, "geometry": { "type": "Point", "coordinates": [ -89.66173799955655, 21.103517000354937 ] } },
{ "type": "Feature", "properties": { "ent": "31", "entidad": "Yucatán", "mun": "31050", "municipio": "Mérida", "loc": "310500095", "localidad": "Molas", "pob": 2401.0 }, "geometry": { "type": "Point", "coordinates": [ -89.632107000054035, 20.816406999931576 ] } },
{ "type": "Feature", "properties": { "ent": "31", "entidad": "Yucatán", "mun": "31050", "municipio": "Mérida", "loc": "310500097", "localidad": "Noc Ac", "pob": 532.0 }, "geometry": { "type": "Point", "coordinates": [ -89.717283999563477, 21.078889000132882 ] } },
{ "type": "Feature", "properties": { "ent": "31", "entidad": "Yucatán", "mun": "31050", "municipio": "Mérida", "loc": "310500100", "localidad": "Petac", "pob": 234.0 }, "geometry": { "type": "Point", "coordinates": [ -89.657908000431661, 20.769955000127329 ] } },
{ "type": "Feature", "properties": { "ent": "31", "entidad": "Yucatán", "mun": "31050", "municipio": "Mérida", "loc": "310500102", "localidad": "Sac-Nicté", "pob": 387.0 }, "geometry": { "type": "Point", "coordinates": [ -89.58461699990589, 21.14145899960274 ] } },
{ "type": "Feature", "properties": { "ent": "31", "entidad": "Yucatán", "mun": "31050", "municipio": "Mérida", "loc": "310500103", "localidad": "San Antonio Hool", "pob": 180.0 }, "geometry": { "type": "Point", "coordinates": [ -89.674582000272054, 21.065397999579748 ] } },
{ "type": "Feature", "properties": { "ent": "31", "entidad": "Yucatán", "mun": "31050", "municipio": "Mérida", "loc": "310500108", "localidad": "San Ignacio Tesip", "pob": 405.0 }, "geometry": { "type": "Point", "coordinates": [ -89.611836999799451, 20.842355000082435 ] } },
{ "type": "Feature", "properties": { "ent": "31", "entidad": "Yucatán", "mun": "31050", "municipio": "Mérida", "loc": "310500111", "localidad": "San José Tzal", "pob": 4428.0 }, "geometry": { "type": "Point", "coordinates": [ -89.661329999530182, 20.825269999941252 ] } },
{ "type": "Feature", "properties": { "ent": "31", "entidad": "Yucatán", "mun": "31050", "municipio": "Mérida", "loc": "310500116", "localidad": "San Pedro Chimay", "pob": 1578.0 }, "geometry": { "type": "Point", "coordinates": [ -89.579736999697005, 20.865545000307616 ] } },
{ "type": "Feature", "properties": { "ent": "31", "entidad": "Yucatán", "mun": "31050", "municipio": "Mérida", "loc": "310500117", "localidad": "Santa Cruz Palomeque", "pob": 1237.0 }, "geometry": { "type": "Point", "coordinates": [ -89.653758999841628, 20.879296999591666 ] } },
{ "type": "Feature", "properties": { "ent": "31", "entidad": "Yucatán", "mun": "31050", "municipio": "Mérida", "loc": "310500119", "localidad": "Santa María Chí", "pob": 385.0 }, "geometry": { "type": "Point", "coordinates": [ -89.482191000360089, 21.033856999852475 ] } },
{ "type": "Feature", "properties": { "ent": "31", "entidad": "Yucatán", "mun": "31050", "municipio": "Mérida", "loc": "310500120", "localidad": "Sierra Papacal", "pob": 1556.0 }, "geometry": { "type": "Point", "coordinates": [ -89.728589000104819, 21.122594999586614 ] } },
{ "type": "Feature", "properties": { "ent": "31", "entidad": "Yucatán", "mun": "31050", "municipio": "Mérida", "loc": "310500121", "localidad": "Sitpach", "pob": 2226.0 }, "geometry": { "type": "Point", "coordinates": [ -89.521155000320576, 21.026751000202179 ] } },
{ "type": "Feature", "properties": { "ent": "31", "entidad": "Yucatán", "mun": "31050", "municipio": "Mérida", "loc": "310500123", "localidad": "Susulá", "pob": 530.0 }, "geometry": { "type": "Point", "coordinates": [ -89.697077000445901, 20.972905000360903 ] } },
{ "type": "Feature", "properties": { "ent": "31", "entidad": "Yucatán", "mun": "31050", "municipio": "Mérida", "loc": "310500124", "localidad": "Suytunchén", "pob": 150.0 }, "geometry": { "type": "Point", "coordinates": [ -89.731233000083336, 21.101141000258977 ] } },
{ "type": "Feature", "properties": { "ent": "31", "entidad": "Yucatán", "mun": "31050", "municipio": "Mérida", "loc": "310500125", "localidad": "Tahdzibichén", "pob": 855.0 }, "geometry": { "type": "Point", "coordinates": [ -89.59804300017035, 20.88501499973674 ] } },
{ "type": "Feature", "properties": { "ent": "31", "entidad": "Yucatán", "mun": "31050", "municipio": "Mérida", "loc": "310500128", "localidad": "Temozón Norte", "pob": 1094.0 }, "geometry": { "type": "Point", "coordinates": [ -89.596886999523434, 21.064547000340852 ] } },
{ "type": "Feature", "properties": { "ent": "31", "entidad": "Yucatán", "mun": "31050", "municipio": "Mérida", "loc": "310500129", "localidad": "Texán Cámara", "pob": 664.0 }, "geometry": { "type": "Point", "coordinates": [ -89.665749999644575, 20.789449999551842 ] } },
{ "type": "Feature", "properties": { "ent": "31", "entidad": "Yucatán", "mun": "31050", "municipio": "Mérida", "loc": "310500130", "localidad": "Opichén", "pob": 724.0 }, "geometry": { "type": "Point", "coordinates": [ -89.67930200005236, 20.950173000272233 ] } },
{ "type": "Feature", "properties": { "ent": "31", "entidad": "Yucatán", "mun": "31050", "municipio": "Mérida", "loc": "310500131", "localidad": "Tixcacal", "pob": 1119.0 }, "geometry": { "type": "Point", "coordinates": [ -89.715726000196597, 20.944155999735049 ] } },
{ "type": "Feature", "properties": { "ent": "31", "entidad": "Yucatán", "mun": "31050", "municipio": "Mérida", "loc": "310500132", "localidad": "Tixcuytún", "pob": 578.0 }, "geometry": { "type": "Point", "coordinates": [ -89.570235000290452, 21.066319999773874 ] } },
{ "type": "Feature", "properties": { "ent": "31", "entidad": "Yucatán", "mun": "31050", "municipio": "Mérida", "loc": "310500133", "localidad": "San Antonio Tzacalá", "pob": 715.0 }, "geometry": { "type": "Point", "coordinates": [ -89.654195000214415, 20.750232999582057 ] } },
{ "type": "Feature", "properties": { "ent": "31", "entidad": "Yucatán", "mun": "31050", "municipio": "Mérida", "loc": "310500135", "localidad": "Xcanatún", "pob": 1733.0 }, "geometry": { "type": "Point", "coordinates": [ -89.628051999875851, 21.075548999734995 ] } },
{ "type": "Feature", "properties": { "ent": "31", "entidad": "Yucatán", "mun": "31050", "municipio": "Mérida", "loc": "310500138", "localidad": "Xmatkuil", "pob": 1293.0 }, "geometry": { "type": "Point", "coordinates": [ -89.625032000377942, 20.861589000106118 ] } },
{ "type": "Feature", "properties": { "ent": "31", "entidad": "Yucatán", "mun": "31050", "municipio": "Mérida", "loc": "310500140", "localidad": "Yaxché Casares", "pob": 123.0 }, "geometry": { "type": "Point", "coordinates": [ -89.498922000366818, 21.034584999980453 ] } },
{ "type": "Feature", "properties": { "ent": "31", "entidad": "Yucatán", "mun": "31050", "municipio": "Mérida", "loc": "310500141", "localidad": "Yaxnic", "pob": 907.0 }, "geometry": { "type": "Point", "coordinates": [ -89.619249000370232, 20.790743999741 ] } },
{ "type": "Feature", "properties": { "ent": "31", "entidad": "Yucatán", "mun": "31050", "municipio": "Mérida", "loc": "310500144", "localidad": "Xcunyá", "pob": 994.0 }, "geometry": { "type": "Point", "coordinates": [ -89.613314000128327, 21.132644000212046 ] } },
{ "type": "Feature", "properties": { "ent": "31", "entidad": "Yucatán", "mun": "31050", "municipio": "Mérida", "loc": "310500145", "localidad": "Santa María Yaxché", "pob": 70.0 }, "geometry": { "type": "Point", "coordinates": [ -89.635371000335226, 21.118328000133953 ] } },
{ "type": "Feature", "properties": { "ent": "31", "entidad": "Yucatán", "mun": "31050", "municipio": "Mérida", "loc": "310500158", "localidad": "La Ceiba", "pob": 1638.0 }, "geometry": { "type": "Point", "coordinates": [ -89.621977000397351, 21.094262000293945 ] } },
{ "type": "Feature", "properties": { "ent": "31", "entidad": "Yucatán", "mun": "31050", "municipio": "Mérida", "loc": "310500159", "localidad": "La Ceiba Dos", "pob": 58.0 }, "geometry": { "type": "Point", "coordinates": [ -89.600045999727982, 21.10088299989264 ] } },
{ "type": "Feature", "properties": { "ent": "31", "entidad": "Yucatán", "mun": "31050", "municipio": "Mérida", "loc": "310500225", "localidad": "San Diego Texán", "pob": 14.0 }, "geometry": { "type": "Point", "coordinates": [ -89.626365000105707, 21.156616999788007 ] } },
{ "type": "Feature", "properties": { "ent": "31", "entidad": "Yucatán", "mun": "31050", "municipio": "Mérida", "loc": "310500238", "localidad": "Tamanché", "pob": 649.0 }, "geometry": { "type": "Point", "coordinates": [ -89.641408000280208, 21.138914999777668 ] } },
{ "type": "Feature", "properties": { "ent": "31", "entidad": "Yucatán", "mun": "31050", "municipio": "Mérida", "loc": "310500268", "localidad": "Oncán", "pob": 774.0 }, "geometry": { "type": "Point", "coordinates": [ -89.483488999496956, 20.964976000246381 ] } },
{ "type": "Feature", "properties": { "ent": "31", "entidad": "Yucatán", "mun": "31050", "municipio": "Mérida", "loc": "310500336", "localidad": "Hunxectamán", "pob": 177.0 }, "geometry": { "type": "Point", "coordinates": [ -89.558628999939998, 20.883176000142605 ] } },
{ "type": "Feature", "properties": { "ent": "31", "entidad": "Yucatán", "mun": "31050", "municipio": "Mérida", "loc": "310500414", "localidad": "Los Castellanos", "pob": 93.0 }, "geometry": { "type": "Point", "coordinates": [ -89.632235000223204, 21.090605999775516 ] } },
{ "type": "Feature", "properties": { "ent": "31", "entidad": "Yucatán", "mun": "31050", "municipio": "Mérida", "loc": "310500528", "localidad": "Jardines de Tahdzibichén", "pob": 259.0 }, "geometry": { "type": "Point", "coordinates": [ -89.599621000256192, 20.898667000067405 ] } },
{ "type": "Feature", "properties": { "ent": "31", "entidad": "Yucatán", "mun": "31050", "municipio": "Mérida", "loc": "310500561", "localidad": "Villa Paraíso", "pob": 28.0 }, "geometry": { "type": "Point", "coordinates": [ -89.594289000475143, 20.870296999802285 ] } },
{ "type": "Feature", "properties": { "ent": "31", "entidad": "Yucatán", "mun": "31050", "municipio": "Mérida", "loc": "310500666", "localidad": "Villas Cholul", "pob": 332.0 }, "geometry": { "type": "Point", "coordinates": [ -89.539807999672902, 21.044306999631019 ] } },
{ "type": "Feature", "properties": { "ent": "31", "entidad": "Yucatán", "mun": "31050", "municipio": "Mérida", "loc": "310500753", "localidad": "Villas Xcanatún", "pob": 30.0 }, "geometry": { "type": "Point", "coordinates": [ -89.637755999609837, 21.115617000110909 ] } },
{ "type": "Feature", "properties": { "ent": "31", "entidad": "Yucatán", "mun": "31050", "municipio": "Mérida", "loc": "310500869", "localidad": "Coppsa", "pob": 18.0 }, "geometry": { "type": "Point", "coordinates": [ -89.590280999880335, 20.870443000221456 ] } },
{ "type": "Feature", "properties": { "ent": "31", "entidad": "Yucatán", "mun": "31050", "municipio": "Mérida", "loc": "310500915", "localidad": "Puertas del Mayab", "pob": 34.0 }, "geometry": { "type": "Point", "coordinates": [ -89.592421000024828, 21.105841000062995 ] } },
{ "type": "Feature", "properties": { "ent": "31", "entidad": "Yucatán", "mun": "31050", "municipio": "Mérida", "loc": "310500944", "localidad": "La Rejoyada", "pob": 428.0 }, "geometry": { "type": "Point", "coordinates": [ -89.6804779998144, 21.119959999766646 ] } },
{ "type": "Feature", "properties": { "ent": "31", "entidad": "Yucatán", "mun": "31050", "municipio": "Mérida", "loc": "310500945", "localidad": "Yucatán Country Club", "pob": 2141.0 }, "geometry": { "type": "Point", "coordinates": [ -89.599281999775471, 21.12072600016478 ] } },
{ "type": "Feature", "properties": { "ent": "31", "entidad": "Yucatán", "mun": "31050", "municipio": "Mérida", "loc": "310500955", "localidad": "La Ceiba [Villas]", "pob": 15.0 }, "geometry": { "type": "Point", "coordinates": [ -89.631844000282115, 21.091382000437886 ] } },
{ "type": "Feature", "properties": { "ent": "31", "entidad": "Yucatán", "mun": "31050", "municipio": "Mérida", "loc": "310501019", "localidad": "Chaactún", "pob": 53.0 }, "geometry": { "type": "Point", "coordinates": [ -89.622075999637062, 21.11274300035263 ] } },
{ "type": "Feature", "properties": { "ent": "31", "entidad": "Yucatán", "mun": "31050", "municipio": "Mérida", "loc": "310501023", "localidad": "Altosano", "pob": 273.0 }, "geometry": { "type": "Point", "coordinates": [ -89.637263999846382, 21.12849400027093 ] } },
{ "type": "Feature", "properties": { "ent": "31", "entidad": "Yucatán", "mun": "31050", "municipio": "Mérida", "loc": "310501024", "localidad": "Blue Cedar [Privada Residencial]", "pob": 106.0 }, "geometry": { "type": "Point", "coordinates": [ -89.662185999878062, 21.131172000313352 ] } },
{ "type": "Feature", "properties": { "ent": "31", "entidad": "Yucatán", "mun": "31051", "municipio": "Mocochá", "loc": "310510001", "localidad": "Mocochá", "pob": 2293.0 }, "geometry": { "type": "Point", "coordinates": [ -89.452055999970895, 21.105684000168385 ] } },
{ "type": "Feature", "properties": { "ent": "31", "entidad": "Yucatán", "mun": "31051", "municipio": "Mocochá", "loc": "310510006", "localidad": "Tekat", "pob": 637.0 }, "geometry": { "type": "Point", "coordinates": [ -89.474124000046459, 21.097242000371399 ] } },
{ "type": "Feature", "properties": { "ent": "31", "entidad": "Yucatán", "mun": "31051", "municipio": "Mocochá", "loc": "310510007", "localidad": "Toó", "pob": 439.0 }, "geometry": { "type": "Point", "coordinates": [ -89.45204899980827, 21.143888999948608 ] } },
{ "type": "Feature", "properties": { "ent": "31", "entidad": "Yucatán", "mun": "31051", "municipio": "Mocochá", "loc": "310510038", "localidad": "Paraíso [Rancho]", "pob": 16.0 }, "geometry": { "type": "Point", "coordinates": [ -89.459792999958466, 21.102720000319543 ] } },
{ "type": "Feature", "properties": { "ent": "31", "entidad": "Yucatán", "mun": "31051", "municipio": "Mocochá", "loc": "310510068", "localidad": "La Flor del Siglo XXI", "pob": 10.0 }, "geometry": { "type": "Point", "coordinates": [ -89.457556000444427, 21.094593000373457 ] } },
{ "type": "Feature", "properties": { "ent": "31", "entidad": "Yucatán", "mun": "31052", "municipio": "Motul", "loc": "310520001", "localidad": "Motul de Carrillo Puerto", "pob": 26081.0 }, "geometry": { "type": "Point", "coordinates": [ -89.283924999890047, 21.095551000004878 ] } },
{ "type": "Feature", "properties": { "ent": "31", "entidad": "Yucatán", "mun": "31052", "municipio": "Motul", "loc": "310520002", "localidad": "Ucí", "pob": 1212.0 }, "geometry": { "type": "Point", "coordinates": [ -89.270062999630753, 21.125476000254245 ] } },
{ "type": "Feature", "properties": { "ent": "31", "entidad": "Yucatán", "mun": "31052", "municipio": "Motul", "loc": "310520003", "localidad": "Timul", "pob": 1015.0 }, "geometry": { "type": "Point", "coordinates": [ -89.393249000120576, 21.193151999987819 ] } },
{ "type": "Feature", "properties": { "ent": "31", "entidad": "Yucatán", "mun": "31052", "municipio": "Motul", "loc": "310520005", "localidad": "Sacapuc", "pob": 658.0 }, "geometry": { "type": "Point", "coordinates": [ -89.358952999818214, 21.166558999650427 ] } },
{ "type": "Feature", "properties": { "ent": "31", "entidad": "Yucatán", "mun": "31052", "municipio": "Motul", "loc": "310520008", "localidad": "Kopté", "pob": 592.0 }, "geometry": { "type": "Point", "coordinates": [ -89.229096999763314, 21.05404400013655 ] } },
{ "type": "Feature", "properties": { "ent": "31", "entidad": "Yucatán", "mun": "31052", "municipio": "Motul", "loc": "310520011", "localidad": "Kancabchén", "pob": 386.0 }, "geometry": { "type": "Point", "coordinates": [ -89.235339999579466, 21.063153000056918 ] } },
{ "type": "Feature", "properties": { "ent": "31", "entidad": "Yucatán", "mun": "31052", "municipio": "Motul", "loc": "310520012", "localidad": "Santa Cruz Pachón", "pob": 243.0 }, "geometry": { "type": "Point", "coordinates": [ -89.282302000381293, 21.076857000024059 ] } },
{ "type": "Feature", "properties": { "ent": "31", "entidad": "Yucatán", "mun": "31052", "municipio": "Motul", "loc": "310520013", "localidad": "Kambul", "pob": 209.0 }, "geometry": { "type": "Point", "coordinates": [ -89.2015679998526, 21.094722000131242 ] } },
{ "type": "Feature", "properties": { "ent": "31", "entidad": "Yucatán", "mun": "31052", "municipio": "Motul", "loc": "310520014", "localidad": "Mesatunich", "pob": 713.0 }, "geometry": { "type": "Point", "coordinates": [ -89.201458000003043, 21.076856999916281 ] } },
{ "type": "Feature", "properties": { "ent": "31", "entidad": "Yucatán", "mun": "31052", "municipio": "Motul", "loc": "310520015", "localidad": "Kaxatah", "pob": 1202.0 }, "geometry": { "type": "Point", "coordinates": [ -89.253833000082864, 21.092622999822655 ] } },
{ "type": "Feature", "properties": { "ent": "31", "entidad": "Yucatán", "mun": "31052", "municipio": "Motul", "loc": "310520016", "localidad": "San Pedro Cámara", "pob": 182.0 }, "geometry": { "type": "Point", "coordinates": [ -89.215697999960696, 21.057504999682354 ] } },
{ "type": "Feature", "properties": { "ent": "31", "entidad": "Yucatán", "mun": "31052", "municipio": "Motul", "loc": "310520017", "localidad": "San Pedro Chacabal", "pob": 922.0 }, "geometry": { "type": "Point", "coordinates": [ -89.193292000134107, 21.135582999864063 ] } },
{ "type": "Feature", "properties": { "ent": "31", "entidad": "Yucatán", "mun": "31052", "municipio": "Motul", "loc": "310520018", "localidad": "Tanyá", "pob": 1013.0 }, "geometry": { "type": "Point", "coordinates": [ -89.251813999800078, 21.110835999717608 ] } },
{ "type": "Feature", "properties": { "ent": "31", "entidad": "Yucatán", "mun": "31052", "municipio": "Motul", "loc": "310520020", "localidad": "Kancabchén Ucí", "pob": 85.0 }, "geometry": { "type": "Point", "coordinates": [ -89.240903000129904, 21.170778000067848 ] } },
{ "type": "Feature", "properties": { "ent": "31", "entidad": "Yucatán", "mun": "31052", "municipio": "Motul", "loc": "310520021", "localidad": "Komchén Martínez", "pob": 112.0 }, "geometry": { "type": "Point", "coordinates": [ -89.264100999897849, 21.152444999895554 ] } },
{ "type": "Feature", "properties": { "ent": "31", "entidad": "Yucatán", "mun": "31052", "municipio": "Motul", "loc": "310520022", "localidad": "Miguel Hidalgo y Costilla", "pob": 22.0 }, "geometry": { "type": "Point", "coordinates": [ -89.280927000194822, 21.069508999642025 ] } },
{ "type": "Feature", "properties": { "ent": "31", "entidad": "Yucatán", "mun": "31052", "municipio": "Motul", "loc": "310520023", "localidad": "Kiní", "pob": 1737.0 }, "geometry": { "type": "Point", "coordinates": [ -89.315927999609215, 21.135291999705462 ] } },
{ "type": "Feature", "properties": { "ent": "31", "entidad": "Yucatán", "mun": "31052", "municipio": "Motul", "loc": "310520024", "localidad": "San José Hili", "pob": 298.0 }, "geometry": { "type": "Point", "coordinates": [ -89.3568799995451, 21.132099999938468 ] } },
{ "type": "Feature", "properties": { "ent": "31", "entidad": "Yucatán", "mun": "31052", "municipio": "Motul", "loc": "310520029", "localidad": "Kancabal", "pob": 711.0 }, "geometry": { "type": "Point", "coordinates": [ -89.260094000473842, 21.110823000030376 ] } },
{ "type": "Feature", "properties": { "ent": "31", "entidad": "Yucatán", "mun": "31052", "municipio": "Motul", "loc": "310520030", "localidad": "Dzununcán", "pob": 263.0 }, "geometry": { "type": "Point", "coordinates": [ -89.256430999777876, 21.10125400022482 ] } },
{ "type": "Feature", "properties": { "ent": "31", "entidad": "Yucatán", "mun": "31052", "municipio": "Motul", "loc": "310520033", "localidad": "Sakolá", "pob": 58.0 }, "geometry": { "type": "Point", "coordinates": [ -89.326283999703264, 21.099231999644108 ] } },
{ "type": "Feature", "properties": { "ent": "31", "entidad": "Yucatán", "mun": "31053", "municipio": "Muna", "loc": "310530001", "localidad": "Muna", "pob": 12553.0 }, "geometry": { "type": "Point", "coordinates": [ -89.713378000194851, 20.483953000122519 ] } },
{ "type": "Feature", "properties": { "ent": "31", "entidad": "Yucatán", "mun": "31053", "municipio": "Muna", "loc": "310530002", "localidad": "Choyob", "pob": 92.0 }, "geometry": { "type": "Point", "coordinates": [ -89.701723000373462, 20.532382000089545 ] } },
{ "type": "Feature", "properties": { "ent": "31", "entidad": "Yucatán", "mun": "31053", "municipio": "Muna", "loc": "310530003", "localidad": "San José Tipceh", "pob": 606.0 }, "geometry": { "type": "Point", "coordinates": [ -89.670087000187706, 20.462073999620539 ] } },
{ "type": "Feature", "properties": { "ent": "31", "entidad": "Yucatán", "mun": "31053", "municipio": "Muna", "loc": "310530004", "localidad": "Yaxhá", "pob": 224.0 }, "geometry": { "type": "Point", "coordinates": [ -89.666630999603129, 20.534524999935684 ] } },
{ "type": "Feature", "properties": { "ent": "31", "entidad": "Yucatán", "mun": "31054", "municipio": "Muxupip", "loc": "310540001", "localidad": "Muxupip", "pob": 2590.0 }, "geometry": { "type": "Point", "coordinates": [ -89.329890999582418, 21.042822999599206 ] } },
{ "type": "Feature", "properties": { "ent": "31", "entidad": "Yucatán", "mun": "31054", "municipio": "Muxupip", "loc": "310540005", "localidad": "San José Grande", "pob": 38.0 }, "geometry": { "type": "Point", "coordinates": [ -89.308001999777375, 21.027982999888099 ] } },
{ "type": "Feature", "properties": { "ent": "31", "entidad": "Yucatán", "mun": "31054", "municipio": "Muxupip", "loc": "310540006", "localidad": "San Juan Koop", "pob": 360.0 }, "geometry": { "type": "Point", "coordinates": [ -89.344422000098135, 21.03066399965163 ] } },
{ "type": "Feature", "properties": { "ent": "31", "entidad": "Yucatán", "mun": "31055", "municipio": "Opichén", "loc": "310550001", "localidad": "Opichén", "pob": 5412.0 }, "geometry": { "type": "Point", "coordinates": [ -89.856244000424823, 20.550650999663752 ] } },
{ "type": "Feature", "properties": { "ent": "31", "entidad": "Yucatán", "mun": "31055", "municipio": "Opichén", "loc": "310550002", "localidad": "Calcehtok", "pob": 1663.0 }, "geometry": { "type": "Point", "coordinates": [ -89.912197999723361, 20.567204000369664 ] } },
{ "type": "Feature", "properties": { "ent": "31", "entidad": "Yucatán", "mun": "31056", "municipio": "Oxkutzcab", "loc": "310560001", "localidad": "Oxkutzcab", "pob": 26175.0 }, "geometry": { "type": "Point", "coordinates": [ -89.41875200017472, 20.301932000358704 ] } },
{ "type": "Feature", "properties": { "ent": "31", "entidad": "Yucatán", "mun": "31056", "municipio": "Oxkutzcab", "loc": "310560004", "localidad": "Emiliano Zapata", "pob": 1670.0 }, "geometry": { "type": "Point", "coordinates": [ -89.467093999733649, 20.227396000279899 ] } },
{ "type": "Feature", "properties": { "ent": "31", "entidad": "Yucatán", "mun": "31056", "municipio": "Oxkutzcab", "loc": "310560007", "localidad": "X-Kobenhaltún", "pob": 87.0 }, "geometry": { "type": "Point", "coordinates": [ -89.52284500006067, 20.080041000343815 ] } },
{ "type": "Feature", "properties": { "ent": "31", "entidad": "Yucatán", "mun": "31056", "municipio": "Oxkutzcab", "loc": "310560010", "localidad": "Sahcahmucuy", "pob": 51.0 }, "geometry": { "type": "Point", "coordinates": [ -89.492078999690278, 20.176503999810922 ] } },
{ "type": "Feature", "properties": { "ent": "31", "entidad": "Yucatán", "mun": "31056", "municipio": "Oxkutzcab", "loc": "310560013", "localidad": "Xohuayán", "pob": 1600.0 }, "geometry": { "type": "Point", "coordinates": [ -89.38330100040335, 20.187189000276767 ] } },
{ "type": "Feature", "properties": { "ent": "31", "entidad": "Yucatán", "mun": "31056", "municipio": "Oxkutzcab", "loc": "310560014", "localidad": "Xul", "pob": 1434.0 }, "geometry": { "type": "Point", "coordinates": [ -89.462775999558218, 20.102099000214515 ] } },
{ "type": "Feature", "properties": { "ent": "31", "entidad": "Yucatán", "mun": "31056", "municipio": "Oxkutzcab", "loc": "310560016", "localidad": "Yaxhachén", "pob": 1833.0 }, "geometry": { "type": "Point", "coordinates": [ -89.566223000364445, 20.051148999933318 ] } },
{ "type": "Feature", "properties": { "ent": "31", "entidad": "Yucatán", "mun": "31056", "municipio": "Oxkutzcab", "loc": "310560018", "localidad": "San José Kunché", "pob": 32.0 }, "geometry": { "type": "Point", "coordinates": [ -89.387812999712864, 20.247689999834133 ] } },
{ "type": "Feature", "properties": { "ent": "31", "entidad": "Yucatán", "mun": "31056", "municipio": "Oxkutzcab", "loc": "310560022", "localidad": "Bombahaltún", "pob": 37.0 }, "geometry": { "type": "Point", "coordinates": [ -89.422594000288058, 20.059032000117792 ] } },
{ "type": "Feature", "properties": { "ent": "31", "entidad": "Yucatán", "mun": "31056", "municipio": "Oxkutzcab", "loc": "310560037", "localidad": "Potoit", "pob": 100.0 }, "geometry": { "type": "Point", "coordinates": [ -89.488440999923895, 20.235271000039916 ] } },
{ "type": "Feature", "properties": { "ent": "31", "entidad": "Yucatán", "mun": "31056", "municipio": "Oxkutzcab", "loc": "310560064", "localidad": "San Antonio Yaaxhom", "pob": 156.0 }, "geometry": { "type": "Point", "coordinates": [ -89.476127000095815, 20.248405999885517 ] } },
{ "type": "Feature", "properties": { "ent": "31", "entidad": "Yucatán", "mun": "31056", "municipio": "Oxkutzcab", "loc": "310560091", "localidad": "Luis Donaldo Colosio", "pob": 24.0 }, "geometry": { "type": "Point", "coordinates": [ -89.455741999880971, 20.252567000357136 ] } },
{ "type": "Feature", "properties": { "ent": "31", "entidad": "Yucatán", "mun": "31056", "municipio": "Oxkutzcab", "loc": "310560097", "localidad": "X-Kakal", "pob": 31.0 }, "geometry": { "type": "Point", "coordinates": [ -89.402719999853815, 20.18793100013572 ] } },
{ "type": "Feature", "properties": { "ent": "31", "entidad": "Yucatán", "mun": "31056", "municipio": "Oxkutzcab", "loc": "310560099", "localidad": "Crucero Tabí", "pob": 35.0 }, "geometry": { "type": "Point", "coordinates": [ -89.492150000022434, 20.246487000348292 ] } },
{ "type": "Feature", "properties": { "ent": "31", "entidad": "Yucatán", "mun": "31056", "municipio": "Oxkutzcab", "loc": "310560105", "localidad": "Sinitún [Unidad]", "pob": 24.0 }, "geometry": { "type": "Point", "coordinates": [ -89.443955000494938, 20.201066999732667 ] } },
{ "type": "Feature", "properties": { "ent": "31", "entidad": "Yucatán", "mun": "31056", "municipio": "Oxkutzcab", "loc": "310560107", "localidad": "Yaxhom Antiguo", "pob": 22.0 }, "geometry": { "type": "Point", "coordinates": [ -89.481061999984661, 20.23797900018846 ] } },
{ "type": "Feature", "properties": { "ent": "31", "entidad": "Yucatán", "mun": "31056", "municipio": "Oxkutzcab", "loc": "310560108", "localidad": "Chunhuaymil", "pob": 47.0 }, "geometry": { "type": "Point", "coordinates": [ -89.651487999915091, 20.111356999540224 ] } },
{ "type": "Feature", "properties": { "ent": "31", "entidad": "Yucatán", "mun": "31056", "municipio": "Oxkutzcab", "loc": "310560122", "localidad": "Pozo Dos", "pob": 15.0 }, "geometry": { "type": "Point", "coordinates": [ -89.376679000432006, 20.292288999582283 ] } },
{ "type": "Feature", "properties": { "ent": "31", "entidad": "Yucatán", "mun": "31056", "municipio": "Oxkutzcab", "loc": "310560123", "localidad": "Pozo Seis", "pob": 10.0 }, "geometry": { "type": "Point", "coordinates": [ -89.387534999603645, 20.315091000043793 ] } },
{ "type": "Feature", "properties": { "ent": "31", "entidad": "Yucatán", "mun": "31056", "municipio": "Oxkutzcab", "loc": "310560126", "localidad": "San Francisco Yaaxhom", "pob": 14.0 }, "geometry": { "type": "Point", "coordinates": [ -89.47034999988162, 20.248653999628097 ] } },
{ "type": "Feature", "properties": { "ent": "31", "entidad": "Yucatán", "mun": "31056", "municipio": "Oxkutzcab", "loc": "310560133", "localidad": "Pozo 644", "pob": 16.0 }, "geometry": { "type": "Point", "coordinates": [ -89.391079999567268, 20.301378999964893 ] } },
{ "type": "Feature", "properties": { "ent": "31", "entidad": "Yucatán", "mun": "31056", "municipio": "Oxkutzcab", "loc": "310560137", "localidad": "Plan Chaac Pozo 4 [Anexo]", "pob": 13.0 }, "geometry": { "type": "Point", "coordinates": [ -89.386579000169945, 20.309088000054007 ] } },
{ "type": "Feature", "properties": { "ent": "31", "entidad": "Yucatán", "mun": "31056", "municipio": "Oxkutzcab", "loc": "310560145", "localidad": "San Eleazar", "pob": 14.0 }, "geometry": { "type": "Point", "coordinates": [ -89.568799999528878, 20.045740000121452 ] } },
{ "type": "Feature", "properties": { "ent": "31", "entidad": "Yucatán", "mun": "31056", "municipio": "Oxkutzcab", "loc": "310560147", "localidad": "Dolores Otero", "pob": 11.0 }, "geometry": { "type": "Point", "coordinates": [ -89.426958999993303, 20.28453999997933 ] } },
{ "type": "Feature", "properties": { "ent": "31", "entidad": "Yucatán", "mun": "31056", "municipio": "Oxkutzcab", "loc": "310560149", "localidad": "Huntochac", "pob": 298.0 }, "geometry": { "type": "Point", "coordinates": [ -89.499725999894096, 19.80610099979766 ] } },
{ "type": "Feature", "properties": { "ent": "31", "entidad": "Yucatán", "mun": "31056", "municipio": "Oxkutzcab", "loc": "310560151", "localidad": "Nicolasa Ek Puc", "pob": 24.0 }, "geometry": { "type": "Point", "coordinates": [ -89.429105999932148, 20.293010000309 ] } },
{ "type": "Feature", "properties": { "ent": "31", "entidad": "Yucatán", "mun": "31057", "municipio": "Panabá", "loc": "310570001", "localidad": "Panabá", "pob": 5318.0 }, "geometry": { "type": "Point", "coordinates": [ -88.271182999698624, 21.296860999951388 ] } },
{ "type": "Feature", "properties": { "ent": "31", "entidad": "Yucatán", "mun": "31057", "municipio": "Panabá", "loc": "310570002", "localidad": "Loché", "pob": 1492.0 }, "geometry": { "type": "Point", "coordinates": [ -88.146280999740455, 21.388765000425657 ] } },
{ "type": "Feature", "properties": { "ent": "31", "entidad": "Yucatán", "mun": "31057", "municipio": "Panabá", "loc": "310570005", "localidad": "San Juan del Río", "pob": 64.0 }, "geometry": { "type": "Point", "coordinates": [ -88.156788000158826, 21.446606999835009 ] } },
{ "type": "Feature", "properties": { "ent": "31", "entidad": "Yucatán", "mun": "31057", "municipio": "Panabá", "loc": "310570006", "localidad": "Cenote Yalsihón Buena Fe", "pob": 536.0 }, "geometry": { "type": "Point", "coordinates": [ -88.504171999974574, 21.40775000005447 ] } },
{ "type": "Feature", "properties": { "ent": "31", "entidad": "Yucatán", "mun": "31057", "municipio": "Panabá", "loc": "310570158", "localidad": "San Francisco", "pob": 204.0 }, "geometry": { "type": "Point", "coordinates": [ -88.329826999558122, 21.391497999857968 ] } },
{ "type": "Feature", "properties": { "ent": "31", "entidad": "Yucatán", "mun": "31058", "municipio": "Peto", "loc": "310580001", "localidad": "Peto", "pob": 21456.0 }, "geometry": { "type": "Point", "coordinates": [ -88.923984999852067, 20.125917999649268 ] } },
{ "type": "Feature", "properties": { "ent": "31", "entidad": "Yucatán", "mun": "31058", "municipio": "Peto", "loc": "310580003", "localidad": "Chan Calotmul", "pob": 72.0 }, "geometry": { "type": "Point", "coordinates": [ -88.698242999711965, 20.122118999785762 ] } },
{ "type": "Feature", "properties": { "ent": "31", "entidad": "Yucatán", "mun": "31058", "municipio": "Peto", "loc": "310580007", "localidad": "Dzonotchel", "pob": 170.0 }, "geometry": { "type": "Point", "coordinates": [ -88.761566999909988, 20.109701999780921 ] } },
{ "type": "Feature", "properties": { "ent": "31", "entidad": "Yucatán", "mun": "31058", "municipio": "Peto", "loc": "310580013", "localidad": "Mac-May", "pob": 12.0 }, "geometry": { "type": "Point", "coordinates": [ -88.955482999692819, 19.996842000220735 ] } },
{ "type": "Feature", "properties": { "ent": "31", "entidad": "Yucatán", "mun": "31058", "municipio": "Peto", "loc": "310580014", "localidad": "Papacal", "pob": 461.0 }, "geometry": { "type": "Point", "coordinates": [ -88.816318000186286, 20.153928999872463 ] } },
{ "type": "Feature", "properties": { "ent": "31", "entidad": "Yucatán", "mun": "31058", "municipio": "Peto", "loc": "310580016", "localidad": "Petulillo", "pob": 113.0 }, "geometry": { "type": "Point", "coordinates": [ -88.702587999881686, 20.050514999932311 ] } },
{ "type": "Feature", "properties": { "ent": "31", "entidad": "Yucatán", "mun": "31058", "municipio": "Peto", "loc": "310580018", "localidad": "Progresito", "pob": 308.0 }, "geometry": { "type": "Point", "coordinates": [ -88.849499999892416, 20.091632999661552 ] } },
{ "type": "Feature", "properties": { "ent": "31", "entidad": "Yucatán", "mun": "31058", "municipio": "Peto", "loc": "310580023", "localidad": "San Dionisio", "pob": 241.0 }, "geometry": { "type": "Point", "coordinates": [ -88.77186800005515, 20.049970000100092 ] } },
{ "type": "Feature", "properties": { "ent": "31", "entidad": "Yucatán", "mun": "31058", "municipio": "Peto", "loc": "310580029", "localidad": "San Mateo", "pob": 20.0 }, "geometry": { "type": "Point", "coordinates": [ -88.717009000327508, 20.114686999594518 ] } },
{ "type": "Feature", "properties": { "ent": "31", "entidad": "Yucatán", "mun": "31058", "municipio": "Peto", "loc": "310580031", "localidad": "San Sebastián", "pob": 41.0 }, "geometry": { "type": "Point", "coordinates": [ -88.901041000145511, 19.990018999918416 ] } },
{ "type": "Feature", "properties": { "ent": "31", "entidad": "Yucatán", "mun": "31058", "municipio": "Peto", "loc": "310580037", "localidad": "Temozón", "pob": 282.0 }, "geometry": { "type": "Point", "coordinates": [ -88.928295000385646, 20.069998000346757 ] } },
{ "type": "Feature", "properties": { "ent": "31", "entidad": "Yucatán", "mun": "31058", "municipio": "Peto", "loc": "310580040", "localidad": "Tixhualatún", "pob": 428.0 }, "geometry": { "type": "Point", "coordinates": [ -88.885910000171108, 20.178816999636272 ] } },
{ "type": "Feature", "properties": { "ent": "31", "entidad": "Yucatán", "mun": "31058", "municipio": "Peto", "loc": "310580041", "localidad": "Tobxilá", "pob": 39.0 }, "geometry": { "type": "Point", "coordinates": [ -88.91734800005932, 19.855123999821572 ] } },
{ "type": "Feature", "properties": { "ent": "31", "entidad": "Yucatán", "mun": "31058", "municipio": "Peto", "loc": "310580047", "localidad": "Kambul", "pob": 219.0 }, "geometry": { "type": "Point", "coordinates": [ -88.886550000364934, 19.985191000202732 ] } },
{ "type": "Feature", "properties": { "ent": "31", "entidad": "Yucatán", "mun": "31058", "municipio": "Peto", "loc": "310580048", "localidad": "Xoy", "pob": 719.0 }, "geometry": { "type": "Point", "coordinates": [ -88.971530999897894, 20.123516000062512 ] } },
{ "type": "Feature", "properties": { "ent": "31", "entidad": "Yucatán", "mun": "31058", "municipio": "Peto", "loc": "310580049", "localidad": "X-Pechil", "pob": 101.0 }, "geometry": { "type": "Point", "coordinates": [ -88.87990799958304, 20.026927000369295 ] } },
{ "type": "Feature", "properties": { "ent": "31", "entidad": "Yucatán", "mun": "31058", "municipio": "Peto", "loc": "310580051", "localidad": "Yaxcopil", "pob": 586.0 }, "geometry": { "type": "Point", "coordinates": [ -88.908355000085194, 20.066937000263856 ] } },
{ "type": "Feature", "properties": { "ent": "31", "entidad": "Yucatán", "mun": "31058", "municipio": "Peto", "loc": "310580055", "localidad": "La Esperanza", "pob": 78.0 }, "geometry": { "type": "Point", "coordinates": [ -88.789552999965181, 20.017320000126173 ] } },
{ "type": "Feature", "properties": { "ent": "31", "entidad": "Yucatán", "mun": "31058", "municipio": "Peto", "loc": "310580060", "localidad": "Justicia Social", "pob": 249.0 }, "geometry": { "type": "Point", "coordinates": [ -88.859442000134791, 19.931102999967692 ] } },
{ "type": "Feature", "properties": { "ent": "31", "entidad": "Yucatán", "mun": "31058", "municipio": "Peto", "loc": "310580068", "localidad": "San Bernabé", "pob": 11.0 }, "geometry": { "type": "Point", "coordinates": [ -88.76928599982827, 20.183489000229841 ] } },
{ "type": "Feature", "properties": { "ent": "31", "entidad": "Yucatán", "mun": "31058", "municipio": "Peto", "loc": "310580080", "localidad": "San Francisco de Asís", "pob": 138.0 }, "geometry": { "type": "Point", "coordinates": [ -88.658519000292372, 20.141618000088904 ] } },
{ "type": "Feature", "properties": { "ent": "31", "entidad": "Yucatán", "mun": "31058", "municipio": "Peto", "loc": "310580218", "localidad": "San Sebastián Yaxché", "pob": 113.0 }, "geometry": { "type": "Point", "coordinates": [ -88.919531000404305, 19.967893999969501 ] } },
{ "type": "Feature", "properties": { "ent": "31", "entidad": "Yucatán", "mun": "31059", "municipio": "Progreso", "loc": "310590001", "localidad": "Progreso", "pob": 41965.0 }, "geometry": { "type": "Point", "coordinates": [ -89.663595000139793, 21.282577000289738 ] } },
{ "type": "Feature", "properties": { "ent": "31", "entidad": "Yucatán", "mun": "31059", "municipio": "Progreso", "loc": "310590003", "localidad": "Chelem", "pob": 4862.0 }, "geometry": { "type": "Point", "coordinates": [ -89.742951000333377, 21.268736000062074 ] } },
{ "type": "Feature", "properties": { "ent": "31", "entidad": "Yucatán", "mun": "31059", "municipio": "Progreso", "loc": "310590004", "localidad": "Chicxulub (Chicxulub Puerto)", "pob": 7591.0 }, "geometry": { "type": "Point", "coordinates": [ -89.607169000331112, 21.294429000319813 ] } },
{ "type": "Feature", "properties": { "ent": "31", "entidad": "Yucatán", "mun": "31059", "municipio": "Progreso", "loc": "310590005", "localidad": "Chuburná", "pob": 2874.0 }, "geometry": { "type": "Point", "coordinates": [ -89.816213000373281, 21.251853000422361 ] } },
{ "type": "Feature", "properties": { "ent": "31", "entidad": "Yucatán", "mun": "31059", "municipio": "Progreso", "loc": "310590009", "localidad": "San Ignacio", "pob": 887.0 }, "geometry": { "type": "Point", "coordinates": [ -89.654227999751782, 21.160261999587082 ] } },
{ "type": "Feature", "properties": { "ent": "31", "entidad": "Yucatán", "mun": "31059", "municipio": "Progreso", "loc": "310590026", "localidad": "Campestre Flamboyanes", "pob": 7361.0 }, "geometry": { "type": "Point", "coordinates": [ -89.661532999710971, 21.210009999561183 ] } },
{ "type": "Feature", "properties": { "ent": "31", "entidad": "Yucatán", "mun": "31059", "municipio": "Progreso", "loc": "310590076", "localidad": "Montesino", "pob": 11.0 }, "geometry": { "type": "Point", "coordinates": [ -89.651408999870014, 21.184660999595444 ] } },
{ "type": "Feature", "properties": { "ent": "31", "entidad": "Yucatán", "mun": "31059", "municipio": "Progreso", "loc": "310590078", "localidad": "El Paraíso", "pob": 439.0 }, "geometry": { "type": "Point", "coordinates": [ -89.651646999678661, 21.194326000131287 ] } },
{ "type": "Feature", "properties": { "ent": "31", "entidad": "Yucatán", "mun": "31060", "municipio": "Quintana Roo", "loc": "310600001", "localidad": "Quintana Roo", "pob": 975.0 }, "geometry": { "type": "Point", "coordinates": [ -88.631751000274079, 20.867186999704575 ] } },
{ "type": "Feature", "properties": { "ent": "31", "entidad": "Yucatán", "mun": "31061", "municipio": "Río Lagartos", "loc": "310610001", "localidad": "Río Lagartos", "pob": 2493.0 }, "geometry": { "type": "Point", "coordinates": [ -88.157978000016698, 21.597751000436592 ] } },
{ "type": "Feature", "properties": { "ent": "31", "entidad": "Yucatán", "mun": "31061", "municipio": "Río Lagartos", "loc": "310610002", "localidad": "Las Coloradas", "pob": 1399.0 }, "geometry": { "type": "Point", "coordinates": [ -87.990606999484271, 21.60872500026829 ] } },
{ "type": "Feature", "properties": { "ent": "31", "entidad": "Yucatán", "mun": "31061", "municipio": "Río Lagartos", "loc": "310610136", "localidad": "San José", "pob": 14.0 }, "geometry": { "type": "Point", "coordinates": [ -88.189988999578546, 21.466771999596961 ] } },
{ "type": "Feature", "properties": { "ent": "31", "entidad": "Yucatán", "mun": "31062", "municipio": "Sacalum", "loc": "310620001", "localidad": "Sacalum", "pob": 3999.0 }, "geometry": { "type": "Point", "coordinates": [ -89.591165000184844, 20.495828999587925 ] } },
{ "type": "Feature", "properties": { "ent": "31", "entidad": "Yucatán", "mun": "31062", "municipio": "Sacalum", "loc": "310620002", "localidad": "San Antonio Sodzil", "pob": 462.0 }, "geometry": { "type": "Point", "coordinates": [ -89.606517999910452, 20.539711999865901 ] } },
{ "type": "Feature", "properties": { "ent": "31", "entidad": "Yucatán", "mun": "31062", "municipio": "Sacalum", "loc": "310620006", "localidad": "Yunkú", "pob": 159.0 }, "geometry": { "type": "Point", "coordinates": [ -89.603275999602999, 20.578286999725272 ] } },
{ "type": "Feature", "properties": { "ent": "31", "entidad": "Yucatán", "mun": "31062", "municipio": "Sacalum", "loc": "310620007", "localidad": "Plan Chac", "pob": 330.0 }, "geometry": { "type": "Point", "coordinates": [ -89.624616000013418, 20.452426000264758 ] } },
{ "type": "Feature", "properties": { "ent": "31", "entidad": "Yucatán", "mun": "31063", "municipio": "Samahil", "loc": "310630001", "localidad": "Samahil", "pob": 3352.0 }, "geometry": { "type": "Point", "coordinates": [ -89.888815999794005, 20.883416999735545 ] } },
{ "type": "Feature", "properties": { "ent": "31", "entidad": "Yucatán", "mun": "31063", "municipio": "Samahil", "loc": "310630003", "localidad": "Kuchel", "pob": 977.0 }, "geometry": { "type": "Point", "coordinates": [ -89.898247999703472, 20.848862999971121 ] } },
{ "type": "Feature", "properties": { "ent": "31", "entidad": "Yucatán", "mun": "31063", "municipio": "Samahil", "loc": "310630004", "localidad": "San Antonio Tedzidz", "pob": 1284.0 }, "geometry": { "type": "Point", "coordinates": [ -89.976064000005636, 20.833826000045882 ] } },
{ "type": "Feature", "properties": { "ent": "31", "entidad": "Yucatán", "mun": "31064", "municipio": "Sanahcat", "loc": "310640001", "localidad": "Sanahcat", "pob": 1701.0 }, "geometry": { "type": "Point", "coordinates": [ -89.214760999915185, 20.771261999882661 ] } },
{ "type": "Feature", "properties": { "ent": "31", "entidad": "Yucatán", "mun": "31065", "municipio": "San Felipe", "loc": "310650001", "localidad": "San Felipe", "pob": 2069.0 }, "geometry": { "type": "Point", "coordinates": [ -88.232062999772836, 21.567598999640996 ] } },
{ "type": "Feature", "properties": { "ent": "31", "entidad": "Yucatán", "mun": "31066", "municipio": "Santa Elena", "loc": "310660001", "localidad": "Santa Elena", "pob": 3767.0 }, "geometry": { "type": "Point", "coordinates": [ -89.643258999840555, 20.328897000390498 ] } },
{ "type": "Feature", "properties": { "ent": "31", "entidad": "Yucatán", "mun": "31066", "municipio": "Santa Elena", "loc": "310660005", "localidad": "San Simón", "pob": 423.0 }, "geometry": { "type": "Point", "coordinates": [ -89.809558999855938, 20.217137000180429 ] } },
{ "type": "Feature", "properties": { "ent": "31", "entidad": "Yucatán", "mun": "31067", "municipio": "Seyé", "loc": "310670001", "localidad": "Seyé", "pob": 9141.0 }, "geometry": { "type": "Point", "coordinates": [ -89.372252999645212, 20.836987000169213 ] } },
{ "type": "Feature", "properties": { "ent": "31", "entidad": "Yucatán", "mun": "31067", "municipio": "Seyé", "loc": "310670003", "localidad": "San Bernardino", "pob": 230.0 }, "geometry": { "type": "Point", "coordinates": [ -89.399236999575123, 20.894361000055689 ] } },
{ "type": "Feature", "properties": { "ent": "31", "entidad": "Yucatán", "mun": "31067", "municipio": "Seyé", "loc": "310670007", "localidad": "Xukú", "pob": 11.0 }, "geometry": { "type": "Point", "coordinates": [ -89.311385000254162, 20.803093000261537 ] } },
{ "type": "Feature", "properties": { "ent": "31", "entidad": "Yucatán", "mun": "31067", "municipio": "Seyé", "loc": "310670026", "localidad": "Bolonixán", "pob": 41.0 }, "geometry": { "type": "Point", "coordinates": [ -89.410769000148846, 20.896831999838621 ] } },
{ "type": "Feature", "properties": { "ent": "31", "entidad": "Yucatán", "mun": "31067", "municipio": "Seyé", "loc": "310670046", "localidad": "Holactún", "pob": 608.0 }, "geometry": { "type": "Point", "coordinates": [ -89.329139999867536, 20.876382000160014 ] } },
{ "type": "Feature", "properties": { "ent": "31", "entidad": "Yucatán", "mun": "31068", "municipio": "Sinanché", "loc": "310680001", "localidad": "Sinanché", "pob": 2586.0 }, "geometry": { "type": "Point", "coordinates": [ -89.185783000171796, 21.225594999610855 ] } },
{ "type": "Feature", "properties": { "ent": "31", "entidad": "Yucatán", "mun": "31068", "municipio": "Sinanché", "loc": "310680003", "localidad": "San Crisanto", "pob": 605.0 }, "geometry": { "type": "Point", "coordinates": [ -89.171809000076635, 21.353281000264452 ] } },
{ "type": "Feature", "properties": { "ent": "31", "entidad": "Yucatán", "mun": "31069", "municipio": "Sotuta", "loc": "310690001", "localidad": "Sotuta", "pob": 5758.0 }, "geometry": { "type": "Point", "coordinates": [ -89.006706000346952, 20.595017999924359 ] } },
{ "type": "Feature", "properties": { "ent": "31", "entidad": "Yucatán", "mun": "31069", "municipio": "Sotuta", "loc": "310690003", "localidad": "Tabí", "pob": 794.0 }, "geometry": { "type": "Point", "coordinates": [ -88.899167000087118, 20.598611000245878 ] } },
{ "type": "Feature", "properties": { "ent": "31", "entidad": "Yucatán", "mun": "31069", "municipio": "Sotuta", "loc": "310690004", "localidad": "Tibolón", "pob": 1847.0 }, "geometry": { "type": "Point", "coordinates": [ -88.939691000125876, 20.666504999958448 ] } },
{ "type": "Feature", "properties": { "ent": "31", "entidad": "Yucatán", "mun": "31069", "municipio": "Sotuta", "loc": "310690005", "localidad": "Zavala", "pob": 548.0 }, "geometry": { "type": "Point", "coordinates": [ -89.113681999833716, 20.608896999901432 ] } },
{ "type": "Feature", "properties": { "ent": "31", "entidad": "Yucatán", "mun": "31070", "municipio": "Sucilá", "loc": "310700001", "localidad": "Sucilá", "pob": 3855.0 }, "geometry": { "type": "Point", "coordinates": [ -88.313937999985157, 21.156165999854156 ] } },
{ "type": "Feature", "properties": { "ent": "31", "entidad": "Yucatán", "mun": "31071", "municipio": "Sudzal", "loc": "310710001", "localidad": "Sudzal", "pob": 1444.0 }, "geometry": { "type": "Point", "coordinates": [ -88.988791999883333, 20.872095999792883 ] } },
{ "type": "Feature", "properties": { "ent": "31", "entidad": "Yucatán", "mun": "31071", "municipio": "Sudzal", "loc": "310710003", "localidad": "Chumbec", "pob": 303.0 }, "geometry": { "type": "Point", "coordinates": [ -88.816706000103679, 20.800772000421887 ] } },
{ "type": "Feature", "properties": { "ent": "31", "entidad": "Yucatán", "mun": "31071", "municipio": "Sudzal", "loc": "310710006", "localidad": "Kancabchén de Valencia", "pob": 39.0 }, "geometry": { "type": "Point", "coordinates": [ -88.850850999927886, 20.724681000299896 ] } },
{ "type": "Feature", "properties": { "ent": "31", "entidad": "Yucatán", "mun": "31071", "municipio": "Sudzal", "loc": "310710078", "localidad": "Nuevo Tzalam", "pob": 122.0 }, "geometry": { "type": "Point", "coordinates": [ -88.877812000446511, 20.822117000244557 ] } },
{ "type": "Feature", "properties": { "ent": "31", "entidad": "Yucatán", "mun": "31071", "municipio": "Sudzal", "loc": "310710100", "localidad": "San Bernardino", "pob": 20.0 }, "geometry": { "type": "Point", "coordinates": [ -88.871963999692795, 20.82242800005266 ] } },
{ "type": "Feature", "properties": { "ent": "31", "entidad": "Yucatán", "mun": "31072", "municipio": "Suma", "loc": "310720001", "localidad": "Suma", "pob": 1847.0 }, "geometry": { "type": "Point", "coordinates": [ -89.148278999729342, 21.086491000145529 ] } },
{ "type": "Feature", "properties": { "ent": "31", "entidad": "Yucatán", "mun": "31073", "municipio": "Tahdziú", "loc": "310730001", "localidad": "Tahdziú", "pob": 4963.0 }, "geometry": { "type": "Point", "coordinates": [ -88.94490399974481, 20.20382099979723 ] } },
{ "type": "Feature", "properties": { "ent": "31", "entidad": "Yucatán", "mun": "31073", "municipio": "Tahdziú", "loc": "310730009", "localidad": "Mocté", "pob": 26.0 }, "geometry": { "type": "Point", "coordinates": [ -88.876456000266145, 20.213561000449442 ] } },
{ "type": "Feature", "properties": { "ent": "31", "entidad": "Yucatán", "mun": "31073", "municipio": "Tahdziú", "loc": "310730025", "localidad": "San Lorenzo", "pob": 31.0 }, "geometry": { "type": "Point", "coordinates": [ -88.948228000028152, 20.245810000073906 ] } },
{ "type": "Feature", "properties": { "ent": "31", "entidad": "Yucatán", "mun": "31073", "municipio": "Tahdziú", "loc": "310730027", "localidad": "San Miguel", "pob": 36.0 }, "geometry": { "type": "Point", "coordinates": [ -88.827249999692441, 20.221810999810295 ] } },
{ "type": "Feature", "properties": { "ent": "31", "entidad": "Yucatán", "mun": "31073", "municipio": "Tahdziú", "loc": "310730076", "localidad": "Timul", "pob": 746.0 }, "geometry": { "type": "Point", "coordinates": [ -88.935975999841233, 20.311827000059001 ] } },
{ "type": "Feature", "properties": { "ent": "31", "entidad": "Yucatán", "mun": "31073", "municipio": "Tahdziú", "loc": "310730083", "localidad": "San Isidro Uno", "pob": 23.0 }, "geometry": { "type": "Point", "coordinates": [ -88.980957999977363, 20.20488899958125 ] } },
{ "type": "Feature", "properties": { "ent": "31", "entidad": "Yucatán", "mun": "31073", "municipio": "Tahdziú", "loc": "310730100", "localidad": "San Pablo", "pob": 13.0 }, "geometry": { "type": "Point", "coordinates": [ -88.920170999700815, 20.219283999952751 ] } },
{ "type": "Feature", "properties": { "ent": "31", "entidad": "Yucatán", "mun": "31073", "municipio": "Tahdziú", "loc": "310730103", "localidad": "San Cristóbal", "pob": 10.0 }, "geometry": { "type": "Point", "coordinates": [ -88.966852999994629, 20.313724000375693 ] } },
{ "type": "Feature", "properties": { "ent": "31", "entidad": "Yucatán", "mun": "31074", "municipio": "Tahmek", "loc": "310740001", "localidad": "Tahmek", "pob": 3654.0 }, "geometry": { "type": "Point", "coordinates": [ -89.25579499953669, 20.875534999819152 ] } },
{ "type": "Feature", "properties": { "ent": "31", "entidad": "Yucatán", "mun": "31074", "municipio": "Tahmek", "loc": "310740005", "localidad": "Xtabay", "pob": 116.0 }, "geometry": { "type": "Point", "coordinates": [ -89.259148999540741, 20.855653000025626 ] } },
{ "type": "Feature", "properties": { "ent": "31", "entidad": "Yucatán", "mun": "31075", "municipio": "Teabo", "loc": "310750001", "localidad": "Teabo", "pob": 6890.0 }, "geometry": { "type": "Point", "coordinates": [ -89.284919000308747, 20.400411000371211 ] } },
{ "type": "Feature", "properties": { "ent": "31", "entidad": "Yucatán", "mun": "31075", "municipio": "Teabo", "loc": "310750119", "localidad": "San Refugio Kulché", "pob": 15.0 }, "geometry": { "type": "Point", "coordinates": [ -89.157121999860806, 20.369572999689865 ] } },
{ "type": "Feature", "properties": { "ent": "31", "entidad": "Yucatán", "mun": "31075", "municipio": "Teabo", "loc": "310750137", "localidad": "San Diego Número 4", "pob": 14.0 }, "geometry": { "type": "Point", "coordinates": [ -89.280670000279869, 20.409515000280837 ] } },
{ "type": "Feature", "properties": { "ent": "31", "entidad": "Yucatán", "mun": "31076", "municipio": "Tecoh", "loc": "310760001", "localidad": "Tecoh", "pob": 10017.0 }, "geometry": { "type": "Point", "coordinates": [ -89.474302000034427, 20.741725999831541 ] } },
{ "type": "Feature", "properties": { "ent": "31", "entidad": "Yucatán", "mun": "31076", "municipio": "Tecoh", "loc": "310760002", "localidad": "Chinkilá", "pob": 368.0 }, "geometry": { "type": "Point", "coordinates": [ -89.392036000256226, 20.695248999603791 ] } },
{ "type": "Feature", "properties": { "ent": "31", "entidad": "Yucatán", "mun": "31076", "municipio": "Tecoh", "loc": "310760003", "localidad": "Itzincab", "pob": 480.0 }, "geometry": { "type": "Point", "coordinates": [ -89.56188099978506, 20.753114000057206 ] } },
{ "type": "Feature", "properties": { "ent": "31", "entidad": "Yucatán", "mun": "31076", "municipio": "Tecoh", "loc": "310760005", "localidad": "Lepán", "pob": 1376.0 }, "geometry": { "type": "Point", "coordinates": [ -89.498188000377098, 20.712621999706577 ] } },
{ "type": "Feature", "properties": { "ent": "31", "entidad": "Yucatán", "mun": "31076", "municipio": "Tecoh", "loc": "310760006", "localidad": "Mahzucil", "pob": 404.0 }, "geometry": { "type": "Point", "coordinates": [ -89.461906000416633, 20.553266999660565 ] } },
{ "type": "Feature", "properties": { "ent": "31", "entidad": "Yucatán", "mun": "31076", "municipio": "Tecoh", "loc": "310760007", "localidad": "Oxtapacab", "pob": 360.0 }, "geometry": { "type": "Point", "coordinates": [ -89.504370999990016, 20.771552000403094 ] } },
{ "type": "Feature", "properties": { "ent": "31", "entidad": "Yucatán", "mun": "31076", "municipio": "Tecoh", "loc": "310760008", "localidad": "Pixyá", "pob": 1116.0 }, "geometry": { "type": "Point", "coordinates": [ -89.414753999862555, 20.642253000181913 ] } },
{ "type": "Feature", "properties": { "ent": "31", "entidad": "Yucatán", "mun": "31076", "municipio": "Tecoh", "loc": "310760009", "localidad": "Sabacché", "pob": 185.0 }, "geometry": { "type": "Point", "coordinates": [ -89.370575999537493, 20.659762000211991 ] } },
{ "type": "Feature", "properties": { "ent": "31", "entidad": "Yucatán", "mun": "31076", "municipio": "Tecoh", "loc": "310760011", "localidad": "Sotuta de Peón", "pob": 322.0 }, "geometry": { "type": "Point", "coordinates": [ -89.576619999923977, 20.741979999900536 ] } },
{ "type": "Feature", "properties": { "ent": "31", "entidad": "Yucatán", "mun": "31076", "municipio": "Tecoh", "loc": "310760012", "localidad": "Telchaquillo", "pob": 1483.0 }, "geometry": { "type": "Point", "coordinates": [ -89.463574000285931, 20.646214999657428 ] } },
{ "type": "Feature", "properties": { "ent": "31", "entidad": "Yucatán", "mun": "31076", "municipio": "Tecoh", "loc": "310760013", "localidad": "X-Kanchakán", "pob": 1786.0 }, "geometry": { "type": "Point", "coordinates": [ -89.501362000349829, 20.625268999760706 ] } },
{ "type": "Feature", "properties": { "ent": "31", "entidad": "Yucatán", "mun": "31077", "municipio": "Tekal de Venegas", "loc": "310770001", "localidad": "Tekal de Venegas", "pob": 2645.0 }, "geometry": { "type": "Point", "coordinates": [ -88.947005000478327, 21.014071999774966 ] } },
{ "type": "Feature", "properties": { "ent": "31", "entidad": "Yucatán", "mun": "31077", "municipio": "Tekal de Venegas", "loc": "310770012", "localidad": "San Felipe", "pob": 38.0 }, "geometry": { "type": "Point", "coordinates": [ -88.831981000460729, 21.016168999916086 ] } },
{ "type": "Feature", "properties": { "ent": "31", "entidad": "Yucatán", "mun": "31078", "municipio": "Tekantó", "loc": "310780001", "localidad": "Tekantó", "pob": 3143.0 }, "geometry": { "type": "Point", "coordinates": [ -89.106083999669181, 21.011647000420453 ] } },
{ "type": "Feature", "properties": { "ent": "31", "entidad": "Yucatán", "mun": "31078", "municipio": "Tekantó", "loc": "310780003", "localidad": "San Francisco Dzón", "pob": 197.0 }, "geometry": { "type": "Point", "coordinates": [ -89.144465999910906, 20.983138999853249 ] } },
{ "type": "Feature", "properties": { "ent": "31", "entidad": "Yucatán", "mun": "31078", "municipio": "Tekantó", "loc": "310780004", "localidad": "Sanlatah", "pob": 46.0 }, "geometry": { "type": "Point", "coordinates": [ -89.146529999979592, 21.041200999595731 ] } },
{ "type": "Feature", "properties": { "ent": "31", "entidad": "Yucatán", "mun": "31078", "municipio": "Tekantó", "loc": "310780005", "localidad": "Tixkochoh", "pob": 359.0 }, "geometry": { "type": "Point", "coordinates": [ -89.080686999916239, 21.013888999586026 ] } },
{ "type": "Feature", "properties": { "ent": "31", "entidad": "Yucatán", "mun": "31079", "municipio": "Tekax", "loc": "310790001", "localidad": "Tekax de Álvaro Obregón", "pob": 28461.0 }, "geometry": { "type": "Point", "coordinates": [ -89.288387999507165, 20.20346500027884 ] } },
{ "type": "Feature", "properties": { "ent": "31", "entidad": "Yucatán", "mun": "31079", "municipio": "Tekax", "loc": "310790002", "localidad": "Becanchén", "pob": 1953.0 }, "geometry": { "type": "Point", "coordinates": [ -89.217105000126395, 19.875559000236887 ] } },
{ "type": "Feature", "properties": { "ent": "31", "entidad": "Yucatán", "mun": "31079", "municipio": "Tekax", "loc": "310790003", "localidad": "Candelaria", "pob": 24.0 }, "geometry": { "type": "Point", "coordinates": [ -89.328548000298312, 20.174028000106517 ] } },
{ "type": "Feature", "properties": { "ent": "31", "entidad": "Yucatán", "mun": "31079", "municipio": "Tekax", "loc": "310790004", "localidad": "Canek", "pob": 378.0 }, "geometry": { "type": "Point", "coordinates": [ -89.329444000384726, 20.200336999857395 ] } },
{ "type": "Feature", "properties": { "ent": "31", "entidad": "Yucatán", "mun": "31079", "municipio": "Tekax", "loc": "310790005", "localidad": "Manuel Cepeda Peraza", "pob": 605.0 }, "geometry": { "type": "Point", "coordinates": [ -89.251507000349477, 20.152254999671534 ] } },
{ "type": "Feature", "properties": { "ent": "31", "entidad": "Yucatán", "mun": "31079", "municipio": "Tekax", "loc": "310790006", "localidad": "Chacmultún", "pob": 76.0 }, "geometry": { "type": "Point", "coordinates": [ -89.343930000228823, 20.176291000243122 ] } },
{ "type": "Feature", "properties": { "ent": "31", "entidad": "Yucatán", "mun": "31079", "municipio": "Tekax", "loc": "310790009", "localidad": "Alfonso Caso", "pob": 370.0 }, "geometry": { "type": "Point", "coordinates": [ -89.147966999770105, 20.077311000074445 ] } },
{ "type": "Feature", "properties": { "ent": "31", "entidad": "Yucatán", "mun": "31079", "municipio": "Tekax", "loc": "310790010", "localidad": "Kancab", "pob": 3327.0 }, "geometry": { "type": "Point", "coordinates": [ -89.34578899965129, 20.195785999952673 ] } },
{ "type": "Feature", "properties": { "ent": "31", "entidad": "Yucatán", "mun": "31079", "municipio": "Tekax", "loc": "310790011", "localidad": "Kinil", "pob": 1264.0 }, "geometry": { "type": "Point", "coordinates": [ -89.133481000073914, 20.323869999851016 ] } },
{ "type": "Feature", "properties": { "ent": "31", "entidad": "Yucatán", "mun": "31079", "municipio": "Tekax", "loc": "310790012", "localidad": "Nohalal", "pob": 24.0 }, "geometry": { "type": "Point", "coordinates": [ -89.332401999888617, 19.792641999649124 ] } },
{ "type": "Feature", "properties": { "ent": "31", "entidad": "Yucatán", "mun": "31079", "municipio": "Tekax", "loc": "310790015", "localidad": "Pencuyut", "pob": 1801.0 }, "geometry": { "type": "Point", "coordinates": [ -89.29050300034514, 20.292300999959693 ] } },
{ "type": "Feature", "properties": { "ent": "31", "entidad": "Yucatán", "mun": "31079", "municipio": "Tekax", "loc": "310790020", "localidad": "San Diego Buenavista", "pob": 106.0 }, "geometry": { "type": "Point", "coordinates": [ -89.296020000063606, 19.859398999753438 ] } },
{ "type": "Feature", "properties": { "ent": "31", "entidad": "Yucatán", "mun": "31079", "municipio": "Tekax", "loc": "310790021", "localidad": "San Diego Tekax", "pob": 15.0 }, "geometry": { "type": "Point", "coordinates": [ -89.234325999842355, 20.162335999980723 ] } },
{ "type": "Feature", "properties": { "ent": "31", "entidad": "Yucatán", "mun": "31079", "municipio": "Tekax", "loc": "310790024", "localidad": "San Felipe Segundo", "pob": 57.0 }, "geometry": { "type": "Point", "coordinates": [ -89.470222000472035, 19.812246999836372 ] } },
{ "type": "Feature", "properties": { "ent": "31", "entidad": "Yucatán", "mun": "31079", "municipio": "Tekax", "loc": "310790027", "localidad": "Mac-Yan (San Isidro Mac-Yan)", "pob": 79.0 }, "geometry": { "type": "Point", "coordinates": [ -89.418833000368622, 19.832419000463549 ] } },
{ "type": "Feature", "properties": { "ent": "31", "entidad": "Yucatán", "mun": "31079", "municipio": "Tekax", "loc": "310790031", "localidad": "Nueva Santa Cruz (Santa Cruz Cutzá)", "pob": 75.0 }, "geometry": { "type": "Point", "coordinates": [ -89.325650000382353, 19.837495999713823 ] } },
{ "type": "Feature", "properties": { "ent": "31", "entidad": "Yucatán", "mun": "31079", "municipio": "Tekax", "loc": "310790033", "localidad": "Ticum", "pob": 1073.0 }, "geometry": { "type": "Point", "coordinates": [ -89.216977999779189, 20.148968999975772 ] } },
{ "type": "Feature", "properties": { "ent": "31", "entidad": "Yucatán", "mun": "31079", "municipio": "Tekax", "loc": "310790034", "localidad": "Tixcuytún", "pob": 554.0 }, "geometry": { "type": "Point", "coordinates": [ -89.204430000188978, 20.209147999658473 ] } },
{ "type": "Feature", "properties": { "ent": "31", "entidad": "Yucatán", "mun": "31079", "municipio": "Tekax", "loc": "310790036", "localidad": "Xaya", "pob": 2176.0 }, "geometry": { "type": "Point", "coordinates": [ -89.187257999699682, 20.296308999630412 ] } },
{ "type": "Feature", "properties": { "ent": "31", "entidad": "Yucatán", "mun": "31079", "municipio": "Tekax", "loc": "310790039", "localidad": "San Pedro Xtokil", "pob": 28.0 }, "geometry": { "type": "Point", "coordinates": [ -89.436855000402559, 19.776803000378042 ] } },
{ "type": "Feature", "properties": { "ent": "31", "entidad": "Yucatán", "mun": "31079", "municipio": "Tekax", "loc": "310790044", "localidad": "San Martín Hili (Kichmó)", "pob": 74.0 }, "geometry": { "type": "Point", "coordinates": [ -89.524958999668215, 19.903888000290454 ] } },
{ "type": "Feature", "properties": { "ent": "31", "entidad": "Yucatán", "mun": "31079", "municipio": "Tekax", "loc": "310790046", "localidad": "San Juan Tekax", "pob": 141.0 }, "geometry": { "type": "Point", "coordinates": [ -89.441858999874029, 19.71502499972182 ] } },
{ "type": "Feature", "properties": { "ent": "31", "entidad": "Yucatán", "mun": "31079", "municipio": "Tekax", "loc": "310790048", "localidad": "Chan Dzinup", "pob": 247.0 }, "geometry": { "type": "Point", "coordinates": [ -89.481698999917853, 19.871974000254319 ] } },
{ "type": "Feature", "properties": { "ent": "31", "entidad": "Yucatán", "mun": "31079", "municipio": "Tekax", "loc": "310790051", "localidad": "Pocoboch", "pob": 93.0 }, "geometry": { "type": "Point", "coordinates": [ -89.308512999777349, 19.90262599980867 ] } },
{ "type": "Feature", "properties": { "ent": "31", "entidad": "Yucatán", "mun": "31079", "municipio": "Tekax", "loc": "310790058", "localidad": "Ayim Dos", "pob": 48.0 }, "geometry": { "type": "Point", "coordinates": [ -89.17188300046702, 19.779325999817384 ] } },
{ "type": "Feature", "properties": { "ent": "31", "entidad": "Yucatán", "mun": "31079", "municipio": "Tekax", "loc": "310790062", "localidad": "San Isidro Yaxché", "pob": 58.0 }, "geometry": { "type": "Point", "coordinates": [ -89.438684999826265, 19.876974000003678 ] } },
{ "type": "Feature", "properties": { "ent": "31", "entidad": "Yucatán", "mun": "31079", "municipio": "Tekax", "loc": "310790063", "localidad": "San Salvador", "pob": 33.0 }, "geometry": { "type": "Point", "coordinates": [ -89.428390000339363, 19.870737000293389 ] } },
{ "type": "Feature", "properties": { "ent": "31", "entidad": "Yucatán", "mun": "31079", "municipio": "Tekax", "loc": "310790085", "localidad": "Benito Juárez", "pob": 261.0 }, "geometry": { "type": "Point", "coordinates": [ -89.499373999838852, 19.917746999743812 ] } },
{ "type": "Feature", "properties": { "ent": "31", "entidad": "Yucatán", "mun": "31079", "municipio": "Tekax", "loc": "310790086", "localidad": "San Agustín (Salvador Alvarado)", "pob": 165.0 }, "geometry": { "type": "Point", "coordinates": [ -89.488382000129036, 19.979488000042668 ] } },
{ "type": "Feature", "properties": { "ent": "31", "entidad": "Yucatán", "mun": "31079", "municipio": "Tekax", "loc": "310790087", "localidad": "San Pedro Dzulá", "pob": 120.0 }, "geometry": { "type": "Point", "coordinates": [ -89.523764999933192, 19.916910999856501 ] } },
{ "type": "Feature", "properties": { "ent": "31", "entidad": "Yucatán", "mun": "31079", "municipio": "Tekax", "loc": "310790088", "localidad": "Yalcobá Nuevo", "pob": 61.0 }, "geometry": { "type": "Point", "coordinates": [ -89.57723799988473, 19.891145999949629 ] } },
{ "type": "Feature", "properties": { "ent": "31", "entidad": "Yucatán", "mun": "31079", "municipio": "Tekax", "loc": "310790105", "localidad": "Plan Chac Pozo Uno", "pob": 29.0 }, "geometry": { "type": "Point", "coordinates": [ -89.256199000198379, 20.198954000222081 ] } },
{ "type": "Feature", "properties": { "ent": "31", "entidad": "Yucatán", "mun": "31079", "municipio": "Tekax", "loc": "310790117", "localidad": "San Anastacio", "pob": 44.0 }, "geometry": { "type": "Point", "coordinates": [ -89.336290999934008, 20.179139000222538 ] } },
{ "type": "Feature", "properties": { "ent": "31", "entidad": "Yucatán", "mun": "31079", "municipio": "Tekax", "loc": "310790119", "localidad": "Houitz", "pob": 47.0 }, "geometry": { "type": "Point", "coordinates": [ -89.336849000093906, 20.163862999824225 ] } },
{ "type": "Feature", "properties": { "ent": "31", "entidad": "Yucatán", "mun": "31079", "municipio": "Tekax", "loc": "310790124", "localidad": "San Marcelino", "pob": 21.0 }, "geometry": { "type": "Point", "coordinates": [ -89.357346999855835, 20.181878000181257 ] } },
{ "type": "Feature", "properties": { "ent": "31", "entidad": "Yucatán", "mun": "31079", "municipio": "Tekax", "loc": "310790132", "localidad": "Sacpukenhá", "pob": 12.0 }, "geometry": { "type": "Point", "coordinates": [ -89.154044000259475, 19.893016000029995 ] } },
{ "type": "Feature", "properties": { "ent": "31", "entidad": "Yucatán", "mun": "31079", "municipio": "Tekax", "loc": "310790191", "localidad": "José López Portillo", "pob": 24.0 }, "geometry": { "type": "Point", "coordinates": [ -89.18769099957342, 19.934256999952861 ] } },
{ "type": "Feature", "properties": { "ent": "31", "entidad": "Yucatán", "mun": "31079", "municipio": "Tekax", "loc": "310790192", "localidad": "Kantemó", "pob": 499.0 }, "geometry": { "type": "Point", "coordinates": [ -89.308140000177929, 20.001079000425232 ] } },
{ "type": "Feature", "properties": { "ent": "31", "entidad": "Yucatán", "mun": "31079", "municipio": "Tekax", "loc": "310790207", "localidad": "Sudzal Chico", "pob": 159.0 }, "geometry": { "type": "Point", "coordinates": [ -89.103486999582685, 19.710216999749612 ] } },
{ "type": "Feature", "properties": { "ent": "31", "entidad": "Yucatán", "mun": "31079", "municipio": "Tekax", "loc": "310790232", "localidad": "San Marcos", "pob": 203.0 }, "geometry": { "type": "Point", "coordinates": [ -89.325218999852325, 20.196713000109764 ] } },
{ "type": "Feature", "properties": { "ent": "31", "entidad": "Yucatán", "mun": "31079", "municipio": "Tekax", "loc": "310790297", "localidad": "San Luis", "pob": 42.0 }, "geometry": { "type": "Point", "coordinates": [ -89.338183000456311, 20.180159000085208 ] } },
{ "type": "Feature", "properties": { "ent": "31", "entidad": "Yucatán", "mun": "31079", "municipio": "Tekax", "loc": "310790373", "localidad": "San Isidro Dos", "pob": 17.0 }, "geometry": { "type": "Point", "coordinates": [ -89.454809999992875, 19.874771999787512 ] } },
{ "type": "Feature", "properties": { "ent": "31", "entidad": "Yucatán", "mun": "31079", "municipio": "Tekax", "loc": "310790430", "localidad": "Tres Hermanitas", "pob": 12.0 }, "geometry": { "type": "Point", "coordinates": [ -89.42557200024568, 19.814404000429185 ] } },
{ "type": "Feature", "properties": { "ent": "31", "entidad": "Yucatán", "mun": "31079", "municipio": "Tekax", "loc": "310790439", "localidad": "Anexo Nohalal", "pob": 36.0 }, "geometry": { "type": "Point", "coordinates": [ -89.332049000095722, 19.8037260000076 ] } },
{ "type": "Feature", "properties": { "ent": "31", "entidad": "Yucatán", "mun": "31079", "municipio": "Tekax", "loc": "310790442", "localidad": "Cruz Nok Tunich", "pob": 13.0 }, "geometry": { "type": "Point", "coordinates": [ -89.281783999906736, 20.19107299982225 ] } },
{ "type": "Feature", "properties": { "ent": "31", "entidad": "Yucatán", "mun": "31079", "municipio": "Tekax", "loc": "310790444", "localidad": "La Flor de Nayarit", "pob": 12.0 }, "geometry": { "type": "Point", "coordinates": [ -89.212708999786841, 20.134184999566234 ] } },
{ "type": "Feature", "properties": { "ent": "31", "entidad": "Yucatán", "mun": "31079", "municipio": "Tekax", "loc": "310790476", "localidad": "San Antonio Tuk", "pob": 15.0 }, "geometry": { "type": "Point", "coordinates": [ -89.394299999580426, 20.145505000153015 ] } },
{ "type": "Feature", "properties": { "ent": "31", "entidad": "Yucatán", "mun": "31080", "municipio": "Tekit", "loc": "310800001", "localidad": "Tekit", "pob": 11015.0 }, "geometry": { "type": "Point", "coordinates": [ -89.333094999816041, 20.533492999926892 ] } },
{ "type": "Feature", "properties": { "ent": "31", "entidad": "Yucatán", "mun": "31081", "municipio": "Tekom", "loc": "310810001", "localidad": "Tekom", "pob": 2785.0 }, "geometry": { "type": "Point", "coordinates": [ -88.264438000367164, 20.602224999635116 ] } },
{ "type": "Feature", "properties": { "ent": "31", "entidad": "Yucatán", "mun": "31081", "municipio": "Tekom", "loc": "310810002", "localidad": "Chibilub", "pob": 244.0 }, "geometry": { "type": "Point", "coordinates": [ -88.393929999676203, 20.437099000022606 ] } },
{ "type": "Feature", "properties": { "ent": "31", "entidad": "Yucatán", "mun": "31081", "municipio": "Tekom", "loc": "310810011", "localidad": "X-Cocmil", "pob": 129.0 }, "geometry": { "type": "Point", "coordinates": [ -88.485730999573875, 20.34555100037328 ] } },
{ "type": "Feature", "properties": { "ent": "31", "entidad": "Yucatán", "mun": "31081", "municipio": "Tekom", "loc": "310810013", "localidad": "Pocbichén", "pob": 117.0 }, "geometry": { "type": "Point", "coordinates": [ -88.481818000164736, 20.462348999649674 ] } },
{ "type": "Feature", "properties": { "ent": "31", "entidad": "Yucatán", "mun": "31081", "municipio": "Tekom", "loc": "310810014", "localidad": "Xuxcáb", "pob": 54.0 }, "geometry": { "type": "Point", "coordinates": [ -88.45648299960547, 20.44724499966291 ] } },
{ "type": "Feature", "properties": { "ent": "31", "entidad": "Yucatán", "mun": "31082", "municipio": "Telchac Pueblo", "loc": "310820001", "localidad": "Telchac", "pob": 3496.0 }, "geometry": { "type": "Point", "coordinates": [ -89.271266999804553, 21.203349000264947 ] } },
{ "type": "Feature", "properties": { "ent": "31", "entidad": "Yucatán", "mun": "31083", "municipio": "Telchac Puerto", "loc": "310830001", "localidad": "Telchac Puerto", "pob": 1913.0 }, "geometry": { "type": "Point", "coordinates": [ -89.264225000058971, 21.343004000442786 ] } },
{ "type": "Feature", "properties": { "ent": "31", "entidad": "Yucatán", "mun": "31084", "municipio": "Temax", "loc": "310840001", "localidad": "Temax", "pob": 6472.0 }, "geometry": { "type": "Point", "coordinates": [ -88.938633999947243, 21.151841000279461 ] } },
{ "type": "Feature", "properties": { "ent": "31", "entidad": "Yucatán", "mun": "31084", "municipio": "Temax", "loc": "310840003", "localidad": "Chenché de las Torres", "pob": 253.0 }, "geometry": { "type": "Point", "coordinates": [ -88.981273999535446, 21.130212000137888 ] } },
{ "type": "Feature", "properties": { "ent": "31", "entidad": "Yucatán", "mun": "31084", "municipio": "Temax", "loc": "310840004", "localidad": "Chucmichén", "pob": 43.0 }, "geometry": { "type": "Point", "coordinates": [ -88.923813000209947, 21.229289000311347 ] } },
{ "type": "Feature", "properties": { "ent": "31", "entidad": "Yucatán", "mun": "31084", "municipio": "Temax", "loc": "310840005", "localidad": "San Antonio Cámara", "pob": 246.0 }, "geometry": { "type": "Point", "coordinates": [ -88.859668000216871, 21.180064000117259 ] } },
{ "type": "Feature", "properties": { "ent": "31", "entidad": "Yucatán", "mun": "31084", "municipio": "Temax", "loc": "310840035", "localidad": "Santiago", "pob": 11.0 }, "geometry": { "type": "Point", "coordinates": [ -88.929483999755547, 21.145300000236499 ] } },
{ "type": "Feature", "properties": { "ent": "31", "entidad": "Yucatán", "mun": "31085", "municipio": "Temozón", "loc": "310850001", "localidad": "Temozón", "pob": 7365.0 }, "geometry": { "type": "Point", "coordinates": [ -88.201157999666734, 20.803680000204515 ] } },
{ "type": "Feature", "properties": { "ent": "31", "entidad": "Yucatán", "mun": "31085", "municipio": "Temozón", "loc": "310850002", "localidad": "Actuncoh", "pob": 505.0 }, "geometry": { "type": "Point", "coordinates": [ -88.112577999981468, 20.916310999803478 ] } },
{ "type": "Feature", "properties": { "ent": "31", "entidad": "Yucatán", "mun": "31085", "municipio": "Temozón", "loc": "310850016", "localidad": "Dzalbay", "pob": 652.0 }, "geometry": { "type": "Point", "coordinates": [ -88.053158999654428, 20.834798000256043 ] } },
{ "type": "Feature", "properties": { "ent": "31", "entidad": "Yucatán", "mun": "31085", "municipio": "Temozón", "loc": "310850021", "localidad": "Hunukú", "pob": 3549.0 }, "geometry": { "type": "Point", "coordinates": [ -88.090576000333456, 20.851845000220329 ] } },
{ "type": "Feature", "properties": { "ent": "31", "entidad": "Yucatán", "mun": "31085", "municipio": "Temozón", "loc": "310850024", "localidad": "X-Kanchechén", "pob": 56.0 }, "geometry": { "type": "Point", "coordinates": [ -88.018621000072372, 20.884536999871312 ] } },
{ "type": "Feature", "properties": { "ent": "31", "entidad": "Yucatán", "mun": "31085", "municipio": "Temozón", "loc": "310850030", "localidad": "Nahbalam", "pob": 2344.0 }, "geometry": { "type": "Point", "coordinates": [ -88.00890200023666, 20.935401000116993 ] } },
{ "type": "Feature", "properties": { "ent": "31", "entidad": "Yucatán", "mun": "31085", "municipio": "Temozón", "loc": "310850057", "localidad": "Santa Rita", "pob": 531.0 }, "geometry": { "type": "Point", "coordinates": [ -88.145953000436407, 20.861293999785708 ] } },
{ "type": "Feature", "properties": { "ent": "31", "entidad": "Yucatán", "mun": "31085", "municipio": "Temozón", "loc": "310850094", "localidad": "X'Tut", "pob": 290.0 }, "geometry": { "type": "Point", "coordinates": [ -87.965481999699421, 20.867011999734409 ] } },
{ "type": "Feature", "properties": { "ent": "31", "entidad": "Yucatán", "mun": "31085", "municipio": "Temozón", "loc": "310850095", "localidad": "X-Uch", "pob": 326.0 }, "geometry": { "type": "Point", "coordinates": [ -88.135986000213009, 20.805330000390953 ] } },
{ "type": "Feature", "properties": { "ent": "31", "entidad": "Yucatán", "mun": "31085", "municipio": "Temozón", "loc": "310850118", "localidad": "San Basilio", "pob": 82.0 }, "geometry": { "type": "Point", "coordinates": [ -88.141221999847076, 20.80528799973748 ] } },
{ "type": "Feature", "properties": { "ent": "31", "entidad": "Yucatán", "mun": "31085", "municipio": "Temozón", "loc": "310850178", "localidad": "Ekbalam", "pob": 374.0 }, "geometry": { "type": "Point", "coordinates": [ -88.14576400001458, 20.892081999668648 ] } },
{ "type": "Feature", "properties": { "ent": "31", "entidad": "Yucatán", "mun": "31085", "municipio": "Temozón", "loc": "310850285", "localidad": "Yokdzonot Presentado", "pob": 498.0 }, "geometry": { "type": "Point", "coordinates": [ -87.858596000194439, 20.940794000316174 ] } },
{ "type": "Feature", "properties": { "ent": "31", "entidad": "Yucatán", "mun": "31085", "municipio": "Temozón", "loc": "310850407", "localidad": "Yal Xan", "pob": 13.0 }, "geometry": { "type": "Point", "coordinates": [ -88.141577000282865, 20.815177999811326 ] } },
{ "type": "Feature", "properties": { "ent": "31", "entidad": "Yucatán", "mun": "31086", "municipio": "Tepakán", "loc": "310860001", "localidad": "Tepakán", "pob": 1942.0 }, "geometry": { "type": "Point", "coordinates": [ -89.039447000055034, 21.04937700004697 ] } },
{ "type": "Feature", "properties": { "ent": "31", "entidad": "Yucatán", "mun": "31086", "municipio": "Tepakán", "loc": "310860002", "localidad": "Kantirix", "pob": 179.0 }, "geometry": { "type": "Point", "coordinates": [ -89.030791999660863, 21.031076000180995 ] } },
{ "type": "Feature", "properties": { "ent": "31", "entidad": "Yucatán", "mun": "31087", "municipio": "Tetiz", "loc": "310870001", "localidad": "Tetiz", "pob": 4550.0 }, "geometry": { "type": "Point", "coordinates": [ -89.933449000500985, 20.961911999706011 ] } },
{ "type": "Feature", "properties": { "ent": "31", "entidad": "Yucatán", "mun": "31087", "municipio": "Tetiz", "loc": "310870002", "localidad": "Nohuayún", "pob": 898.0 }, "geometry": { "type": "Point", "coordinates": [ -89.969039000180118, 20.974719000089873 ] } },
{ "type": "Feature", "properties": { "ent": "31", "entidad": "Yucatán", "mun": "31088", "municipio": "Teya", "loc": "310880001", "localidad": "Teya", "pob": 1917.0 }, "geometry": { "type": "Point", "coordinates": [ -89.073708999694659, 21.048537999602797 ] } },
{ "type": "Feature", "properties": { "ent": "31", "entidad": "Yucatán", "mun": "31089", "municipio": "Ticul", "loc": "310890001", "localidad": "Ticul", "pob": 35183.0 }, "geometry": { "type": "Point", "coordinates": [ -89.534446999720501, 20.398340000405415 ] } },
{ "type": "Feature", "properties": { "ent": "31", "entidad": "Yucatán", "mun": "31089", "municipio": "Ticul", "loc": "310890007", "localidad": "Pustunich", "pob": 2624.0 }, "geometry": { "type": "Point", "coordinates": [ -89.512318999870558, 20.368720999873556 ] } },
{ "type": "Feature", "properties": { "ent": "31", "entidad": "Yucatán", "mun": "31089", "municipio": "Ticul", "loc": "310890012", "localidad": "Ticul [Unidad del Valle]", "pob": 25.0 }, "geometry": { "type": "Point", "coordinates": [ -89.55412299994893, 20.387598000220049 ] } },
{ "type": "Feature", "properties": { "ent": "31", "entidad": "Yucatán", "mun": "31089", "municipio": "Ticul", "loc": "310890014", "localidad": "Yotholín", "pob": 2569.0 }, "geometry": { "type": "Point", "coordinates": [ -89.455397000060358, 20.327073000127474 ] } },
{ "type": "Feature", "properties": { "ent": "31", "entidad": "Yucatán", "mun": "31089", "municipio": "Ticul", "loc": "310890094", "localidad": "Plan Tabí Pozo Seis", "pob": 21.0 }, "geometry": { "type": "Point", "coordinates": [ -89.534065999942754, 20.268125999862345 ] } },
{ "type": "Feature", "properties": { "ent": "31", "entidad": "Yucatán", "mun": "31089", "municipio": "Ticul", "loc": "310890105", "localidad": "Plan Chac Pozo III", "pob": 16.0 }, "geometry": { "type": "Point", "coordinates": [ -89.538814000260501, 20.415007000003421 ] } },
{ "type": "Feature", "properties": { "ent": "31", "entidad": "Yucatán", "mun": "31089", "municipio": "Ticul", "loc": "310890132", "localidad": "Chaytania [SRI]", "pob": 15.0 }, "geometry": { "type": "Point", "coordinates": [ -89.516919000251505, 20.416517000407559 ] } },
{ "type": "Feature", "properties": { "ent": "31", "entidad": "Yucatán", "mun": "31090", "municipio": "Timucuy", "loc": "310900001", "localidad": "Timucuy", "pob": 4204.0 }, "geometry": { "type": "Point", "coordinates": [ -89.513504999823581, 20.810507999652959 ] } },
{ "type": "Feature", "properties": { "ent": "31", "entidad": "Yucatán", "mun": "31090", "municipio": "Timucuy", "loc": "310900002", "localidad": "Subincancab", "pob": 1143.0 }, "geometry": { "type": "Point", "coordinates": [ -89.531803999512888, 20.867083000048247 ] } },
{ "type": "Feature", "properties": { "ent": "31", "entidad": "Yucatán", "mun": "31090", "municipio": "Timucuy", "loc": "310900003", "localidad": "Tekik de Regil", "pob": 2080.0 }, "geometry": { "type": "Point", "coordinates": [ -89.560624000204271, 20.817110999869708 ] } },
{ "type": "Feature", "properties": { "ent": "31", "entidad": "Yucatán", "mun": "31090", "municipio": "Timucuy", "loc": "310900021", "localidad": "Kichpachupal", "pob": 20.0 }, "geometry": { "type": "Point", "coordinates": [ -89.524476999558445, 20.812733999845587 ] } },
{ "type": "Feature", "properties": { "ent": "31", "entidad": "Yucatán", "mun": "31091", "municipio": "Tinum", "loc": "310910001", "localidad": "Tinum", "pob": 1929.0 }, "geometry": { "type": "Point", "coordinates": [ -88.391237999843653, 20.767140999612529 ] } },
{ "type": "Feature", "properties": { "ent": "31", "entidad": "Yucatán", "mun": "31091", "municipio": "Tinum", "loc": "310910005", "localidad": "Loop Xul", "pob": 33.0 }, "geometry": { "type": "Point", "coordinates": [ -88.450588000233637, 20.669159999575268 ] } },
{ "type": "Feature", "properties": { "ent": "31", "entidad": "Yucatán", "mun": "31091", "municipio": "Tinum", "loc": "310910006", "localidad": "Pisté", "pob": 6496.0 }, "geometry": { "type": "Point", "coordinates": [ -88.588236000481515, 20.698596999961477 ] } },
{ "type": "Feature", "properties": { "ent": "31", "entidad": "Yucatán", "mun": "31091", "municipio": "Tinum", "loc": "310910008", "localidad": "San Felipe", "pob": 95.0 }, "geometry": { "type": "Point", "coordinates": [ -88.511805000399946, 20.666943999990625 ] } },
{ "type": "Feature", "properties": { "ent": "31", "entidad": "Yucatán", "mun": "31091", "municipio": "Tinum", "loc": "310910009", "localidad": "San Francisco Grande", "pob": 1793.0 }, "geometry": { "type": "Point", "coordinates": [ -88.472290999731285, 20.701039999700996 ] } },
{ "type": "Feature", "properties": { "ent": "31", "entidad": "Yucatán", "mun": "31091", "municipio": "Tinum", "loc": "310910011", "localidad": "Tohopkú", "pob": 676.0 }, "geometry": { "type": "Point", "coordinates": [ -88.464102999565284, 20.653969000162306 ] } },
{ "type": "Feature", "properties": { "ent": "31", "entidad": "Yucatán", "mun": "31091", "municipio": "Tinum", "loc": "310910012", "localidad": "X-Calakoop", "pob": 1494.0 }, "geometry": { "type": "Point", "coordinates": [ -88.526474999956491, 20.652138000312778 ] } },
{ "type": "Feature", "properties": { "ent": "31", "entidad": "Yucatán", "mun": "31091", "municipio": "Tinum", "loc": "310910019", "localidad": "San Fabián", "pob": 21.0 }, "geometry": { "type": "Point", "coordinates": [ -88.511376000419702, 20.650646999879136 ] } },
{ "type": "Feature", "properties": { "ent": "31", "entidad": "Yucatán", "mun": "31091", "municipio": "Tinum", "loc": "310910021", "localidad": "San Felipe Nuevo", "pob": 68.0 }, "geometry": { "type": "Point", "coordinates": [ -88.562932000280696, 20.683724000380121 ] } },
{ "type": "Feature", "properties": { "ent": "31", "entidad": "Yucatán", "mun": "31091", "municipio": "Tinum", "loc": "310910057", "localidad": "Chendzonot", "pob": 40.0 }, "geometry": { "type": "Point", "coordinates": [ -88.636793999560766, 20.630691000019141 ] } },
{ "type": "Feature", "properties": { "ent": "31", "entidad": "Yucatán", "mun": "31091", "municipio": "Tinum", "loc": "310910079", "localidad": "Xmahkabá", "pob": 23.0 }, "geometry": { "type": "Point", "coordinates": [ -88.509544999711153, 20.648162000094423 ] } },
{ "type": "Feature", "properties": { "ent": "31", "entidad": "Yucatán", "mun": "31091", "municipio": "Tinum", "loc": "310910089", "localidad": "San Cristóbal", "pob": 17.0 }, "geometry": { "type": "Point", "coordinates": [ -88.503430000060021, 20.647281000061238 ] } },
{ "type": "Feature", "properties": { "ent": "31", "entidad": "Yucatán", "mun": "31092", "municipio": "Tixcacalcupul", "loc": "310920001", "localidad": "Tixcacalcupul", "pob": 4174.0 }, "geometry": { "type": "Point", "coordinates": [ -88.270266999609262, 20.537088999801718 ] } },
{ "type": "Feature", "properties": { "ent": "31", "entidad": "Yucatán", "mun": "31092", "municipio": "Tixcacalcupul", "loc": "310920002", "localidad": "Carolina", "pob": 49.0 }, "geometry": { "type": "Point", "coordinates": [ -88.301791999745362, 20.35801899965124 ] } },
{ "type": "Feature", "properties": { "ent": "31", "entidad": "Yucatán", "mun": "31092", "municipio": "Tixcacalcupul", "loc": "310920004", "localidad": "Ekpedz", "pob": 1617.0 }, "geometry": { "type": "Point", "coordinates": [ -88.430329000310948, 20.31718399997937 ] } },
{ "type": "Feature", "properties": { "ent": "31", "entidad": "Yucatán", "mun": "31092", "municipio": "Tixcacalcupul", "loc": "310920007", "localidad": "Mahas", "pob": 457.0 }, "geometry": { "type": "Point", "coordinates": [ -88.331892999792785, 20.311209999855542 ] } },
{ "type": "Feature", "properties": { "ent": "31", "entidad": "Yucatán", "mun": "31092", "municipio": "Tixcacalcupul", "loc": "310920009", "localidad": "Poop", "pob": 576.0 }, "geometry": { "type": "Point", "coordinates": [ -88.401194999546362, 20.330742999906143 ] } },
{ "type": "Feature", "properties": { "ent": "31", "entidad": "Yucatán", "mun": "31092", "municipio": "Tixcacalcupul", "loc": "310920019", "localidad": "X-Tohbil", "pob": 405.0 }, "geometry": { "type": "Point", "coordinates": [ -88.268296999642942, 20.304388000046657 ] } },
{ "type": "Feature", "properties": { "ent": "31", "entidad": "Yucatán", "mun": "31092", "municipio": "Tixcacalcupul", "loc": "310920023", "localidad": "San José", "pob": 591.0 }, "geometry": { "type": "Point", "coordinates": [ -88.415438999714226, 20.356117000338166 ] } },
{ "type": "Feature", "properties": { "ent": "31", "entidad": "Yucatán", "mun": "31093", "municipio": "Tixkokob", "loc": "310930001", "localidad": "Tixkokob", "pob": 11904.0 }, "geometry": { "type": "Point", "coordinates": [ -89.395050999933446, 21.002481999952035 ] } },
{ "type": "Feature", "properties": { "ent": "31", "entidad": "Yucatán", "mun": "31093", "municipio": "Tixkokob", "loc": "310930003", "localidad": "San Antonio Millet", "pob": 641.0 }, "geometry": { "type": "Point", "coordinates": [ -89.397618999664431, 20.972830000159593 ] } },
{ "type": "Feature", "properties": { "ent": "31", "entidad": "Yucatán", "mun": "31093", "municipio": "Tixkokob", "loc": "310930004", "localidad": "Ekmul", "pob": 2303.0 }, "geometry": { "type": "Point", "coordinates": [ -89.348985999574168, 20.965337999876024 ] } },
{ "type": "Feature", "properties": { "ent": "31", "entidad": "Yucatán", "mun": "31093", "municipio": "Tixkokob", "loc": "310930005", "localidad": "Euán", "pob": 1291.0 }, "geometry": { "type": "Point", "coordinates": [ -89.341876000302705, 20.997900999931883 ] } },
{ "type": "Feature", "properties": { "ent": "31", "entidad": "Yucatán", "mun": "31093", "municipio": "Tixkokob", "loc": "310930006", "localidad": "Hubilá", "pob": 235.0 }, "geometry": { "type": "Point", "coordinates": [ -89.334680999733223, 20.926244000164854 ] } },
{ "type": "Feature", "properties": { "ent": "31", "entidad": "Yucatán", "mun": "31093", "municipio": "Tixkokob", "loc": "310930007", "localidad": "Kancabchén", "pob": 21.0 }, "geometry": { "type": "Point", "coordinates": [ -89.383092000070661, 21.043329000002295 ] } },
{ "type": "Feature", "properties": { "ent": "31", "entidad": "Yucatán", "mun": "31093", "municipio": "Tixkokob", "loc": "310930009", "localidad": "Nolo", "pob": 1590.0 }, "geometry": { "type": "Point", "coordinates": [ -89.4236439995219, 21.009161000257805 ] } },
{ "type": "Feature", "properties": { "ent": "31", "entidad": "Yucatán", "mun": "31093", "municipio": "Tixkokob", "loc": "310930010", "localidad": "Ruinas de Aké", "pob": 343.0 }, "geometry": { "type": "Point", "coordinates": [ -89.301863999669635, 20.949403000133572 ] } },
{ "type": "Feature", "properties": { "ent": "31", "entidad": "Yucatán", "mun": "31093", "municipio": "Tixkokob", "loc": "310930013", "localidad": "Santa Cruz", "pob": 41.0 }, "geometry": { "type": "Point", "coordinates": [ -89.43527400034867, 21.023638999937486 ] } },
{ "type": "Feature", "properties": { "ent": "31", "entidad": "Yucatán", "mun": "31094", "municipio": "Tixmehuac", "loc": "310940001", "localidad": "Tixmehuac", "pob": 2786.0 }, "geometry": { "type": "Point", "coordinates": [ -89.109001000296431, 20.235721000265965 ] } },
{ "type": "Feature", "properties": { "ent": "31", "entidad": "Yucatán", "mun": "31094", "municipio": "Tixmehuac", "loc": "310940004", "localidad": "Chaltunpuhuy", "pob": 23.0 }, "geometry": { "type": "Point", "coordinates": [ -89.076916999636168, 20.282350999762624 ] } },
{ "type": "Feature", "properties": { "ent": "31", "entidad": "Yucatán", "mun": "31094", "municipio": "Tixmehuac", "loc": "310940005", "localidad": "Chicán", "pob": 705.0 }, "geometry": { "type": "Point", "coordinates": [ -89.159111999510642, 20.338976000188151 ] } },
{ "type": "Feature", "properties": { "ent": "31", "entidad": "Yucatán", "mun": "31094", "municipio": "Tixmehuac", "loc": "310940007", "localidad": "Chuchub", "pob": 34.0 }, "geometry": { "type": "Point", "coordinates": [ -89.075349999752746, 20.35573599967914 ] } },
{ "type": "Feature", "properties": { "ent": "31", "entidad": "Yucatán", "mun": "31094", "municipio": "Tixmehuac", "loc": "310940008", "localidad": "Dzutoh", "pob": 156.0 }, "geometry": { "type": "Point", "coordinates": [ -89.062925999961848, 20.261395000212854 ] } },
{ "type": "Feature", "properties": { "ent": "31", "entidad": "Yucatán", "mun": "31094", "municipio": "Tixmehuac", "loc": "310940010", "localidad": "Kimbilá", "pob": 692.0 }, "geometry": { "type": "Point", "coordinates": [ -89.084914999544793, 20.296399000175885 ] } },
{ "type": "Feature", "properties": { "ent": "31", "entidad": "Yucatán", "mun": "31094", "municipio": "Tixmehuac", "loc": "310940015", "localidad": "Sabacché", "pob": 795.0 }, "geometry": { "type": "Point", "coordinates": [ -89.026887999908226, 20.315762999694424 ] } },
{ "type": "Feature", "properties": { "ent": "31", "entidad": "Yucatán", "mun": "31094", "municipio": "Tixmehuac", "loc": "310940023", "localidad": "Sisbic", "pob": 177.0 }, "geometry": { "type": "Point", "coordinates": [ -89.066534999778384, 20.287719000030265 ] } },
{ "type": "Feature", "properties": { "ent": "31", "entidad": "Yucatán", "mun": "31094", "municipio": "Tixmehuac", "loc": "310940025", "localidad": "Xcohil", "pob": 64.0 }, "geometry": { "type": "Point", "coordinates": [ -89.036118999863916, 20.294430000301265 ] } },
{ "type": "Feature", "properties": { "ent": "31", "entidad": "Yucatán", "mun": "31095", "municipio": "Tixpéhual", "loc": "310950001", "localidad": "Tixpéhual", "pob": 3723.0 }, "geometry": { "type": "Point", "coordinates": [ -89.441902999599606, 20.978168 ] } },
{ "type": "Feature", "properties": { "ent": "31", "entidad": "Yucatán", "mun": "31095", "municipio": "Tixpéhual", "loc": "310950003", "localidad": "Chochoh", "pob": 589.0 }, "geometry": { "type": "Point", "coordinates": [ -89.467137000208865, 20.993393000217885 ] } },
{ "type": "Feature", "properties": { "ent": "31", "entidad": "Yucatán", "mun": "31095", "municipio": "Tixpéhual", "loc": "310950004", "localidad": "Kilinché", "pob": 303.0 }, "geometry": { "type": "Point", "coordinates": [ -89.436850999866081, 20.997221999832028 ] } },
{ "type": "Feature", "properties": { "ent": "31", "entidad": "Yucatán", "mun": "31095", "municipio": "Tixpéhual", "loc": "310950005", "localidad": "Sahé", "pob": 546.0 }, "geometry": { "type": "Point", "coordinates": [ -89.462736999838654, 20.922239000242485 ] } },
{ "type": "Feature", "properties": { "ent": "31", "entidad": "Yucatán", "mun": "31095", "municipio": "Tixpéhual", "loc": "310950006", "localidad": "Techoh", "pob": 386.0 }, "geometry": { "type": "Point", "coordinates": [ -89.521298999995452, 20.972103999911145 ] } },
{ "type": "Feature", "properties": { "ent": "31", "entidad": "Yucatán", "mun": "31095", "municipio": "Tixpéhual", "loc": "310950023", "localidad": "Cucá", "pob": 127.0 }, "geometry": { "type": "Point", "coordinates": [ -89.406584999496133, 20.939850000285567 ] } },
{ "type": "Feature", "properties": { "ent": "31", "entidad": "Yucatán", "mun": "31096", "municipio": "Tizimín", "loc": "310960001", "localidad": "Tizimín", "pob": 52593.0 }, "geometry": { "type": "Point", "coordinates": [ -88.152265999573871, 21.143522999574795 ] } },
{ "type": "Feature", "properties": { "ent": "31", "entidad": "Yucatán", "mun": "31096", "municipio": "Tizimín", "loc": "310960003", "localidad": "Xbohom", "pob": 105.0 }, "geometry": { "type": "Point", "coordinates": [ -88.191848000237002, 21.162735000067357 ] } },
{ "type": "Feature", "properties": { "ent": "31", "entidad": "Yucatán", "mun": "31096", "municipio": "Tizimín", "loc": "310960007", "localidad": "Cenote Azul", "pob": 209.0 }, "geometry": { "type": "Point", "coordinates": [ -87.718532000377451, 21.276055999801752 ] } },
{ "type": "Feature", "properties": { "ent": "31", "entidad": "Yucatán", "mun": "31096", "municipio": "Tizimín", "loc": "310960008", "localidad": "Colonia Yucatán", "pob": 1218.0 }, "geometry": { "type": "Point", "coordinates": [ -87.725487000449107, 21.212246999725473 ] } },
{ "type": "Feature", "properties": { "ent": "31", "entidad": "Yucatán", "mun": "31096", "municipio": "Tizimín", "loc": "310960009", "localidad": "El Cuyo", "pob": 1787.0 }, "geometry": { "type": "Point", "coordinates": [ -87.678140000243104, 21.516858999681663 ] } },
{ "type": "Feature", "properties": { "ent": "31", "entidad": "Yucatán", "mun": "31096", "municipio": "Tizimín", "loc": "310960011", "localidad": "Chan San Antonio", "pob": 517.0 }, "geometry": { "type": "Point", "coordinates": [ -88.240086999693446, 21.222502000007022 ] } },
{ "type": "Feature", "properties": { "ent": "31", "entidad": "Yucatán", "mun": "31096", "municipio": "Tizimín", "loc": "310960013", "localidad": "Chenkekén", "pob": 326.0 }, "geometry": { "type": "Point", "coordinates": [ -88.057633999776641, 21.30390300021525 ] } },
{ "type": "Feature", "properties": { "ent": "31", "entidad": "Yucatán", "mun": "31096", "municipio": "Tizimín", "loc": "310960017", "localidad": "Dzonot Aké", "pob": 459.0 }, "geometry": { "type": "Point", "coordinates": [ -87.93668000017621, 21.236745999577167 ] } },
{ "type": "Feature", "properties": { "ent": "31", "entidad": "Yucatán", "mun": "31096", "municipio": "Tizimín", "loc": "310960018", "localidad": "Dzonot Box", "pob": 98.0 }, "geometry": { "type": "Point", "coordinates": [ -87.90928900014579, 21.32403399978957 ] } },
{ "type": "Feature", "properties": { "ent": "31", "entidad": "Yucatán", "mun": "31096", "municipio": "Tizimín", "loc": "310960019", "localidad": "Dzonot Carretero", "pob": 2290.0 }, "geometry": { "type": "Point", "coordinates": [ -87.878171999966796, 21.402026999850648 ] } },
{ "type": "Feature", "properties": { "ent": "31", "entidad": "Yucatán", "mun": "31096", "municipio": "Tizimín", "loc": "310960021", "localidad": "Dzonot Mezo", "pob": 334.0 }, "geometry": { "type": "Point", "coordinates": [ -87.946609999651855, 21.038911000174814 ] } },
{ "type": "Feature", "properties": { "ent": "31", "entidad": "Yucatán", "mun": "31096", "municipio": "Tizimín", "loc": "310960022", "localidad": "Dzonot Tigre", "pob": 118.0 }, "geometry": { "type": "Point", "coordinates": [ -87.91040100026207, 21.246435999780157 ] } },
{ "type": "Feature", "properties": { "ent": "31", "entidad": "Yucatán", "mun": "31096", "municipio": "Tizimín", "loc": "310960023", "localidad": "El Edén (Yaxic)", "pob": 320.0 }, "geometry": { "type": "Point", "coordinates": [ -87.678843999521817, 21.044487000096435 ] } },
{ "type": "Feature", "properties": { "ent": "31", "entidad": "Yucatán", "mun": "31096", "municipio": "Tizimín", "loc": "310960026", "localidad": "Kikil", "pob": 244.0 }, "geometry": { "type": "Point", "coordinates": [ -88.168341000409796, 21.191053000465125 ] } },
{ "type": "Feature", "properties": { "ent": "31", "entidad": "Yucatán", "mun": "31096", "municipio": "Tizimín", "loc": "310960027", "localidad": "La Libertad", "pob": 102.0 }, "geometry": { "type": "Point", "coordinates": [ -87.780141999708263, 21.252071999749436 ] } },
{ "type": "Feature", "properties": { "ent": "31", "entidad": "Yucatán", "mun": "31096", "municipio": "Tizimín", "loc": "310960029", "localidad": "Manuel Cepeda Peraza", "pob": 443.0 }, "geometry": { "type": "Point", "coordinates": [ -87.652946999573643, 21.231297999882536 ] } },
{ "type": "Feature", "properties": { "ent": "31", "entidad": "Yucatán", "mun": "31096", "municipio": "Tizimín", "loc": "310960031", "localidad": "Moctezuma", "pob": 441.0 }, "geometry": { "type": "Point", "coordinates": [ -87.708015999942916, 21.411250999714504 ] } },
{ "type": "Feature", "properties": { "ent": "31", "entidad": "Yucatán", "mun": "31096", "municipio": "Tizimín", "loc": "310960033", "localidad": "X-Panhatoro", "pob": 273.0 }, "geometry": { "type": "Point", "coordinates": [ -88.10149999968327, 21.320047999565912 ] } },
{ "type": "Feature", "properties": { "ent": "31", "entidad": "Yucatán", "mun": "31096", "municipio": "Tizimín", "loc": "310960034", "localidad": "Popolnáh", "pob": 3504.0 }, "geometry": { "type": "Point", "coordinates": [ -87.564193999724637, 20.993604000101751 ] } },
{ "type": "Feature", "properties": { "ent": "31", "entidad": "Yucatán", "mun": "31096", "municipio": "Tizimín", "loc": "310960039", "localidad": "Samaria", "pob": 210.0 }, "geometry": { "type": "Point", "coordinates": [ -87.748239999845978, 21.26163899953503 ] } },
{ "type": "Feature", "properties": { "ent": "31", "entidad": "Yucatán", "mun": "31096", "municipio": "Tizimín", "loc": "310960041", "localidad": "San Arturo", "pob": 68.0 }, "geometry": { "type": "Point", "coordinates": [ -87.537384000256949, 21.267021000308095 ] } },
{ "type": "Feature", "properties": { "ent": "31", "entidad": "Yucatán", "mun": "31096", "municipio": "Tizimín", "loc": "310960044", "localidad": "San Francisco Yohactún", "pob": 142.0 }, "geometry": { "type": "Point", "coordinates": [ -87.927104000283407, 21.431557000058877 ] } },
{ "type": "Feature", "properties": { "ent": "31", "entidad": "Yucatán", "mun": "31096", "municipio": "Tizimín", "loc": "310960045", "localidad": "San Isidro Kilómetro Catorce (San Isidro)", "pob": 210.0 }, "geometry": { "type": "Point", "coordinates": [ -87.673955999914952, 21.09701399989348 ] } },
{ "type": "Feature", "properties": { "ent": "31", "entidad": "Yucatán", "mun": "31096", "municipio": "Tizimín", "loc": "310960050", "localidad": "San Lorenzo Chiquilá", "pob": 389.0 }, "geometry": { "type": "Point", "coordinates": [ -87.901211999741236, 21.007315000336568 ] } },
{ "type": "Feature", "properties": { "ent": "31", "entidad": "Yucatán", "mun": "31096", "municipio": "Tizimín", "loc": "310960052", "localidad": "San Luis Tzuctuk", "pob": 241.0 }, "geometry": { "type": "Point", "coordinates": [ -87.852646000349026, 21.082202000112041 ] } },
{ "type": "Feature", "properties": { "ent": "31", "entidad": "Yucatán", "mun": "31096", "municipio": "Tizimín", "loc": "310960055", "localidad": "Kalax Yokdzonot", "pob": 104.0 }, "geometry": { "type": "Point", "coordinates": [ -87.890107999580749, 21.328262000243082 ] } },
{ "type": "Feature", "properties": { "ent": "31", "entidad": "Yucatán", "mun": "31096", "municipio": "Tizimín", "loc": "310960058", "localidad": "San Pedro Juárez", "pob": 288.0 }, "geometry": { "type": "Point", "coordinates": [ -87.901330999956869, 21.159139000125542 ] } },
{ "type": "Feature", "properties": { "ent": "31", "entidad": "Yucatán", "mun": "31096", "municipio": "Tizimín", "loc": "310960060", "localidad": "Santa Clara Dzibalkú", "pob": 200.0 }, "geometry": { "type": "Point", "coordinates": [ -88.066381999604232, 21.372826999830643 ] } },
{ "type": "Feature", "properties": { "ent": "31", "entidad": "Yucatán", "mun": "31096", "municipio": "Tizimín", "loc": "310960063", "localidad": "Santa Elena", "pob": 103.0 }, "geometry": { "type": "Point", "coordinates": [ -87.674518000142655, 21.187889999769837 ] } },
{ "type": "Feature", "properties": { "ent": "31", "entidad": "Yucatán", "mun": "31096", "municipio": "Tizimín", "loc": "310960067", "localidad": "Santa Rosa Concepción", "pob": 158.0 }, "geometry": { "type": "Point", "coordinates": [ -87.664019999960786, 21.152108999980268 ] } },
{ "type": "Feature", "properties": { "ent": "31", "entidad": "Yucatán", "mun": "31096", "municipio": "Tizimín", "loc": "310960068", "localidad": "La Sierra", "pob": 455.0 }, "geometry": { "type": "Point", "coordinates": [ -87.71860999992542, 21.197754999789879 ] } },
{ "type": "Feature", "properties": { "ent": "31", "entidad": "Yucatán", "mun": "31096", "municipio": "Tizimín", "loc": "310960069", "localidad": "Sucopó", "pob": 1668.0 }, "geometry": { "type": "Point", "coordinates": [ -88.048770999625063, 21.161161000394802 ] } },
{ "type": "Feature", "properties": { "ent": "31", "entidad": "Yucatán", "mun": "31096", "municipio": "Tizimín", "loc": "310960070", "localidad": "Tezoco Nuevo", "pob": 165.0 }, "geometry": { "type": "Point", "coordinates": [ -87.561612999639493, 21.31042799963085 ] } },
{ "type": "Feature", "properties": { "ent": "31", "entidad": "Yucatán", "mun": "31096", "municipio": "Tizimín", "loc": "310960071", "localidad": "Tixcancal", "pob": 2235.0 }, "geometry": { "type": "Point", "coordinates": [ -87.851476000358588, 21.035336000339104 ] } },
{ "type": "Feature", "properties": { "ent": "31", "entidad": "Yucatán", "mun": "31096", "municipio": "Tizimín", "loc": "310960073", "localidad": "Xkalax de Dzibalkú", "pob": 156.0 }, "geometry": { "type": "Point", "coordinates": [ -87.975486999825932, 21.393147000437761 ] } },
{ "type": "Feature", "properties": { "ent": "31", "entidad": "Yucatán", "mun": "31096", "municipio": "Tizimín", "loc": "310960074", "localidad": "X-Makulán", "pob": 105.0 }, "geometry": { "type": "Point", "coordinates": [ -87.953025000315023, 21.296012999889989 ] } },
{ "type": "Feature", "properties": { "ent": "31", "entidad": "Yucatán", "mun": "31096", "municipio": "Tizimín", "loc": "310960075", "localidad": "X-Pambihá", "pob": 95.0 }, "geometry": { "type": "Point", "coordinates": [ -88.185489000163969, 21.160150000450226 ] } },
{ "type": "Feature", "properties": { "ent": "31", "entidad": "Yucatán", "mun": "31096", "municipio": "Tizimín", "loc": "310960076", "localidad": "Yaxchekú", "pob": 265.0 }, "geometry": { "type": "Point", "coordinates": [ -87.933158000102821, 21.207596999659771 ] } },
{ "type": "Feature", "properties": { "ent": "31", "entidad": "Yucatán", "mun": "31096", "municipio": "Tizimín", "loc": "310960077", "localidad": "Yohactún de Hidalgo", "pob": 351.0 }, "geometry": { "type": "Point", "coordinates": [ -88.020658999669337, 21.417176000146462 ] } },
{ "type": "Feature", "properties": { "ent": "31", "entidad": "Yucatán", "mun": "31096", "municipio": "Tizimín", "loc": "310960142", "localidad": "San Isidro Kancabdzonot", "pob": 121.0 }, "geometry": { "type": "Point", "coordinates": [ -87.933899999829123, 21.007780999718339 ] } },
{ "type": "Feature", "properties": { "ent": "31", "entidad": "Yucatán", "mun": "31096", "municipio": "Tizimín", "loc": "310960213", "localidad": "San José Conde", "pob": 130.0 }, "geometry": { "type": "Point", "coordinates": [ -87.663228999610027, 21.163707999772544 ] } },
{ "type": "Feature", "properties": { "ent": "31", "entidad": "Yucatán", "mun": "31096", "municipio": "Tizimín", "loc": "310960218", "localidad": "San Manuel Kilómetro Once", "pob": 330.0 }, "geometry": { "type": "Point", "coordinates": [ -87.675395999807492, 21.122868000141363 ] } },
{ "type": "Feature", "properties": { "ent": "31", "entidad": "Yucatán", "mun": "31096", "municipio": "Tizimín", "loc": "310960230", "localidad": "San Pedro Bacab", "pob": 169.0 }, "geometry": { "type": "Point", "coordinates": [ -87.654560999667027, 21.296403999817223 ] } },
{ "type": "Feature", "properties": { "ent": "31", "entidad": "Yucatán", "mun": "31096", "municipio": "Tizimín", "loc": "310960314", "localidad": "San Hipólito", "pob": 65.0 }, "geometry": { "type": "Point", "coordinates": [ -87.653166999688636, 21.183793999827135 ] } },
{ "type": "Feature", "properties": { "ent": "31", "entidad": "Yucatán", "mun": "31096", "municipio": "Tizimín", "loc": "310960315", "localidad": "Luis Rosado Vega", "pob": 127.0 }, "geometry": { "type": "Point", "coordinates": [ -87.643010999880843, 21.183839000437075 ] } },
{ "type": "Feature", "properties": { "ent": "31", "entidad": "Yucatán", "mun": "31096", "municipio": "Tizimín", "loc": "310960317", "localidad": "Felipe Carrillo Puerto Dos", "pob": 42.0 }, "geometry": { "type": "Point", "coordinates": [ -87.7249370000836, 21.17295699990586 ] } },
{ "type": "Feature", "properties": { "ent": "31", "entidad": "Yucatán", "mun": "31096", "municipio": "Tizimín", "loc": "310960319", "localidad": "Felipe Carrillo Puerto Número Uno", "pob": 84.0 }, "geometry": { "type": "Point", "coordinates": [ -87.658486999993215, 21.038091000180867 ] } },
{ "type": "Feature", "properties": { "ent": "31", "entidad": "Yucatán", "mun": "31096", "municipio": "Tizimín", "loc": "310960322", "localidad": "San José Montecristo", "pob": 196.0 }, "geometry": { "type": "Point", "coordinates": [ -87.677318000377511, 21.065705999669525 ] } },
{ "type": "Feature", "properties": { "ent": "31", "entidad": "Yucatán", "mun": "31096", "municipio": "Tizimín", "loc": "310960323", "localidad": "Emiliano Zapata", "pob": 94.0 }, "geometry": { "type": "Point", "coordinates": [ -87.737177000289734, 21.202161999746615 ] } },
{ "type": "Feature", "properties": { "ent": "31", "entidad": "Yucatán", "mun": "31096", "municipio": "Tizimín", "loc": "310960327", "localidad": "Francisco Villa", "pob": 47.0 }, "geometry": { "type": "Point", "coordinates": [ -87.68987199991426, 21.231513000030205 ] } },
{ "type": "Feature", "properties": { "ent": "31", "entidad": "Yucatán", "mun": "31096", "municipio": "Tizimín", "loc": "310960329", "localidad": "El Limonar", "pob": 28.0 }, "geometry": { "type": "Point", "coordinates": [ -87.566208000319804, 21.318963000273637 ] } },
{ "type": "Feature", "properties": { "ent": "31", "entidad": "Yucatán", "mun": "31096", "municipio": "Tizimín", "loc": "310960375", "localidad": "Santa Rosa y Anexas", "pob": 611.0 }, "geometry": { "type": "Point", "coordinates": [ -87.747561000153908, 21.311588999890745 ] } },
{ "type": "Feature", "properties": { "ent": "31", "entidad": "Yucatán", "mun": "31096", "municipio": "Tizimín", "loc": "310960377", "localidad": "Santa María", "pob": 530.0 }, "geometry": { "type": "Point", "coordinates": [ -87.744296999636106, 21.354578999611537 ] } },
{ "type": "Feature", "properties": { "ent": "31", "entidad": "Yucatán", "mun": "31096", "municipio": "Tizimín", "loc": "310960398", "localidad": "San Juan Kilómetro Cuatro", "pob": 182.0 }, "geometry": { "type": "Point", "coordinates": [ -87.688762000018613, 21.190141999564144 ] } },
{ "type": "Feature", "properties": { "ent": "31", "entidad": "Yucatán", "mun": "31096", "municipio": "Tizimín", "loc": "310960404", "localidad": "Teapa", "pob": 41.0 }, "geometry": { "type": "Point", "coordinates": [ -87.711150000443666, 21.196804999683284 ] } },
{ "type": "Feature", "properties": { "ent": "31", "entidad": "Yucatán", "mun": "31096", "municipio": "Tizimín", "loc": "310960440", "localidad": "Trascorral", "pob": 122.0 }, "geometry": { "type": "Point", "coordinates": [ -87.755197000295283, 21.014905000444731 ] } },
{ "type": "Feature", "properties": { "ent": "31", "entidad": "Yucatán", "mun": "31096", "municipio": "Tizimín", "loc": "310960470", "localidad": "Santa Ana", "pob": 266.0 }, "geometry": { "type": "Point", "coordinates": [ -87.765118999530742, 21.254855000185422 ] } },
{ "type": "Feature", "properties": { "ent": "31", "entidad": "Yucatán", "mun": "31096", "municipio": "Tizimín", "loc": "310960471", "localidad": "San Andrés", "pob": 324.0 }, "geometry": { "type": "Point", "coordinates": [ -87.691200000365598, 20.985184999742653 ] } },
{ "type": "Feature", "properties": { "ent": "31", "entidad": "Yucatán", "mun": "31096", "municipio": "Tizimín", "loc": "310960497", "localidad": "Kabichén", "pob": 254.0 }, "geometry": { "type": "Point", "coordinates": [ -87.958637999783434, 21.149503999860265 ] } },
{ "type": "Feature", "properties": { "ent": "31", "entidad": "Yucatán", "mun": "31096", "municipio": "Tizimín", "loc": "310960506", "localidad": "Chan Tres Reyes", "pob": 106.0 }, "geometry": { "type": "Point", "coordinates": [ -87.682134999848387, 21.000518000418911 ] } },
{ "type": "Feature", "properties": { "ent": "31", "entidad": "Yucatán", "mun": "31096", "municipio": "Tizimín", "loc": "310960509", "localidad": "Chan Cenote", "pob": 2587.0 }, "geometry": { "type": "Point", "coordinates": [ -87.785213999684871, 20.991601999706532 ] } },
{ "type": "Feature", "properties": { "ent": "31", "entidad": "Yucatán", "mun": "31096", "municipio": "Tizimín", "loc": "310960823", "localidad": "Santa Rita", "pob": 10.0 }, "geometry": { "type": "Point", "coordinates": [ -87.846042999716843, 21.245851999669767 ] } },
{ "type": "Feature", "properties": { "ent": "31", "entidad": "Yucatán", "mun": "31096", "municipio": "Tizimín", "loc": "310960886", "localidad": "Álamo", "pob": 134.0 }, "geometry": { "type": "Point", "coordinates": [ -87.642264999847882, 21.032937999999746 ] } },
{ "type": "Feature", "properties": { "ent": "31", "entidad": "Yucatán", "mun": "31096", "municipio": "Tizimín", "loc": "310960914", "localidad": "Paraíso", "pob": 32.0 }, "geometry": { "type": "Point", "coordinates": [ -87.680168000302956, 21.235510000479561 ] } },
{ "type": "Feature", "properties": { "ent": "31", "entidad": "Yucatán", "mun": "31096", "municipio": "Tizimín", "loc": "310960915", "localidad": "Rancho Grande", "pob": 44.0 }, "geometry": { "type": "Point", "coordinates": [ -87.681149000057914, 21.242286999919614 ] } },
{ "type": "Feature", "properties": { "ent": "31", "entidad": "Yucatán", "mun": "31096", "municipio": "Tizimín", "loc": "310961554", "localidad": "El Cerrito", "pob": 20.0 }, "geometry": { "type": "Point", "coordinates": [ -87.9896380001463, 21.283269999808947 ] } },
{ "type": "Feature", "properties": { "ent": "31", "entidad": "Yucatán", "mun": "31096", "municipio": "Tizimín", "loc": "310961733", "localidad": "Santa María", "pob": 18.0 }, "geometry": { "type": "Point", "coordinates": [ -88.170175000224589, 21.120203000453841 ] } },
{ "type": "Feature", "properties": { "ent": "31", "entidad": "Yucatán", "mun": "31096", "municipio": "Tizimín", "loc": "310961995", "localidad": "Quintana", "pob": 33.0 }, "geometry": { "type": "Point", "coordinates": [ -87.621535999577162, 21.180281000040399 ] } },
{ "type": "Feature", "properties": { "ent": "31", "entidad": "Yucatán", "mun": "31097", "municipio": "Tunkás", "loc": "310970001", "localidad": "Tunkás", "pob": 3004.0 }, "geometry": { "type": "Point", "coordinates": [ -88.752278999877902, 20.902349999648795 ] } },
{ "type": "Feature", "properties": { "ent": "31", "entidad": "Yucatán", "mun": "31097", "municipio": "Tunkás", "loc": "310970005", "localidad": "San José Pibtuch", "pob": 175.0 }, "geometry": { "type": "Point", "coordinates": [ -88.674780999611357, 20.946541000040654 ] } },
{ "type": "Feature", "properties": { "ent": "31", "entidad": "Yucatán", "mun": "31097", "municipio": "Tunkás", "loc": "310970007", "localidad": "San Antonio Chuc", "pob": 353.0 }, "geometry": { "type": "Point", "coordinates": [ -88.779615999537413, 20.813035999817394 ] } },
{ "type": "Feature", "properties": { "ent": "31", "entidad": "Yucatán", "mun": "31097", "municipio": "Tunkás", "loc": "310970068", "localidad": "Onichén", "pob": 118.0 }, "geometry": { "type": "Point", "coordinates": [ -88.840742000396901, 20.835278999689489 ] } },
{ "type": "Feature", "properties": { "ent": "31", "entidad": "Yucatán", "mun": "31098", "municipio": "Tzucacab", "loc": "310980001", "localidad": "Tzucacab", "pob": 10879.0 }, "geometry": { "type": "Point", "coordinates": [ -89.050329999825422, 20.071932000096741 ] } },
{ "type": "Feature", "properties": { "ent": "31", "entidad": "Yucatán", "mun": "31098", "municipio": "Tzucacab", "loc": "310980005", "localidad": "Catmís", "pob": 961.0 }, "geometry": { "type": "Point", "coordinates": [ -88.949375000336943, 19.957392999702041 ] } },
{ "type": "Feature", "properties": { "ent": "31", "entidad": "Yucatán", "mun": "31098", "municipio": "Tzucacab", "loc": "310980006", "localidad": "Caxaytuk", "pob": 436.0 }, "geometry": { "type": "Point", "coordinates": [ -89.133472999925729, 20.090855000177786 ] } },
{ "type": "Feature", "properties": { "ent": "31", "entidad": "Yucatán", "mun": "31098", "municipio": "Tzucacab", "loc": "310980008", "localidad": "Corral", "pob": 388.0 }, "geometry": { "type": "Point", "coordinates": [ -89.004052999670947, 19.812254999745075 ] } },
{ "type": "Feature", "properties": { "ent": "31", "entidad": "Yucatán", "mun": "31098", "municipio": "Tzucacab", "loc": "310980010", "localidad": "Dzemucut", "pob": 42.0 }, "geometry": { "type": "Point", "coordinates": [ -89.05586400033728, 20.118558999902483 ] } },
{ "type": "Feature", "properties": { "ent": "31", "entidad": "Yucatán", "mun": "31098", "municipio": "Tzucacab", "loc": "310980011", "localidad": "Dzí", "pob": 443.0 }, "geometry": { "type": "Point", "coordinates": [ -89.046422000102297, 20.090317999979014 ] } },
{ "type": "Feature", "properties": { "ent": "31", "entidad": "Yucatán", "mun": "31098", "municipio": "Tzucacab", "loc": "310980012", "localidad": "Ek-Balam", "pob": 652.0 }, "geometry": { "type": "Point", "coordinates": [ -89.065052000418461, 20.123394000314207 ] } },
{ "type": "Feature", "properties": { "ent": "31", "entidad": "Yucatán", "mun": "31098", "municipio": "Tzucacab", "loc": "310980022", "localidad": "Noh-Bec", "pob": 400.0 }, "geometry": { "type": "Point", "coordinates": [ -89.041759999528551, 19.87056000021968 ] } },
{ "type": "Feature", "properties": { "ent": "31", "entidad": "Yucatán", "mun": "31098", "municipio": "Tzucacab", "loc": "310980024", "localidad": "San Salvador Piste Akal", "pob": 170.0 }, "geometry": { "type": "Point", "coordinates": [ -89.106113000471851, 19.84205099992738 ] } },
{ "type": "Feature", "properties": { "ent": "31", "entidad": "Yucatán", "mun": "31098", "municipio": "Tzucacab", "loc": "310980025", "localidad": "Polhuacxil", "pob": 149.0 }, "geometry": { "type": "Point", "coordinates": [ -88.995700999787587, 19.8965950003271 ] } },
{ "type": "Feature", "properties": { "ent": "31", "entidad": "Yucatán", "mun": "31098", "municipio": "Tzucacab", "loc": "310980028", "localidad": "Sacbecán", "pob": 276.0 }, "geometry": { "type": "Point", "coordinates": [ -89.037412000152557, 19.913685999945859 ] } },
{ "type": "Feature", "properties": { "ent": "31", "entidad": "Yucatán", "mun": "31098", "municipio": "Tzucacab", "loc": "310980037", "localidad": "Tigre Grande", "pob": 151.0 }, "geometry": { "type": "Point", "coordinates": [ -89.041964000450733, 19.710181999941327 ] } },
{ "type": "Feature", "properties": { "ent": "31", "entidad": "Yucatán", "mun": "31098", "municipio": "Tzucacab", "loc": "310980039", "localidad": "Xcobiakal (Xcobilakal)", "pob": 61.0 }, "geometry": { "type": "Point", "coordinates": [ -88.982556000045022, 19.838549999925036 ] } },
{ "type": "Feature", "properties": { "ent": "31", "entidad": "Yucatán", "mun": "31098", "municipio": "Tzucacab", "loc": "310980043", "localidad": "El Escondido", "pob": 152.0 }, "geometry": { "type": "Point", "coordinates": [ -89.05292800039814, 19.785803000090144 ] } },
{ "type": "Feature", "properties": { "ent": "31", "entidad": "Yucatán", "mun": "31098", "municipio": "Tzucacab", "loc": "310980045", "localidad": "Blanca Flor", "pob": 59.0 }, "geometry": { "type": "Point", "coordinates": [ -89.104977000226185, 19.797160999878518 ] } },
{ "type": "Feature", "properties": { "ent": "31", "entidad": "Yucatán", "mun": "31098", "municipio": "Tzucacab", "loc": "310980050", "localidad": "Montana", "pob": 23.0 }, "geometry": { "type": "Point", "coordinates": [ -88.976805999581089, 19.987898999783202 ] } },
{ "type": "Feature", "properties": { "ent": "31", "entidad": "Yucatán", "mun": "31098", "municipio": "Tzucacab", "loc": "310980080", "localidad": "Huntura Uno", "pob": 11.0 }, "geometry": { "type": "Point", "coordinates": [ -89.105662000365655, 19.782505000474 ] } },
{ "type": "Feature", "properties": { "ent": "31", "entidad": "Yucatán", "mun": "31098", "municipio": "Tzucacab", "loc": "310980099", "localidad": "San Felipe", "pob": 10.0 }, "geometry": { "type": "Point", "coordinates": [ -88.978211000295687, 19.923535000331398 ] } },
{ "type": "Feature", "properties": { "ent": "31", "entidad": "Yucatán", "mun": "31098", "municipio": "Tzucacab", "loc": "310980209", "localidad": "Kaxán Kuxtal", "pob": 13.0 }, "geometry": { "type": "Point", "coordinates": [ -89.060102000451309, 20.119520999932469 ] } },
{ "type": "Feature", "properties": { "ent": "31", "entidad": "Yucatán", "mun": "31099", "municipio": "Uayma", "loc": "310990001", "localidad": "Uayma", "pob": 3460.0 }, "geometry": { "type": "Point", "coordinates": [ -88.317139000168723, 20.717787000313756 ] } },
{ "type": "Feature", "properties": { "ent": "31", "entidad": "Yucatán", "mun": "31099", "municipio": "Uayma", "loc": "310990023", "localidad": "Santa María Aznar", "pob": 654.0 }, "geometry": { "type": "Point", "coordinates": [ -88.319126000186415, 20.825207000199939 ] } },
{ "type": "Feature", "properties": { "ent": "31", "entidad": "Yucatán", "mun": "31099", "municipio": "Uayma", "loc": "310990080", "localidad": "San Lorenzo", "pob": 74.0 }, "geometry": { "type": "Point", "coordinates": [ -88.407550999949976, 20.674309000084197 ] } },
{ "type": "Feature", "properties": { "ent": "31", "entidad": "Yucatán", "mun": "31100", "municipio": "Ucú", "loc": "311000001", "localidad": "Ucú", "pob": 3119.0 }, "geometry": { "type": "Point", "coordinates": [ -89.74643999964799, 21.031734999743549 ] } },
{ "type": "Feature", "properties": { "ent": "31", "entidad": "Yucatán", "mun": "31100", "municipio": "Ucú", "loc": "311000003", "localidad": "Yaxché de Peón", "pob": 910.0 }, "geometry": { "type": "Point", "coordinates": [ -89.756742999533046, 21.044963000166451 ] } },
{ "type": "Feature", "properties": { "ent": "31", "entidad": "Yucatán", "mun": "31101", "municipio": "Umán", "loc": "311010001", "localidad": "Umán", "pob": 56409.0 }, "geometry": { "type": "Point", "coordinates": [ -89.748282999948856, 20.881890000213129 ] } },
{ "type": "Feature", "properties": { "ent": "31", "entidad": "Yucatán", "mun": "31101", "municipio": "Umán", "loc": "311010002", "localidad": "Bolón", "pob": 1489.0 }, "geometry": { "type": "Point", "coordinates": [ -89.832161999897792, 20.849991999695067 ] } },
{ "type": "Feature", "properties": { "ent": "31", "entidad": "Yucatán", "mun": "31101", "municipio": "Umán", "loc": "311010005", "localidad": "Dzibikak", "pob": 1573.0 }, "geometry": { "type": "Point", "coordinates": [ -89.793898000429181, 20.900681000311184 ] } },
{ "type": "Feature", "properties": { "ent": "31", "entidad": "Yucatán", "mun": "31101", "municipio": "Umán", "loc": "311010006", "localidad": "Hotzuc", "pob": 247.0 }, "geometry": { "type": "Point", "coordinates": [ -89.69257600018318, 20.807065000125608 ] } },
{ "type": "Feature", "properties": { "ent": "31", "entidad": "Yucatán", "mun": "31101", "municipio": "Umán", "loc": "311010007", "localidad": "Hunxectamán", "pob": 337.0 }, "geometry": { "type": "Point", "coordinates": [ -89.738736000072549, 20.908046999727997 ] } },
{ "type": "Feature", "properties": { "ent": "31", "entidad": "Yucatán", "mun": "31101", "municipio": "Umán", "loc": "311010009", "localidad": "Oxcum", "pob": 1407.0 }, "geometry": { "type": "Point", "coordinates": [ -89.76309799979812, 20.945070999708182 ] } },
{ "type": "Feature", "properties": { "ent": "31", "entidad": "Yucatán", "mun": "31101", "municipio": "Umán", "loc": "311010010", "localidad": "Oxholón", "pob": 950.0 }, "geometry": { "type": "Point", "coordinates": [ -89.807594999587835, 20.875428000086416 ] } },
{ "type": "Feature", "properties": { "ent": "31", "entidad": "Yucatán", "mun": "31101", "municipio": "Umán", "loc": "311010011", "localidad": "Poxilá", "pob": 888.0 }, "geometry": { "type": "Point", "coordinates": [ -89.80431899993313, 20.81828199958154 ] } },
{ "type": "Feature", "properties": { "ent": "31", "entidad": "Yucatán", "mun": "31101", "municipio": "Umán", "loc": "311010012", "localidad": "San Antonio Chum", "pob": 1015.0 }, "geometry": { "type": "Point", "coordinates": [ -89.860119000321561, 20.877251000074104 ] } },
{ "type": "Feature", "properties": { "ent": "31", "entidad": "Yucatán", "mun": "31101", "municipio": "Umán", "loc": "311010013", "localidad": "San Antonio Mulix", "pob": 41.0 }, "geometry": { "type": "Point", "coordinates": [ -89.754168000339291, 20.668446999778922 ] } },
{ "type": "Feature", "properties": { "ent": "31", "entidad": "Yucatán", "mun": "31101", "municipio": "Umán", "loc": "311010014", "localidad": "Taníl", "pob": 612.0 }, "geometry": { "type": "Point", "coordinates": [ -89.709669999992471, 20.891227999631823 ] } },
{ "type": "Feature", "properties": { "ent": "31", "entidad": "Yucatán", "mun": "31101", "municipio": "Umán", "loc": "311010015", "localidad": "Tebec", "pob": 458.0 }, "geometry": { "type": "Point", "coordinates": [ -89.707868999618611, 20.84410299974282 ] } },
{ "type": "Feature", "properties": { "ent": "31", "entidad": "Yucatán", "mun": "31101", "municipio": "Umán", "loc": "311010016", "localidad": "Ticimul", "pob": 1002.0 }, "geometry": { "type": "Point", "coordinates": [ -89.682026999689668, 20.881357999684255 ] } },
{ "type": "Feature", "properties": { "ent": "31", "entidad": "Yucatán", "mun": "31101", "municipio": "Umán", "loc": "311010017", "localidad": "Xcucul Sur", "pob": 495.0 }, "geometry": { "type": "Point", "coordinates": [ -89.671701000321193, 20.856951000307831 ] } },
{ "type": "Feature", "properties": { "ent": "31", "entidad": "Yucatán", "mun": "31101", "municipio": "Umán", "loc": "311010018", "localidad": "Xtepén", "pob": 552.0 }, "geometry": { "type": "Point", "coordinates": [ -89.743323999978898, 20.823167000325817 ] } },
{ "type": "Feature", "properties": { "ent": "31", "entidad": "Yucatán", "mun": "31101", "municipio": "Umán", "loc": "311010019", "localidad": "Yaxcopoil", "pob": 1262.0 }, "geometry": { "type": "Point", "coordinates": [ -89.722020999617371, 20.745554000388424 ] } },
{ "type": "Feature", "properties": { "ent": "31", "entidad": "Yucatán", "mun": "31101", "municipio": "Umán", "loc": "311010057", "localidad": "Sac Nicté", "pob": 24.0 }, "geometry": { "type": "Point", "coordinates": [ -89.817328999917052, 20.897169999554542 ] } },
{ "type": "Feature", "properties": { "ent": "31", "entidad": "Yucatán", "mun": "31101", "municipio": "Umán", "loc": "311010089", "localidad": "Santa Fe", "pob": 16.0 }, "geometry": { "type": "Point", "coordinates": [ -89.763684999737919, 20.859311999612061 ] } },
{ "type": "Feature", "properties": { "ent": "31", "entidad": "Yucatán", "mun": "31101", "municipio": "Umán", "loc": "311010113", "localidad": "Petec Biltún", "pob": 169.0 }, "geometry": { "type": "Point", "coordinates": [ -89.686754999902334, 20.828237999831252 ] } },
{ "type": "Feature", "properties": { "ent": "31", "entidad": "Yucatán", "mun": "31101", "municipio": "Umán", "loc": "311010240", "localidad": "Don Omar", "pob": 10.0 }, "geometry": { "type": "Point", "coordinates": [ -89.731068000004029, 20.876411000428583 ] } },
{ "type": "Feature", "properties": { "ent": "31", "entidad": "Yucatán", "mun": "31101", "municipio": "Umán", "loc": "311010258", "localidad": "San Gerónimo", "pob": 14.0 }, "geometry": { "type": "Point", "coordinates": [ -89.717174000092243, 20.74196600010325 ] } },
{ "type": "Feature", "properties": { "ent": "31", "entidad": "Yucatán", "mun": "31101", "municipio": "Umán", "loc": "311010285", "localidad": "Yaya I", "pob": 15.0 }, "geometry": { "type": "Point", "coordinates": [ -89.784424000396527, 20.838809000311457 ] } },
{ "type": "Feature", "properties": { "ent": "31", "entidad": "Yucatán", "mun": "31102", "municipio": "Valladolid", "loc": "311020001", "localidad": "Valladolid", "pob": 56494.0 }, "geometry": { "type": "Point", "coordinates": [ -88.200979999695164, 20.689726000307658 ] } },
{ "type": "Feature", "properties": { "ent": "31", "entidad": "Yucatán", "mun": "31102", "municipio": "Valladolid", "loc": "311020036", "localidad": "Chompool", "pob": 19.0 }, "geometry": { "type": "Point", "coordinates": [ -88.030815999660376, 20.77224200012266 ] } },
{ "type": "Feature", "properties": { "ent": "31", "entidad": "Yucatán", "mun": "31102", "municipio": "Valladolid", "loc": "311020044", "localidad": "Dzibil", "pob": 30.0 }, "geometry": { "type": "Point", "coordinates": [ -88.024413000196063, 20.525676999692141 ] } },
{ "type": "Feature", "properties": { "ent": "31", "entidad": "Yucatán", "mun": "31102", "municipio": "Valladolid", "loc": "311020045", "localidad": "Dzitnup", "pob": 1518.0 }, "geometry": { "type": "Point", "coordinates": [ -88.244773999584496, 20.647104000161672 ] } },
{ "type": "Feature", "properties": { "ent": "31", "entidad": "Yucatán", "mun": "31102", "municipio": "Valladolid", "loc": "311020046", "localidad": "Dzoyolá", "pob": 11.0 }, "geometry": { "type": "Point", "coordinates": [ -88.116805999909587, 20.603324999576444 ] } },
{ "type": "Feature", "properties": { "ent": "31", "entidad": "Yucatán", "mun": "31102", "municipio": "Valladolid", "loc": "311020047", "localidad": "Ebtún", "pob": 970.0 }, "geometry": { "type": "Point", "coordinates": [ -88.257634000019195, 20.664943000026803 ] } },
{ "type": "Feature", "properties": { "ent": "31", "entidad": "Yucatán", "mun": "31102", "municipio": "Valladolid", "loc": "311020051", "localidad": "Xkampepén", "pob": 30.0 }, "geometry": { "type": "Point", "coordinates": [ -88.095928999742284, 20.47841499985002 ] } },
{ "type": "Feature", "properties": { "ent": "31", "entidad": "Yucatán", "mun": "31102", "municipio": "Valladolid", "loc": "311020055", "localidad": "Kanxoc", "pob": 3579.0 }, "geometry": { "type": "Point", "coordinates": [ -88.099941000146188, 20.617354999623839 ] } },
{ "type": "Feature", "properties": { "ent": "31", "entidad": "Yucatán", "mun": "31102", "municipio": "Valladolid", "loc": "311020060", "localidad": "Koopchén", "pob": 45.0 }, "geometry": { "type": "Point", "coordinates": [ -88.183062000452907, 20.753715999821694 ] } },
{ "type": "Feature", "properties": { "ent": "31", "entidad": "Yucatán", "mun": "31102", "municipio": "Valladolid", "loc": "311020069", "localidad": "Nohsuytún", "pob": 355.0 }, "geometry": { "type": "Point", "coordinates": [ -88.09653499997367, 20.43515100040306 ] } },
{ "type": "Feature", "properties": { "ent": "31", "entidad": "Yucatán", "mun": "31102", "municipio": "Valladolid", "loc": "311020075", "localidad": "Pixoy", "pob": 1158.0 }, "geometry": { "type": "Point", "coordinates": [ -88.262811000429849, 20.715660999599308 ] } },
{ "type": "Feature", "properties": { "ent": "31", "entidad": "Yucatán", "mun": "31102", "municipio": "Valladolid", "loc": "311020077", "localidad": "Popolá", "pob": 4960.0 }, "geometry": { "type": "Point", "coordinates": [ -88.237860000211711, 20.732481000063373 ] } },
{ "type": "Feature", "properties": { "ent": "31", "entidad": "Yucatán", "mun": "31102", "municipio": "Valladolid", "loc": "311020081", "localidad": "San Andrés X-Bac", "pob": 102.0 }, "geometry": { "type": "Point", "coordinates": [ -88.068244000129113, 20.718499000286805 ] } },
{ "type": "Feature", "properties": { "ent": "31", "entidad": "Yucatán", "mun": "31102", "municipio": "Valladolid", "loc": "311020116", "localidad": "Santa Rosa", "pob": 21.0 }, "geometry": { "type": "Point", "coordinates": [ -88.095698999655113, 20.493133999813189 ] } },
{ "type": "Feature", "properties": { "ent": "31", "entidad": "Yucatán", "mun": "31102", "municipio": "Valladolid", "loc": "311020117", "localidad": "San Vicente", "pob": 19.0 }, "geometry": { "type": "Point", "coordinates": [ -88.072507000290713, 20.717073999950568 ] } },
{ "type": "Feature", "properties": { "ent": "31", "entidad": "Yucatán", "mun": "31102", "municipio": "Valladolid", "loc": "311020119", "localidad": "Sidrakín", "pob": 14.0 }, "geometry": { "type": "Point", "coordinates": [ -87.986099999838672, 20.513500999770017 ] } },
{ "type": "Feature", "properties": { "ent": "31", "entidad": "Yucatán", "mun": "31102", "municipio": "Valladolid", "loc": "311020127", "localidad": "Tahmuy", "pob": 1248.0 }, "geometry": { "type": "Point", "coordinates": [ -88.14220800027654, 20.759257000384679 ] } },
{ "type": "Feature", "properties": { "ent": "31", "entidad": "Yucatán", "mun": "31102", "municipio": "Valladolid", "loc": "311020129", "localidad": "Tesoco", "pob": 1872.0 }, "geometry": { "type": "Point", "coordinates": [ -88.154545000066605, 20.722468999842338 ] } },
{ "type": "Feature", "properties": { "ent": "31", "entidad": "Yucatán", "mun": "31102", "municipio": "Valladolid", "loc": "311020130", "localidad": "Tikuch", "pob": 1654.0 }, "geometry": { "type": "Point", "coordinates": [ -88.112183000513028, 20.703077999631919 ] } },
{ "type": "Feature", "properties": { "ent": "31", "entidad": "Yucatán", "mun": "31102", "municipio": "Valladolid", "loc": "311020132", "localidad": "Tixhualactún", "pob": 1982.0 }, "geometry": { "type": "Point", "coordinates": [ -88.143042999797899, 20.64397400029868 ] } },
{ "type": "Feature", "properties": { "ent": "31", "entidad": "Yucatán", "mun": "31102", "municipio": "Valladolid", "loc": "311020149", "localidad": "X-Cohuó", "pob": 142.0 }, "geometry": { "type": "Point", "coordinates": [ -87.949241000010531, 20.804186000032207 ] } },
{ "type": "Feature", "properties": { "ent": "31", "entidad": "Yucatán", "mun": "31102", "municipio": "Valladolid", "loc": "311020169", "localidad": "X-Mitán", "pob": 33.0 }, "geometry": { "type": "Point", "coordinates": [ -88.076106000144804, 20.69598899984053 ] } },
{ "type": "Feature", "properties": { "ent": "31", "entidad": "Yucatán", "mun": "31102", "municipio": "Valladolid", "loc": "311020174", "localidad": "Xocén", "pob": 2816.0 }, "geometry": { "type": "Point", "coordinates": [ -88.163692000209736, 20.598844000367372 ] } },
{ "type": "Feature", "properties": { "ent": "31", "entidad": "Yucatán", "mun": "31102", "municipio": "Valladolid", "loc": "311020183", "localidad": "Xuilub", "pob": 682.0 }, "geometry": { "type": "Point", "coordinates": [ -88.03003899987263, 20.41755299955199 ] } },
{ "type": "Feature", "properties": { "ent": "31", "entidad": "Yucatán", "mun": "31102", "municipio": "Valladolid", "loc": "311020184", "localidad": "Xunchan", "pob": 13.0 }, "geometry": { "type": "Point", "coordinates": [ -88.133186999775148, 20.745269000224244 ] } },
{ "type": "Feature", "properties": { "ent": "31", "entidad": "Yucatán", "mun": "31102", "municipio": "Valladolid", "loc": "311020187", "localidad": "Yokdzonot", "pob": 33.0 }, "geometry": { "type": "Point", "coordinates": [ -88.020172000334114, 20.65947399998867 ] } },
{ "type": "Feature", "properties": { "ent": "31", "entidad": "Yucatán", "mun": "31102", "municipio": "Valladolid", "loc": "311020188", "localidad": "Yalcobá", "pob": 3052.0 }, "geometry": { "type": "Point", "coordinates": [ -88.038336999574, 20.79067399965605 ] } },
{ "type": "Feature", "properties": { "ent": "31", "entidad": "Yucatán", "mun": "31102", "municipio": "Valladolid", "loc": "311020189", "localidad": "Yalcón", "pob": 249.0 }, "geometry": { "type": "Point", "coordinates": [ -88.157846000417592, 20.679529999799009 ] } },
{ "type": "Feature", "properties": { "ent": "31", "entidad": "Yucatán", "mun": "31102", "municipio": "Valladolid", "loc": "311020192", "localidad": "Yaxché", "pob": 130.0 }, "geometry": { "type": "Point", "coordinates": [ -88.088854000487942, 20.718013999715648 ] } },
{ "type": "Feature", "properties": { "ent": "31", "entidad": "Yucatán", "mun": "31102", "municipio": "Valladolid", "loc": "311020202", "localidad": "Chan Suytum", "pob": 12.0 }, "geometry": { "type": "Point", "coordinates": [ -88.070616999826086, 20.442092000415172 ] } },
{ "type": "Feature", "properties": { "ent": "31", "entidad": "Yucatán", "mun": "31102", "municipio": "Valladolid", "loc": "311020262", "localidad": "San Antonio", "pob": 94.0 }, "geometry": { "type": "Point", "coordinates": [ -88.088629000001617, 20.704946999754071 ] } },
{ "type": "Feature", "properties": { "ent": "31", "entidad": "Yucatán", "mun": "31102", "municipio": "Valladolid", "loc": "311020263", "localidad": "Chan Yokdzonot", "pob": 145.0 }, "geometry": { "type": "Point", "coordinates": [ -88.182876999944796, 20.76873100011068 ] } },
{ "type": "Feature", "properties": { "ent": "31", "entidad": "Yucatán", "mun": "31102", "municipio": "Valladolid", "loc": "311020280", "localidad": "Akabchén", "pob": 61.0 }, "geometry": { "type": "Point", "coordinates": [ -88.018284999899009, 20.775406000083031 ] } },
{ "type": "Feature", "properties": { "ent": "31", "entidad": "Yucatán", "mun": "31102", "municipio": "Valladolid", "loc": "311020300", "localidad": "Chamul", "pob": 67.0 }, "geometry": { "type": "Point", "coordinates": [ -88.065677999621954, 20.377749999676794 ] } },
{ "type": "Feature", "properties": { "ent": "31", "entidad": "Yucatán", "mun": "31102", "municipio": "Valladolid", "loc": "311020302", "localidad": "Chan Hunukú", "pob": 11.0 }, "geometry": { "type": "Point", "coordinates": [ -88.184839999840605, 20.747665999925943 ] } },
{ "type": "Feature", "properties": { "ent": "31", "entidad": "Yucatán", "mun": "31102", "municipio": "Valladolid", "loc": "311020324", "localidad": "Uspib", "pob": 32.0 }, "geometry": { "type": "Point", "coordinates": [ -88.048446000014536, 20.798369000425847 ] } },
{ "type": "Feature", "properties": { "ent": "31", "entidad": "Yucatán", "mun": "31102", "municipio": "Valladolid", "loc": "311020344", "localidad": "Xnohbutún", "pob": 10.0 }, "geometry": { "type": "Point", "coordinates": [ -88.034140999624682, 20.636044000231355 ] } },
{ "type": "Feature", "properties": { "ent": "31", "entidad": "Yucatán", "mun": "31102", "municipio": "Valladolid", "loc": "311020359", "localidad": "Chan Puhuy", "pob": 13.0 }, "geometry": { "type": "Point", "coordinates": [ -88.187548999732414, 20.764608999676987 ] } },
{ "type": "Feature", "properties": { "ent": "31", "entidad": "Yucatán", "mun": "31102", "municipio": "Valladolid", "loc": "311020375", "localidad": "Santo Domingo", "pob": 10.0 }, "geometry": { "type": "Point", "coordinates": [ -88.181292999985274, 20.767046999775026 ] } },
{ "type": "Feature", "properties": { "ent": "31", "entidad": "Yucatán", "mun": "31102", "municipio": "Valladolid", "loc": "311020395", "localidad": "San Pedro Sula", "pob": 13.0 }, "geometry": { "type": "Point", "coordinates": [ -88.088385999767709, 20.708982000170906 ] } },
{ "type": "Feature", "properties": { "ent": "31", "entidad": "Yucatán", "mun": "31102", "municipio": "Valladolid", "loc": "311020397", "localidad": "San Pedro", "pob": 23.0 }, "geometry": { "type": "Point", "coordinates": [ -88.213061000393481, 20.758802000168902 ] } },
{ "type": "Feature", "properties": { "ent": "31", "entidad": "Yucatán", "mun": "31102", "municipio": "Valladolid", "loc": "311020481", "localidad": "X-Bacab", "pob": 65.0 }, "geometry": { "type": "Point", "coordinates": [ -87.980029999632649, 20.792645000283525 ] } },
{ "type": "Feature", "properties": { "ent": "31", "entidad": "Yucatán", "mun": "31102", "municipio": "Valladolid", "loc": "311020483", "localidad": "San Isidro", "pob": 25.0 }, "geometry": { "type": "Point", "coordinates": [ -88.206417000382444, 20.745874999758385 ] } },
{ "type": "Feature", "properties": { "ent": "31", "entidad": "Yucatán", "mun": "31102", "municipio": "Valladolid", "loc": "311020485", "localidad": "San Gerónimo", "pob": 31.0 }, "geometry": { "type": "Point", "coordinates": [ -88.196591999934867, 20.76955700014836 ] } },
{ "type": "Feature", "properties": { "ent": "31", "entidad": "Yucatán", "mun": "31102", "municipio": "Valladolid", "loc": "311020510", "localidad": "San Andrés Kampocolché", "pob": 29.0 }, "geometry": { "type": "Point", "coordinates": [ -88.023314000114198, 20.777077999673306 ] } },
{ "type": "Feature", "properties": { "ent": "31", "entidad": "Yucatán", "mun": "31102", "municipio": "Valladolid", "loc": "311020523", "localidad": "X-Batún", "pob": 20.0 }, "geometry": { "type": "Point", "coordinates": [ -88.060318000333382, 20.549175000122613 ] } },
{ "type": "Feature", "properties": { "ent": "31", "entidad": "Yucatán", "mun": "31102", "municipio": "Valladolid", "loc": "311020538", "localidad": "Zodzilchén", "pob": 115.0 }, "geometry": { "type": "Point", "coordinates": [ -88.12439199987422, 20.747712000305462 ] } },
{ "type": "Feature", "properties": { "ent": "31", "entidad": "Yucatán", "mun": "31102", "municipio": "Valladolid", "loc": "311020539", "localidad": "Chanil", "pob": 41.0 }, "geometry": { "type": "Point", "coordinates": [ -88.121992999748173, 20.745318999944068 ] } },
{ "type": "Feature", "properties": { "ent": "31", "entidad": "Yucatán", "mun": "31102", "municipio": "Valladolid", "loc": "311020554", "localidad": "Santa Rosa", "pob": 11.0 }, "geometry": { "type": "Point", "coordinates": [ -87.950063999819591, 20.501388999561296 ] } },
{ "type": "Feature", "properties": { "ent": "31", "entidad": "Yucatán", "mun": "31102", "municipio": "Valladolid", "loc": "311020580", "localidad": "El Gato Negro", "pob": 21.0 }, "geometry": { "type": "Point", "coordinates": [ -88.167255999935421, 20.694594999539991 ] } },
{ "type": "Feature", "properties": { "ent": "31", "entidad": "Yucatán", "mun": "31102", "municipio": "Valladolid", "loc": "311020605", "localidad": "Suytún", "pob": 17.0 }, "geometry": { "type": "Point", "coordinates": [ -88.162444999837845, 20.739872999898957 ] } },
{ "type": "Feature", "properties": { "ent": "31", "entidad": "Yucatán", "mun": "31102", "municipio": "Valladolid", "loc": "311020608", "localidad": "Tepakán", "pob": 57.0 }, "geometry": { "type": "Point", "coordinates": [ -88.166477999734212, 20.742740999521587 ] } },
{ "type": "Feature", "properties": { "ent": "31", "entidad": "Yucatán", "mun": "31102", "municipio": "Valladolid", "loc": "311020621", "localidad": "Timas", "pob": 20.0 }, "geometry": { "type": "Point", "coordinates": [ -87.991616000039144, 20.486915999853089 ] } },
{ "type": "Feature", "properties": { "ent": "31", "entidad": "Yucatán", "mun": "31102", "municipio": "Valladolid", "loc": "311020631", "localidad": "Bolmay", "pob": 395.0 }, "geometry": { "type": "Point", "coordinates": [ -87.934761000009559, 20.549029000209039 ] } },
{ "type": "Feature", "properties": { "ent": "31", "entidad": "Yucatán", "mun": "31102", "municipio": "Valladolid", "loc": "311020652", "localidad": "San Pedro", "pob": 10.0 }, "geometry": { "type": "Point", "coordinates": [ -88.158308999650117, 20.742820000043622 ] } },
{ "type": "Feature", "properties": { "ent": "31", "entidad": "Yucatán", "mun": "31102", "municipio": "Valladolid", "loc": "311020655", "localidad": "Santa Eleuteria", "pob": 77.0 }, "geometry": { "type": "Point", "coordinates": [ -88.330956999707837, 20.668886999685014 ] } },
{ "type": "Feature", "properties": { "ent": "31", "entidad": "Yucatán", "mun": "31102", "municipio": "Valladolid", "loc": "311020671", "localidad": "Yaax-Hal", "pob": 262.0 }, "geometry": { "type": "Point", "coordinates": [ -88.027831999798821, 20.831350999775935 ] } },
{ "type": "Feature", "properties": { "ent": "31", "entidad": "Yucatán", "mun": "31102", "municipio": "Valladolid", "loc": "311020745", "localidad": "Chanyokdzonot Dos", "pob": 85.0 }, "geometry": { "type": "Point", "coordinates": [ -88.200509999827318, 20.73567299998556 ] } },
{ "type": "Feature", "properties": { "ent": "31", "entidad": "Yucatán", "mun": "31102", "municipio": "Valladolid", "loc": "311020848", "localidad": "Ninguno [Rancho Ganadero]", "pob": 10.0 }, "geometry": { "type": "Point", "coordinates": [ -88.188913000079495, 20.659968999959521 ] } },
{ "type": "Feature", "properties": { "ent": "31", "entidad": "Yucatán", "mun": "31102", "municipio": "Valladolid", "loc": "311020868", "localidad": "San Luis Potosí", "pob": 14.0 }, "geometry": { "type": "Point", "coordinates": [ -88.137270000329011, 20.757401000344402 ] } },
{ "type": "Feature", "properties": { "ent": "31", "entidad": "Yucatán", "mun": "31103", "municipio": "Xocchel", "loc": "311030001", "localidad": "Xocchel", "pob": 3447.0 }, "geometry": { "type": "Point", "coordinates": [ -89.18371900009123, 20.833489000137163 ] } },
{ "type": "Feature", "properties": { "ent": "31", "entidad": "Yucatán", "mun": "31104", "municipio": "Yaxcabá", "loc": "311040001", "localidad": "Yaxcabá", "pob": 3310.0 }, "geometry": { "type": "Point", "coordinates": [ -88.827205999783359, 20.549126000116654 ] } },
{ "type": "Feature", "properties": { "ent": "31", "entidad": "Yucatán", "mun": "31104", "municipio": "Yaxcabá", "loc": "311040002", "localidad": "Canakom", "pob": 476.0 }, "geometry": { "type": "Point", "coordinates": [ -88.761935999533861, 20.441488000385053 ] } },
{ "type": "Feature", "properties": { "ent": "31", "entidad": "Yucatán", "mun": "31104", "municipio": "Yaxcabá", "loc": "311040010", "localidad": "Tinuncah", "pob": 174.0 }, "geometry": { "type": "Point", "coordinates": [ -88.682799000338136, 20.262554999695165 ] } },
{ "type": "Feature", "properties": { "ent": "31", "entidad": "Yucatán", "mun": "31104", "municipio": "Yaxcabá", "loc": "311040011", "localidad": "Cipché", "pob": 59.0 }, "geometry": { "type": "Point", "coordinates": [ -88.597036999945217, 20.312062999905805 ] } },
{ "type": "Feature", "properties": { "ent": "31", "entidad": "Yucatán", "mun": "31104", "municipio": "Yaxcabá", "loc": "311040018", "localidad": "San Pedro", "pob": 201.0 }, "geometry": { "type": "Point", "coordinates": [ -88.722363000105304, 20.390486999574932 ] } },
{ "type": "Feature", "properties": { "ent": "31", "entidad": "Yucatán", "mun": "31104", "municipio": "Yaxcabá", "loc": "311040019", "localidad": "Tiholop", "pob": 1605.0 }, "geometry": { "type": "Point", "coordinates": [ -88.688901999858274, 20.331721999816327 ] } },
{ "type": "Feature", "properties": { "ent": "31", "entidad": "Yucatán", "mun": "31104", "municipio": "Yaxcabá", "loc": "311040021", "localidad": "Xlapak", "pob": 175.0 }, "geometry": { "type": "Point", "coordinates": [ -88.628967999549388, 20.256313999868212 ] } },
{ "type": "Feature", "properties": { "ent": "31", "entidad": "Yucatán", "mun": "31104", "municipio": "Yaxcabá", "loc": "311040027", "localidad": "Yokdzonot-Hú", "pob": 78.0 }, "geometry": { "type": "Point", "coordinates": [ -88.642755999676908, 20.460305000288887 ] } },
{ "type": "Feature", "properties": { "ent": "31", "entidad": "Yucatán", "mun": "31104", "municipio": "Yaxcabá", "loc": "311040031", "localidad": "Huechen Balam", "pob": 186.0 }, "geometry": { "type": "Point", "coordinates": [ -88.681360000485839, 20.394270999898829 ] } },
{ "type": "Feature", "properties": { "ent": "31", "entidad": "Yucatán", "mun": "31104", "municipio": "Yaxcabá", "loc": "311040032", "localidad": "Libre Unión", "pob": 1901.0 }, "geometry": { "type": "Point", "coordinates": [ -88.809971999720943, 20.707354999910049 ] } },
{ "type": "Feature", "properties": { "ent": "31", "entidad": "Yucatán", "mun": "31104", "municipio": "Yaxcabá", "loc": "311040035", "localidad": "Yokdzonot", "pob": 787.0 }, "geometry": { "type": "Point", "coordinates": [ -88.7310269997609, 20.710832999671329 ] } },
{ "type": "Feature", "properties": { "ent": "31", "entidad": "Yucatán", "mun": "31104", "municipio": "Yaxcabá", "loc": "311040036", "localidad": "Nachicocom", "pob": 24.0 }, "geometry": { "type": "Point", "coordinates": [ -88.76055899966947, 20.707105000102164 ] } },
{ "type": "Feature", "properties": { "ent": "31", "entidad": "Yucatán", "mun": "31104", "municipio": "Yaxcabá", "loc": "311040041", "localidad": "X-Mexil", "pob": 106.0 }, "geometry": { "type": "Point", "coordinates": [ -88.735993999760893, 20.657217000358102 ] } },
{ "type": "Feature", "properties": { "ent": "31", "entidad": "Yucatán", "mun": "31104", "municipio": "Yaxcabá", "loc": "311040043", "localidad": "Yaxunah", "pob": 755.0 }, "geometry": { "type": "Point", "coordinates": [ -88.67653399992686, 20.541022000209143 ] } },
{ "type": "Feature", "properties": { "ent": "31", "entidad": "Yucatán", "mun": "31104", "municipio": "Yaxcabá", "loc": "311040045", "localidad": "Chimay", "pob": 116.0 }, "geometry": { "type": "Point", "coordinates": [ -88.727669000057219, 20.540647000018946 ] } },
{ "type": "Feature", "properties": { "ent": "31", "entidad": "Yucatán", "mun": "31104", "municipio": "Yaxcabá", "loc": "311040047", "localidad": "Santa María", "pob": 218.0 }, "geometry": { "type": "Point", "coordinates": [ -88.660668000405479, 20.505456000057112 ] } },
{ "type": "Feature", "properties": { "ent": "31", "entidad": "Yucatán", "mun": "31104", "municipio": "Yaxcabá", "loc": "311040051", "localidad": "Kancabdzonot", "pob": 981.0 }, "geometry": { "type": "Point", "coordinates": [ -88.711280000261866, 20.5094780000009 ] } },
{ "type": "Feature", "properties": { "ent": "31", "entidad": "Yucatán", "mun": "31104", "municipio": "Yaxcabá", "loc": "311040052", "localidad": "Tixcacaltuyub", "pob": 2609.0 }, "geometry": { "type": "Point", "coordinates": [ -88.917557000352119, 20.493150000314134 ] } },
{ "type": "Feature", "properties": { "ent": "31", "entidad": "Yucatán", "mun": "31104", "municipio": "Yaxcabá", "loc": "311040054", "localidad": "San Marcos", "pob": 225.0 }, "geometry": { "type": "Point", "coordinates": [ -88.650088999570968, 20.25719799952352 ] } },
{ "type": "Feature", "properties": { "ent": "31", "entidad": "Yucatán", "mun": "31104", "municipio": "Yaxcabá", "loc": "311040056", "localidad": "Popolá", "pob": 234.0 }, "geometry": { "type": "Point", "coordinates": [ -88.65027299988779, 20.595597999671025 ] } },
{ "type": "Feature", "properties": { "ent": "31", "entidad": "Yucatán", "mun": "31104", "municipio": "Yaxcabá", "loc": "311040060", "localidad": "Tahdzibichén", "pob": 1717.0 }, "geometry": { "type": "Point", "coordinates": [ -88.831711999844629, 20.450097999842143 ] } },
{ "type": "Feature", "properties": { "ent": "31", "entidad": "Yucatán", "mun": "31104", "municipio": "Yaxcabá", "loc": "311040064", "localidad": "Sahcabá", "pob": 18.0 }, "geometry": { "type": "Point", "coordinates": [ -88.848542999861763, 20.374168999588491 ] } },
{ "type": "Feature", "properties": { "ent": "31", "entidad": "Yucatán", "mun": "31104", "municipio": "Yaxcabá", "loc": "311040067", "localidad": "Cisteil", "pob": 129.0 }, "geometry": { "type": "Point", "coordinates": [ -88.845132999891803, 20.32015699986567 ] } },
{ "type": "Feature", "properties": { "ent": "31", "entidad": "Yucatán", "mun": "31104", "municipio": "Yaxcabá", "loc": "311040131", "localidad": "X-Pom", "pob": 104.0 }, "geometry": { "type": "Point", "coordinates": [ -88.867821999757481, 20.36106200042601 ] } },
{ "type": "Feature", "properties": { "ent": "31", "entidad": "Yucatán", "mun": "31104", "municipio": "Yaxcabá", "loc": "311040169", "localidad": "Santa María", "pob": 66.0 }, "geometry": { "type": "Point", "coordinates": [ -88.904961000047948, 20.395770999662304 ] } },
{ "type": "Feature", "properties": { "ent": "31", "entidad": "Yucatán", "mun": "31104", "municipio": "Yaxcabá", "loc": "311040198", "localidad": "Xtojil", "pob": 16.0 }, "geometry": { "type": "Point", "coordinates": [ -88.905900000468748, 20.359404999916716 ] } },
{ "type": "Feature", "properties": { "ent": "31", "entidad": "Yucatán", "mun": "31104", "municipio": "Yaxcabá", "loc": "311040203", "localidad": "San Arnulfo", "pob": 18.0 }, "geometry": { "type": "Point", "coordinates": [ -88.880226000330595, 20.346006999705534 ] } },
{ "type": "Feature", "properties": { "ent": "31", "entidad": "Yucatán", "mun": "31104", "municipio": "Yaxcabá", "loc": "311040237", "localidad": "Santa Isabel", "pob": 14.0 }, "geometry": { "type": "Point", "coordinates": [ -88.73859600042033, 20.655919999973221 ] } },
{ "type": "Feature", "properties": { "ent": "31", "entidad": "Yucatán", "mun": "31105", "municipio": "Yaxkukul", "loc": "311050001", "localidad": "Yaxkukul", "pob": 3197.0 }, "geometry": { "type": "Point", "coordinates": [ -89.419237999972964, 21.063479000105399 ] } },
{ "type": "Feature", "properties": { "ent": "31", "entidad": "Yucatán", "mun": "31105", "municipio": "Yaxkukul", "loc": "311050007", "localidad": "San Francisco", "pob": 24.0 }, "geometry": { "type": "Point", "coordinates": [ -89.418893999809868, 21.043080999561585 ] } },
{ "type": "Feature", "properties": { "ent": "31", "entidad": "Yucatán", "mun": "31105", "municipio": "Yaxkukul", "loc": "311050023", "localidad": "Aldea Conkal", "pob": 24.0 }, "geometry": { "type": "Point", "coordinates": [ -89.487351999706561, 21.057698000149784 ] } },
{ "type": "Feature", "properties": { "ent": "31", "entidad": "Yucatán", "mun": "31105", "municipio": "Yaxkukul", "loc": "311050027", "localidad": "Ya'ax Lu'um", "pob": 11.0 }, "geometry": { "type": "Point", "coordinates": [ -89.491770999693188, 21.058303999958806 ] } },
{ "type": "Feature", "properties": { "ent": "31", "entidad": "Yucatán", "mun": "31105", "municipio": "Yaxkukul", "loc": "311050042", "localidad": "Andrés Morales", "pob": 17.0 }, "geometry": { "type": "Point", "coordinates": [ -89.422222000204144, 21.067639999675304 ] } },
{ "type": "Feature", "properties": { "ent": "31", "entidad": "Yucatán", "mun": "31105", "municipio": "Yaxkukul", "loc": "311050044", "localidad": "Chester", "pob": 13.0 }, "geometry": { "type": "Point", "coordinates": [ -89.421496999749451, 21.068989000419144 ] } },
{ "type": "Feature", "properties": { "ent": "31", "entidad": "Yucatán", "mun": "31106", "municipio": "Yobaín", "loc": "311060001", "localidad": "Yobaín", "pob": 1876.0 }, "geometry": { "type": "Point", "coordinates": [ -89.116500000179485, 21.233467000095736 ] } },
{ "type": "Feature", "properties": { "ent": "31", "entidad": "Yucatán", "mun": "31106", "municipio": "Yobaín", "loc": "311060002", "localidad": "Chabihau", "pob": 329.0 }, "geometry": { "type": "Point", "coordinates": [ -89.117918999642228, 21.356281999870077 ] } }
]
}
